Batch size per GPU : 2
[W socket.cpp:426] [c10d] The server socket has failed to bind to [::]:60001 (errno: 98 - Address already in use).
[W socket.cpp:426] [c10d] The server socket has failed to bind to 0.0.0.0:60001 (errno: 98 - Address already in use).
[E socket.cpp:462] [c10d] The server socket has failed to listen on any local network address.
Traceback (most recent call last):
  File "/home/xintong/EnCodec_Trainer/training_adapter_multiproc.py", line 194, in <module>
    main(params)
  File "/home/xintong/EnCodec_Trainer/training_adapter_multiproc.py", line 76, in main
    mp.spawn(run, nprocs=n_gpus, args=(n_gpus,))
  File "/home/xintong/miniconda3/envs/gradtts/lib/python3.10/site-packages/torch/multiprocessing/spawn.py", line 240, in spawn
    return start_processes(fn, args, nprocs, join, daemon, start_method='spawn')
  File "/home/xintong/miniconda3/envs/gradtts/lib/python3.10/site-packages/torch/multiprocessing/spawn.py", line 198, in start_processes
    while not context.join():
  File "/home/xintong/miniconda3/envs/gradtts/lib/python3.10/site-packages/torch/multiprocessing/spawn.py", line 160, in join
    raise ProcessRaisedException(msg, error_index, failed_process.pid)
torch.multiprocessing.spawn.ProcessRaisedException: 

-- Process 0 terminated with the following error:
Traceback (most recent call last):
  File "/home/xintong/miniconda3/envs/gradtts/lib/python3.10/site-packages/torch/multiprocessing/spawn.py", line 69, in _wrap
    fn(i, *args)
  File "/home/xintong/EnCodec_Trainer/training_adapter_multiproc.py", line 79, in run
    dist.init_process_group(
  File "/home/xintong/miniconda3/envs/gradtts/lib/python3.10/site-packages/torch/distributed/distributed_c10d.py", line 754, in init_process_group
    store, rank, world_size = next(rendezvous_iterator)
  File "/home/xintong/miniconda3/envs/gradtts/lib/python3.10/site-packages/torch/distributed/rendezvous.py", line 246, in _env_rendezvous_handler
    store = _create_c10d_store(master_addr, master_port, rank, world_size, timeout)
  File "/home/xintong/miniconda3/envs/gradtts/lib/python3.10/site-packages/torch/distributed/rendezvous.py", line 177, in _create_c10d_store
    return TCPStore(
RuntimeError: The server socket has failed to listen on any local network address. The server socket has failed to bind to [::]:60001 (errno: 98 - Address already in use). The server socket has failed to bind to 0.0.0.0:60001 (errno: 98 - Address already in use).

Batch size per GPU : 2
Set devices ...
Initializing data loaders...
[3002, 16022, 3345, 2677, 2076, 1474, 1219, 859, 2547]
----------------------------------------Epoch: 1----------------------------------------
[3002, 16022, 3345, 2677, 2076, 1474, 1219, 859, 2547]
----------------------------------------Epoch: 1----------------------------------------
[3002, 16022, 3345, 2677, 2076, 1474, 1219, 859, 2547]
----------------------------------------Epoch: 1----------------------------------------
[3002, 16022, 3345, 2677, 2076, 1474, 1219, 859, 2547]
----------------------------------------Epoch: 1----------------------------------------
[W reducer.cpp:1298] Warning: find_unused_parameters=True was specified in DDP constructor, but did not find any unused parameters in the forward pass. This flag results in an extra traversal of the autograd graph every iteration,  which can adversely affect performance. If your model indeed never has any unused parameters in the forward pass, consider turning this flag off. Note that this warning may be a false positive if your model has flow control causing later iterations to have unused parameters. (function operator())
[W reducer.cpp:1298] Warning: find_unused_parameters=True was specified in DDP constructor, but did not find any unused parameters in the forward pass. This flag results in an extra traversal of the autograd graph every iteration,  which can adversely affect performance. If your model indeed never has any unused parameters in the forward pass, consider turning this flag off. Note that this warning may be a false positive if your model has flow control causing later iterations to have unused parameters. (function operator())
[W reducer.cpp:1298] Warning: find_unused_parameters=True was specified in DDP constructor, but did not find any unused parameters in the forward pass. This flag results in an extra traversal of the autograd graph every iteration,  which can adversely affect performance. If your model indeed never has any unused parameters in the forward pass, consider turning this flag off. Note that this warning may be a false positive if your model has flow control causing later iterations to have unused parameters. (function operator())
[W reducer.cpp:1298] Warning: find_unused_parameters=True was specified in DDP constructor, but did not find any unused parameters in the forward pass. This flag results in an extra traversal of the autograd graph every iteration,  which can adversely affect performance. If your model indeed never has any unused parameters in the forward pass, consider turning this flag off. Note that this warning may be a false positive if your model has flow control causing later iterations to have unused parameters. (function operator())
Exception ignored in: <function _MultiProcessingDataLoaderIter.__del__ at 0x7f39c19fed40>
Traceback (most recent call last):
  File "/home/xintong/miniconda3/envs/gradtts/lib/python3.10/site-packages/torch/utils/data/dataloader.py", line 1466, in __del__
    self._shutdown_workers()
  File "/home/xintong/miniconda3/envs/gradtts/lib/python3.10/site-packages/torch/utils/data/dataloader.py", line 1449, in _shutdown_workers
    if w.is_alive():
  File "/home/xintong/miniconda3/envs/gradtts/lib/python3.10/multiprocessing/process.py", line 165, in is_alive
    returncode = self._popen.poll()
  File "/home/xintong/miniconda3/envs/gradtts/lib/python3.10/multiprocessing/popen_fork.py", line 27, in poll
    pid, sts = os.waitpid(self.pid, flag)
KeyboardInterrupt: 
Process SpawnProcess-3:
Traceback (most recent call last):
  File "/home/xintong/miniconda3/envs/gradtts/lib/python3.10/multiprocessing/process.py", line 314, in _bootstrap
    self.run()
  File "/home/xintong/miniconda3/envs/gradtts/lib/python3.10/multiprocessing/process.py", line 108, in run
    self._target(*self._args, **self._kwargs)
KeyboardInterrupt
/home/xintong/miniconda3/envs/gradtts/lib/python3.10/multiprocessing/resource_tracker.py:224: UserWarning: resource_tracker: There appear to be 104 leaked semaphore objects to clean up at shutdown
  warnings.warn('resource_tracker: There appear to be %d '
Batch size per GPU : 2
Set devices ...
Initializing data loaders...
[3002, 16022, 3345, 2677, 2076, 1474, 1219, 859, 2547]
----------------------------------------Epoch: 1----------------------------------------
[3002, 16022, 3345, 2677, 2076, 1474, 1219, 859, 2547]
----------------------------------------Epoch: 1----------------------------------------
[3002, 16022, 3345, 2677, 2076, 1474, 1219, 859, 2547]
----------------------------------------Epoch: 1----------------------------------------
[3002, 16022, 3345, 2677, 2076, 1474, 1219, 859, 2547]
----------------------------------------Epoch: 1----------------------------------------
Train Epoch: 1 steps: 0 / 4152 loss: 0.710106372833252
Train Epoch: 1 steps: 10 / 4152 loss: 6.536401987075806
Train Epoch: 1 steps: 20 / 4152 loss: 6.28149037361145
Train Epoch: 1 steps: 30 / 4152 loss: 6.1018072128295895
Train Epoch: 1 steps: 40 / 4152 loss: 5.936706638336181
Train Epoch: 1 steps: 50 / 4152 loss: 5.892505025863647
Train Epoch: 1 steps: 60 / 4152 loss: 5.78398551940918
Train Epoch: 1 steps: 70 / 4152 loss: 5.819734811782837
Train Epoch: 1 steps: 80 / 4152 loss: 5.695845079421997
Train Epoch: 1 steps: 90 / 4152 loss: 5.6478148937225345
Train Epoch: 1 steps: 100 / 4152 loss: 5.681368350982666
Train Epoch: 1 steps: 110 / 4152 loss: 5.680418491363525
Train Epoch: 1 steps: 120 / 4152 loss: 5.6782433032989506
Train Epoch: 1 steps: 130 / 4152 loss: 5.72193922996521
Train Epoch: 1 steps: 140 / 4152 loss: 5.646437788009644
Train Epoch: 1 steps: 150 / 4152 loss: 5.7413472652435305
Train Epoch: 1 steps: 160 / 4152 loss: 5.619744491577149
Train Epoch: 1 steps: 170 / 4152 loss: 5.666594362258911
Train Epoch: 1 steps: 180 / 4152 loss: 5.677902555465698
Train Epoch: 1 steps: 190 / 4152 loss: 5.690300607681275
Train Epoch: 1 steps: 200 / 4152 loss: 5.587294244766236
Train Epoch: 1 steps: 210 / 4152 loss: 5.57037763595581
Train Epoch: 1 steps: 220 / 4152 loss: 5.497966146469116
Train Epoch: 1 steps: 230 / 4152 loss: 5.411036634445191
Train Epoch: 1 steps: 240 / 4152 loss: 5.3611808776855465
Train Epoch: 1 steps: 250 / 4152 loss: 5.332665300369262
Train Epoch: 1 steps: 260 / 4152 loss: 5.336900281906128
Train Epoch: 1 steps: 270 / 4152 loss: 5.292498016357422
Train Epoch: 1 steps: 280 / 4152 loss: 5.211099243164062
Train Epoch: 1 steps: 290 / 4152 loss: 5.1613081932067875
Train Epoch: 1 steps: 300 / 4152 loss: 4.9807356834411625
Train Epoch: 1 steps: 310 / 4152 loss: 5.028152275085449
Train Epoch: 1 steps: 320 / 4152 loss: 5.096816968917847
Train Epoch: 1 steps: 330 / 4152 loss: 5.034478664398193
Train Epoch: 1 steps: 340 / 4152 loss: 5.017107725143433
Train Epoch: 1 steps: 350 / 4152 loss: 4.952159261703491
Train Epoch: 1 steps: 360 / 4152 loss: 4.899341630935669
Train Epoch: 1 steps: 370 / 4152 loss: 4.871943378448487
Train Epoch: 1 steps: 380 / 4152 loss: 4.813245058059692
Train Epoch: 1 steps: 390 / 4152 loss: 4.820651245117188
Train Epoch: 1 steps: 400 / 4152 loss: 4.8676337718963625
Train Epoch: 1 steps: 410 / 4152 loss: 4.801986360549927
Train Epoch: 1 steps: 420 / 4152 loss: 4.698802852630616
Train Epoch: 1 steps: 430 / 4152 loss: 4.756407833099365
Train Epoch: 1 steps: 440 / 4152 loss: 4.723871278762817
Train Epoch: 1 steps: 450 / 4152 loss: 4.717223215103149
Train Epoch: 1 steps: 460 / 4152 loss: 4.814503812789917
Train Epoch: 1 steps: 470 / 4152 loss: 4.680636262893676
Train Epoch: 1 steps: 480 / 4152 loss: 4.72115797996521
Train Epoch: 1 steps: 490 / 4152 loss: 4.694076728820801
Train Epoch: 1 steps: 500 / 4152 loss: 4.633267545700074
Train Epoch: 1 steps: 510 / 4152 loss: 4.713429164886475
Train Epoch: 1 steps: 520 / 4152 loss: 4.621130800247192
Train Epoch: 1 steps: 530 / 4152 loss: 4.571521329879761
Train Epoch: 1 steps: 540 / 4152 loss: 4.506476783752442
Train Epoch: 1 steps: 550 / 4152 loss: 4.60136046409607
Train Epoch: 1 steps: 560 / 4152 loss: 4.643926572799683
Train Epoch: 1 steps: 570 / 4152 loss: 4.557924222946167
Train Epoch: 1 steps: 580 / 4152 loss: 4.619373321533203
Train Epoch: 1 steps: 590 / 4152 loss: 4.524284172058105
Train Epoch: 1 steps: 600 / 4152 loss: 4.620811986923218
Train Epoch: 1 steps: 610 / 4152 loss: 4.556563138961792
Train Epoch: 1 steps: 620 / 4152 loss: 4.495815324783325
Train Epoch: 1 steps: 630 / 4152 loss: 4.4590002536773685
Train Epoch: 1 steps: 640 / 4152 loss: 4.548833513259888
Train Epoch: 1 steps: 650 / 4152 loss: 4.043554353713989
Train Epoch: 1 steps: 660 / 4152 loss: 4.481299781799317
Train Epoch: 1 steps: 670 / 4152 loss: 4.4605871677398685
Train Epoch: 1 steps: 680 / 4152 loss: 4.5137255668640135
Train Epoch: 1 steps: 690 / 4152 loss: 4.431326580047608
Train Epoch: 1 steps: 700 / 4152 loss: 4.578239440917969
Train Epoch: 1 steps: 710 / 4152 loss: 4.5489171028137205
Train Epoch: 1 steps: 720 / 4152 loss: 4.537563514709473
Train Epoch: 1 steps: 730 / 4152 loss: 4.419904088973999
Train Epoch: 1 steps: 740 / 4152 loss: 4.419768238067627
Train Epoch: 1 steps: 750 / 4152 loss: 4.507386016845703
Train Epoch: 1 steps: 760 / 4152 loss: 4.481516742706299
Train Epoch: 1 steps: 770 / 4152 loss: 4.383519530296326
Train Epoch: 1 steps: 780 / 4152 loss: 4.408161664009095
Train Epoch: 1 steps: 790 / 4152 loss: 4.411173582077026
Train Epoch: 1 steps: 800 / 4152 loss: 4.3512884140014645
Train Epoch: 1 steps: 810 / 4152 loss: 4.326413917541504
Train Epoch: 1 steps: 820 / 4152 loss: 4.349151659011841
Train Epoch: 1 steps: 830 / 4152 loss: 4.4245302200317385
Train Epoch: 1 steps: 840 / 4152 loss: 4.394024848937988
Train Epoch: 1 steps: 850 / 4152 loss: 4.418282508850098
Train Epoch: 1 steps: 860 / 4152 loss: 4.373823595046997
Train Epoch: 1 steps: 870 / 4152 loss: 4.37056074142456
Train Epoch: 1 steps: 880 / 4152 loss: 4.31733808517456
Train Epoch: 1 steps: 890 / 4152 loss: 4.364213991165161
Train Epoch: 1 steps: 900 / 4152 loss: 4.278650379180908
Train Epoch: 1 steps: 910 / 4152 loss: 4.404617357254028
Train Epoch: 1 steps: 920 / 4152 loss: 4.341126108169556
Train Epoch: 1 steps: 930 / 4152 loss: 4.289703679084778
Train Epoch: 1 steps: 940 / 4152 loss: 4.498082494735717
Train Epoch: 1 steps: 950 / 4152 loss: 4.303509378433228
Train Epoch: 1 steps: 960 / 4152 loss: 4.245841217041016
Train Epoch: 1 steps: 970 / 4152 loss: 4.330020236968994
Train Epoch: 1 steps: 980 / 4152 loss: 4.3644506454467775
Train Epoch: 1 steps: 990 / 4152 loss: 4.258060908317566
Train Epoch: 1 steps: 1000 / 4152 loss: 4.343679761886596
Train Epoch: 1 steps: 1010 / 4152 loss: 4.261710095405578
Train Epoch: 1 steps: 1020 / 4152 loss: 4.332834720611572
Train Epoch: 1 steps: 1030 / 4152 loss: 4.285410785675049
Train Epoch: 1 steps: 1040 / 4152 loss: 4.331492185592651
----------------------------------------Epoch: 2----------------------------------------
----------------------------------------Epoch: 2----------------------------------------
----------------------------------------Epoch: 2----------------------------------------
----------------------------------------Epoch: 2----------------------------------------
Train Epoch: 2 steps: 0 / 4152 loss: 0.4358278751373291
Train Epoch: 2 steps: 10 / 4152 loss: 4.222180819511413
Train Epoch: 2 steps: 20 / 4152 loss: 4.155018258094787
Train Epoch: 2 steps: 30 / 4152 loss: 4.278312349319458
Train Epoch: 2 steps: 40 / 4152 loss: 4.290791320800781
Train Epoch: 2 steps: 50 / 4152 loss: 4.267434930801391
Train Epoch: 2 steps: 60 / 4152 loss: 4.337186717987061
Train Epoch: 2 steps: 70 / 4152 loss: 4.213581848144531
Train Epoch: 2 steps: 80 / 4152 loss: 4.213933086395263
Train Epoch: 2 steps: 90 / 4152 loss: 4.29288649559021
Train Epoch: 2 steps: 100 / 4152 loss: 4.2367785453796385
Train Epoch: 2 steps: 110 / 4152 loss: 4.2966622591018675
Train Epoch: 2 steps: 120 / 4152 loss: 4.292836999893188
Train Epoch: 2 steps: 130 / 4152 loss: 4.202394890785217
Train Epoch: 2 steps: 140 / 4152 loss: 4.262101697921753
Train Epoch: 2 steps: 150 / 4152 loss: 4.253833484649658
Train Epoch: 2 steps: 160 / 4152 loss: 4.242000937461853
Train Epoch: 2 steps: 170 / 4152 loss: 4.275586843490601
Train Epoch: 2 steps: 180 / 4152 loss: 4.186126446723938
Train Epoch: 2 steps: 190 / 4152 loss: 4.246597766876221
Train Epoch: 2 steps: 200 / 4152 loss: 4.176413679122925
Train Epoch: 2 steps: 210 / 4152 loss: 4.283261442184449
Train Epoch: 2 steps: 220 / 4152 loss: 4.232426357269287
Train Epoch: 2 steps: 230 / 4152 loss: 4.282679510116577
Train Epoch: 2 steps: 240 / 4152 loss: 4.211482310295105
Train Epoch: 2 steps: 250 / 4152 loss: 4.232201194763183
Train Epoch: 2 steps: 260 / 4152 loss: 4.248074388504028
Train Epoch: 2 steps: 270 / 4152 loss: 4.240626859664917
Train Epoch: 2 steps: 280 / 4152 loss: 4.1961359739303585
Train Epoch: 2 steps: 290 / 4152 loss: 4.250742197036743
Train Epoch: 2 steps: 300 / 4152 loss: 4.175993394851685
Train Epoch: 2 steps: 310 / 4152 loss: 4.2221849203109745
Train Epoch: 2 steps: 320 / 4152 loss: 4.278865337371826
Train Epoch: 2 steps: 330 / 4152 loss: 4.222893762588501
Train Epoch: 2 steps: 340 / 4152 loss: 4.1783977270126345
Train Epoch: 2 steps: 350 / 4152 loss: 4.161099910736084
Train Epoch: 2 steps: 360 / 4152 loss: 4.20982871055603
Train Epoch: 2 steps: 370 / 4152 loss: 4.254883432388306
Train Epoch: 2 steps: 380 / 4152 loss: 4.255122804641724
Train Epoch: 2 steps: 390 / 4152 loss: 4.169386577606201
Train Epoch: 2 steps: 400 / 4152 loss: 4.258625221252442
Train Epoch: 2 steps: 410 / 4152 loss: 4.178265380859375
Train Epoch: 2 steps: 420 / 4152 loss: 4.169157791137695
Train Epoch: 2 steps: 430 / 4152 loss: 4.102820897102356
Train Epoch: 2 steps: 440 / 4152 loss: 4.175333189964294
Train Epoch: 2 steps: 450 / 4152 loss: 4.157124185562134
Train Epoch: 2 steps: 460 / 4152 loss: 4.095544290542603
Train Epoch: 2 steps: 470 / 4152 loss: 4.110264372825623
Train Epoch: 2 steps: 480 / 4152 loss: 4.21523962020874
Train Epoch: 2 steps: 490 / 4152 loss: 4.194541072845459
Train Epoch: 2 steps: 500 / 4152 loss: 4.132641291618347
Train Epoch: 2 steps: 510 / 4152 loss: 4.1601619005203245
Train Epoch: 2 steps: 520 / 4152 loss: 4.106966423988342
Train Epoch: 2 steps: 530 / 4152 loss: 4.115407633781433
Train Epoch: 2 steps: 540 / 4152 loss: 4.184314966201782
Train Epoch: 2 steps: 550 / 4152 loss: 4.182666850090027
Train Epoch: 2 steps: 560 / 4152 loss: 4.085851883888244
Train Epoch: 2 steps: 570 / 4152 loss: 3.686816954612732
Train Epoch: 2 steps: 580 / 4152 loss: 4.14185471534729
Train Epoch: 2 steps: 590 / 4152 loss: 4.058852863311768
Train Epoch: 2 steps: 600 / 4152 loss: 4.181628274917602
Train Epoch: 2 steps: 610 / 4152 loss: 4.206005096435547
Train Epoch: 2 steps: 620 / 4152 loss: 4.197426271438599
Train Epoch: 2 steps: 630 / 4152 loss: 4.1694156408309935
Train Epoch: 2 steps: 640 / 4152 loss: 4.098730134963989
Train Epoch: 2 steps: 650 / 4152 loss: 4.170512771606445
Train Epoch: 2 steps: 660 / 4152 loss: 4.140364170074463
Train Epoch: 2 steps: 670 / 4152 loss: 4.140597200393676
Train Epoch: 2 steps: 680 / 4152 loss: 4.149759984016418
Train Epoch: 2 steps: 690 / 4152 loss: 4.168052530288696
Train Epoch: 2 steps: 700 / 4152 loss: 4.13033971786499
Train Epoch: 2 steps: 710 / 4152 loss: 4.135499954223633
Train Epoch: 2 steps: 720 / 4152 loss: 4.115075898170471
Train Epoch: 2 steps: 730 / 4152 loss: 4.160676050186157
Train Epoch: 2 steps: 740 / 4152 loss: 4.027575564384461
Train Epoch: 2 steps: 750 / 4152 loss: 4.158802342414856
Train Epoch: 2 steps: 760 / 4152 loss: 4.123976373672486
Train Epoch: 2 steps: 770 / 4152 loss: 4.0798917531967165
Train Epoch: 2 steps: 780 / 4152 loss: 4.137736892700195
Train Epoch: 2 steps: 790 / 4152 loss: 4.0916389465332035
Train Epoch: 2 steps: 800 / 4152 loss: 4.119966745376587
Train Epoch: 2 steps: 810 / 4152 loss: 4.121423816680908
Train Epoch: 2 steps: 820 / 4152 loss: 4.109174966812134
Train Epoch: 2 steps: 830 / 4152 loss: 4.100365328788757
Train Epoch: 2 steps: 840 / 4152 loss: 3.98410542011261
Train Epoch: 2 steps: 850 / 4152 loss: 4.177700042724609
Train Epoch: 2 steps: 860 / 4152 loss: 4.104301452636719
Train Epoch: 2 steps: 870 / 4152 loss: 4.172789359092713
Train Epoch: 2 steps: 880 / 4152 loss: 4.103701901435852
Train Epoch: 2 steps: 890 / 4152 loss: 4.186699914932251
Train Epoch: 2 steps: 900 / 4152 loss: 4.12390718460083
Train Epoch: 2 steps: 910 / 4152 loss: 4.071168613433838
Train Epoch: 2 steps: 920 / 4152 loss: 4.035546088218689
Train Epoch: 2 steps: 930 / 4152 loss: 4.127525329589844
Train Epoch: 2 steps: 940 / 4152 loss: 4.056382441520691
Train Epoch: 2 steps: 950 / 4152 loss: 4.123711609840393
Train Epoch: 2 steps: 960 / 4152 loss: 4.087278890609741
Train Epoch: 2 steps: 970 / 4152 loss: 4.130171084403992
Train Epoch: 2 steps: 980 / 4152 loss: 4.05352737903595
Train Epoch: 2 steps: 990 / 4152 loss: 4.14393835067749
Train Epoch: 2 steps: 1000 / 4152 loss: 4.2033366680145265
Train Epoch: 2 steps: 1010 / 4152 loss: 4.090104508399963
Train Epoch: 2 steps: 1020 / 4152 loss: 4.134524512290954
Train Epoch: 2 steps: 1030 / 4152 loss: 4.113304162025452
Train Epoch: 2 steps: 1040 / 4152 loss: 4.171474575996399
----------------------------------------Epoch: 3----------------------------------------
----------------------------------------Epoch: 3----------------------------------------
----------------------------------------Epoch: 3----------------------------------------
----------------------------------------Epoch: 3----------------------------------------
Train Epoch: 3 steps: 0 / 4152 loss: 0.4152019500732422
Train Epoch: 3 steps: 10 / 4152 loss: 4.116136813163758
Train Epoch: 3 steps: 20 / 4152 loss: 4.073462200164795
Train Epoch: 3 steps: 30 / 4152 loss: 4.055323815345764
Train Epoch: 3 steps: 40 / 4152 loss: 3.9987744331359862
Train Epoch: 3 steps: 50 / 4152 loss: 4.057287693023682
Train Epoch: 3 steps: 60 / 4152 loss: 4.1078167200088505
Train Epoch: 3 steps: 70 / 4152 loss: 4.047406196594238
Train Epoch: 3 steps: 80 / 4152 loss: 4.035106658935547
Train Epoch: 3 steps: 90 / 4152 loss: 4.102365612983704
Train Epoch: 3 steps: 100 / 4152 loss: 4.093356895446777
Train Epoch: 3 steps: 110 / 4152 loss: 4.102439975738525
Train Epoch: 3 steps: 120 / 4152 loss: 4.104364347457886
Train Epoch: 3 steps: 130 / 4152 loss: 4.070210671424865
Train Epoch: 3 steps: 140 / 4152 loss: 4.097943305969238
Train Epoch: 3 steps: 150 / 4152 loss: 4.027327823638916
Train Epoch: 3 steps: 160 / 4152 loss: 4.132462430000305
Train Epoch: 3 steps: 170 / 4152 loss: 4.070374846458435
Train Epoch: 3 steps: 180 / 4152 loss: 4.077934455871582
Train Epoch: 3 steps: 190 / 4152 loss: 4.19306890964508
Train Epoch: 3 steps: 200 / 4152 loss: 4.02001986503601
Train Epoch: 3 steps: 210 / 4152 loss: 4.155375123023987
Train Epoch: 3 steps: 220 / 4152 loss: 4.015194702148437
Train Epoch: 3 steps: 230 / 4152 loss: 4.080734515190125
Train Epoch: 3 steps: 240 / 4152 loss: 4.039562201499939
Train Epoch: 3 steps: 250 / 4152 loss: 4.060440587997436
Train Epoch: 3 steps: 260 / 4152 loss: 4.048696708679199
Train Epoch: 3 steps: 270 / 4152 loss: 4.122973203659058
Train Epoch: 3 steps: 280 / 4152 loss: 3.9953338861465455
Train Epoch: 3 steps: 290 / 4152 loss: 4.026822972297668
Train Epoch: 3 steps: 300 / 4152 loss: 4.033087420463562
Train Epoch: 3 steps: 310 / 4152 loss: 4.041044902801514
Train Epoch: 3 steps: 320 / 4152 loss: 3.9852311849594115
Train Epoch: 3 steps: 330 / 4152 loss: 4.0598297119140625
Train Epoch: 3 steps: 340 / 4152 loss: 4.049632334709168
Train Epoch: 3 steps: 350 / 4152 loss: 4.14416880607605
Train Epoch: 3 steps: 360 / 4152 loss: 3.988734769821167
Train Epoch: 3 steps: 370 / 4152 loss: 4.110713291168213
Train Epoch: 3 steps: 380 / 4152 loss: 4.088155937194824
Train Epoch: 3 steps: 390 / 4152 loss: 4.0620070695877075
Train Epoch: 3 steps: 400 / 4152 loss: 4.038770937919617
Train Epoch: 3 steps: 410 / 4152 loss: 4.058219337463379
Train Epoch: 3 steps: 420 / 4152 loss: 4.092766141891479
Train Epoch: 3 steps: 430 / 4152 loss: 4.084271001815796
Train Epoch: 3 steps: 440 / 4152 loss: 4.0039468765258786
Train Epoch: 3 steps: 450 / 4152 loss: 4.034060263633728
Train Epoch: 3 steps: 460 / 4152 loss: 4.028123688697815
Train Epoch: 3 steps: 470 / 4152 loss: 4.080032277107239
Train Epoch: 3 steps: 480 / 4152 loss: 4.002018308639526
Train Epoch: 3 steps: 490 / 4152 loss: 4.017048096656799
Train Epoch: 3 steps: 500 / 4152 loss: 4.0207927942276
Train Epoch: 3 steps: 510 / 4152 loss: 4.022531247138977
Train Epoch: 3 steps: 520 / 4152 loss: 3.989876127243042
Train Epoch: 3 steps: 530 / 4152 loss: 4.100373482704162
Train Epoch: 3 steps: 540 / 4152 loss: 3.9392286777496337
Train Epoch: 3 steps: 550 / 4152 loss: 4.010523700714112
Train Epoch: 3 steps: 560 / 4152 loss: 4.162081456184387
Train Epoch: 3 steps: 570 / 4152 loss: 3.667273259162903
Train Epoch: 3 steps: 580 / 4152 loss: 4.042014145851136
Train Epoch: 3 steps: 590 / 4152 loss: 3.939692807197571
Train Epoch: 3 steps: 600 / 4152 loss: 4.053734087944031
Train Epoch: 3 steps: 610 / 4152 loss: 4.011733341217041
Train Epoch: 3 steps: 620 / 4152 loss: 4.020040059089661
Train Epoch: 3 steps: 630 / 4152 loss: 4.008450341224671
Train Epoch: 3 steps: 640 / 4152 loss: 4.036938047409057
Train Epoch: 3 steps: 650 / 4152 loss: 3.963000988960266
Train Epoch: 3 steps: 660 / 4152 loss: 4.031801819801331
Train Epoch: 3 steps: 670 / 4152 loss: 4.007873320579529
Train Epoch: 3 steps: 680 / 4152 loss: 3.974415135383606
Train Epoch: 3 steps: 690 / 4152 loss: 4.044336366653442
Train Epoch: 3 steps: 700 / 4152 loss: 3.9815138578414917
Train Epoch: 3 steps: 710 / 4152 loss: 4.051985669136047
Train Epoch: 3 steps: 720 / 4152 loss: 4.015051984786988
Train Epoch: 3 steps: 730 / 4152 loss: 3.983909249305725
Train Epoch: 3 steps: 740 / 4152 loss: 3.9892717599868774
Train Epoch: 3 steps: 750 / 4152 loss: 4.028345584869385
Train Epoch: 3 steps: 760 / 4152 loss: 4.054650378227234
Train Epoch: 3 steps: 770 / 4152 loss: 4.000057411193848
Train Epoch: 3 steps: 780 / 4152 loss: 4.004093027114868
Train Epoch: 3 steps: 790 / 4152 loss: 4.029291558265686
Train Epoch: 3 steps: 800 / 4152 loss: 4.028237056732178
Train Epoch: 3 steps: 810 / 4152 loss: 4.06952817440033
Train Epoch: 3 steps: 820 / 4152 loss: 4.0302064418792725
Train Epoch: 3 steps: 830 / 4152 loss: 3.9273764848709107
Train Epoch: 3 steps: 840 / 4152 loss: 3.9867155075073244
Train Epoch: 3 steps: 850 / 4152 loss: 3.9899420976638793
Train Epoch: 3 steps: 860 / 4152 loss: 4.054623341560363
Train Epoch: 3 steps: 870 / 4152 loss: 4.06241204738617
Train Epoch: 3 steps: 880 / 4152 loss: 3.9947371006011965
Train Epoch: 3 steps: 890 / 4152 loss: 3.921810030937195
Train Epoch: 3 steps: 900 / 4152 loss: 3.961633014678955
Train Epoch: 3 steps: 910 / 4152 loss: 3.9783065795898436
Train Epoch: 3 steps: 920 / 4152 loss: 4.024480962753296
Train Epoch: 3 steps: 930 / 4152 loss: 3.926750349998474
Train Epoch: 3 steps: 940 / 4152 loss: 4.034738755226135
Train Epoch: 3 steps: 950 / 4152 loss: 3.969969320297241
Train Epoch: 3 steps: 960 / 4152 loss: 3.911894941329956
Train Epoch: 3 steps: 970 / 4152 loss: 3.93892982006073
Train Epoch: 3 steps: 980 / 4152 loss: 4.025458979606628
Train Epoch: 3 steps: 990 / 4152 loss: 4.013814973831177
Train Epoch: 3 steps: 1000 / 4152 loss: 3.977388858795166
Train Epoch: 3 steps: 1010 / 4152 loss: 3.952748250961304
Train Epoch: 3 steps: 1020 / 4152 loss: 3.8937954902648926
Train Epoch: 3 steps: 1030 / 4152 loss: 3.9412461280822755
Train Epoch: 3 steps: 1040 / 4152 loss: 4.048915266990662
----------------------------------------Epoch: 4----------------------------------------
----------------------------------------Epoch: 4----------------------------------------
----------------------------------------Epoch: 4----------------------------------------
----------------------------------------Epoch: 4----------------------------------------
Train Epoch: 4 steps: 0 / 4152 loss: 0.41402220726013184
Train Epoch: 4 steps: 10 / 4152 loss: 3.9386828660964968
Train Epoch: 4 steps: 20 / 4152 loss: 3.991815614700317
Train Epoch: 4 steps: 30 / 4152 loss: 3.9798099994659424
Train Epoch: 4 steps: 40 / 4152 loss: 3.9834789514541624
Train Epoch: 4 steps: 50 / 4152 loss: 4.002652049064636
Train Epoch: 4 steps: 60 / 4152 loss: 3.9363109827041627
Train Epoch: 4 steps: 70 / 4152 loss: 4.007767748832703
Train Epoch: 4 steps: 80 / 4152 loss: 4.007089781761169
Train Epoch: 4 steps: 90 / 4152 loss: 3.940656304359436
Train Epoch: 4 steps: 100 / 4152 loss: 3.971625304222107
Train Epoch: 4 steps: 110 / 4152 loss: 4.041600251197815
Train Epoch: 4 steps: 120 / 4152 loss: 3.867921781539917
Train Epoch: 4 steps: 130 / 4152 loss: 3.9741307973861693
Train Epoch: 4 steps: 140 / 4152 loss: 3.9793259620666506
Train Epoch: 4 steps: 150 / 4152 loss: 3.981744122505188
Train Epoch: 4 steps: 160 / 4152 loss: 3.976948618888855
Train Epoch: 4 steps: 170 / 4152 loss: 3.9853201866149903
Train Epoch: 4 steps: 180 / 4152 loss: 4.024807047843933
Train Epoch: 4 steps: 190 / 4152 loss: 3.9993705272674562
Train Epoch: 4 steps: 200 / 4152 loss: 3.997395968437195
Train Epoch: 4 steps: 210 / 4152 loss: 3.981173014640808
Train Epoch: 4 steps: 220 / 4152 loss: 3.9407633781433105
Train Epoch: 4 steps: 230 / 4152 loss: 3.9865376949310303
Train Epoch: 4 steps: 240 / 4152 loss: 3.949856686592102
Train Epoch: 4 steps: 250 / 4152 loss: 3.9388927936553957
Train Epoch: 4 steps: 260 / 4152 loss: 4.016817045211792
Train Epoch: 4 steps: 270 / 4152 loss: 3.975002646446228
Train Epoch: 4 steps: 280 / 4152 loss: 3.913889217376709
Train Epoch: 4 steps: 290 / 4152 loss: 3.9855934381484985
Train Epoch: 4 steps: 300 / 4152 loss: 3.947462558746338
Train Epoch: 4 steps: 310 / 4152 loss: 3.886079263687134
Train Epoch: 4 steps: 320 / 4152 loss: 4.000385737419128
Train Epoch: 4 steps: 330 / 4152 loss: 3.93901686668396
Train Epoch: 4 steps: 340 / 4152 loss: 3.940966844558716
Train Epoch: 4 steps: 350 / 4152 loss: 3.9071582794189452
Train Epoch: 4 steps: 360 / 4152 loss: 4.00445327758789
Train Epoch: 4 steps: 370 / 4152 loss: 3.9513943672180174
Train Epoch: 4 steps: 380 / 4152 loss: 3.9528771877288817
Train Epoch: 4 steps: 390 / 4152 loss: 3.9108269691467283
Train Epoch: 4 steps: 400 / 4152 loss: 3.9327879190444945
Train Epoch: 4 steps: 410 / 4152 loss: 3.9162023305892943
Train Epoch: 4 steps: 420 / 4152 loss: 3.9659412622451784
Train Epoch: 4 steps: 430 / 4152 loss: 3.9582431077957154
Train Epoch: 4 steps: 440 / 4152 loss: 3.9805740118026733
Train Epoch: 4 steps: 450 / 4152 loss: 3.934178185462952
Train Epoch: 4 steps: 460 / 4152 loss: 3.9470472812652586
Train Epoch: 4 steps: 470 / 4152 loss: 3.915155553817749
Train Epoch: 4 steps: 480 / 4152 loss: 3.942113995552063
Train Epoch: 4 steps: 490 / 4152 loss: 3.974740433692932
Train Epoch: 4 steps: 500 / 4152 loss: 3.974324107170105
Train Epoch: 4 steps: 510 / 4152 loss: 3.848288583755493
Train Epoch: 4 steps: 520 / 4152 loss: 3.9891385078430175
Train Epoch: 4 steps: 530 / 4152 loss: 3.9274943113327025
Train Epoch: 4 steps: 540 / 4152 loss: 3.9925627946853637
Train Epoch: 4 steps: 550 / 4152 loss: 3.889528918266296
Train Epoch: 4 steps: 560 / 4152 loss: 4.018859219551087
Train Epoch: 4 steps: 570 / 4152 loss: 3.9112431049346923
Train Epoch: 4 steps: 580 / 4152 loss: 3.912617874145508
Train Epoch: 4 steps: 590 / 4152 loss: 3.914570116996765
Train Epoch: 4 steps: 600 / 4152 loss: 3.8880372762680055
Train Epoch: 4 steps: 610 / 4152 loss: 3.837937259674072
Train Epoch: 4 steps: 620 / 4152 loss: 3.9448655128479
Train Epoch: 4 steps: 630 / 4152 loss: 3.954180455207825
Train Epoch: 4 steps: 640 / 4152 loss: 3.8719732046127318
Train Epoch: 4 steps: 650 / 4152 loss: 4.023119235038758
Train Epoch: 4 steps: 660 / 4152 loss: 3.926849937438965
Train Epoch: 4 steps: 670 / 4152 loss: 3.9519962549209593
Train Epoch: 4 steps: 680 / 4152 loss: 3.992427182197571
Train Epoch: 4 steps: 690 / 4152 loss: 3.8954267501831055
Train Epoch: 4 steps: 700 / 4152 loss: 3.876902961730957
Train Epoch: 4 steps: 710 / 4152 loss: 3.8853655576705934
Train Epoch: 4 steps: 720 / 4152 loss: 3.9982862949371336
Train Epoch: 4 steps: 730 / 4152 loss: 3.9226580619812013
Train Epoch: 4 steps: 740 / 4152 loss: 3.9010585069656374
Train Epoch: 4 steps: 750 / 4152 loss: 3.9035306930541993
Train Epoch: 4 steps: 760 / 4152 loss: 3.9169159889221192
Train Epoch: 4 steps: 770 / 4152 loss: 3.8853404998779295
Train Epoch: 4 steps: 780 / 4152 loss: 3.8787866115570067
Train Epoch: 4 steps: 790 / 4152 loss: 3.883171224594116
Train Epoch: 4 steps: 800 / 4152 loss: 3.914619469642639
Train Epoch: 4 steps: 810 / 4152 loss: 3.9566720008850096
Train Epoch: 4 steps: 820 / 4152 loss: 3.9565810203552245
Train Epoch: 4 steps: 830 / 4152 loss: 3.960534453392029
Train Epoch: 4 steps: 840 / 4152 loss: 3.9030885457992555
Train Epoch: 4 steps: 850 / 4152 loss: 3.94371612071991
Train Epoch: 4 steps: 860 / 4152 loss: 3.9349374294281008
Train Epoch: 4 steps: 870 / 4152 loss: 3.934959554672241
Train Epoch: 4 steps: 880 / 4152 loss: 3.920034623146057
Train Epoch: 4 steps: 890 / 4152 loss: 3.911041188240051
Train Epoch: 4 steps: 900 / 4152 loss: 3.9033850193023683
Train Epoch: 4 steps: 910 / 4152 loss: 3.932064437866211
Train Epoch: 4 steps: 920 / 4152 loss: 3.9620858430862427
Train Epoch: 4 steps: 930 / 4152 loss: 3.8963010787963865
Train Epoch: 4 steps: 940 / 4152 loss: 3.9065173387527468
Train Epoch: 4 steps: 950 / 4152 loss: 3.8982197999954225
Train Epoch: 4 steps: 960 / 4152 loss: 3.9179302215576173
Train Epoch: 4 steps: 970 / 4152 loss: 3.9455882787704466
Train Epoch: 4 steps: 980 / 4152 loss: 3.9076662063598633
Train Epoch: 4 steps: 990 / 4152 loss: 3.845411205291748
Train Epoch: 4 steps: 1000 / 4152 loss: 3.864811968803406
Train Epoch: 4 steps: 1010 / 4152 loss: 3.8709250688552856
Train Epoch: 4 steps: 1020 / 4152 loss: 3.9232921600341797
Train Epoch: 4 steps: 1030 / 4152 loss: 3.8156922340393065
Train Epoch: 4 steps: 1040 / 4152 loss: 3.923795747756958
----------------------------------------Epoch: 5----------------------------------------
----------------------------------------Epoch: 5----------------------------------------
----------------------------------------Epoch: 5----------------------------------------
----------------------------------------Epoch: 5----------------------------------------
Train Epoch: 5 steps: 0 / 4152 loss: 0.3897364854812622
Train Epoch: 5 steps: 10 / 4152 loss: 3.9166128873825072
Train Epoch: 5 steps: 20 / 4152 loss: 3.913934350013733
Train Epoch: 5 steps: 30 / 4152 loss: 3.8736996412277223
Train Epoch: 5 steps: 40 / 4152 loss: 3.933899164199829
Train Epoch: 5 steps: 50 / 4152 loss: 3.8681207656860352
Train Epoch: 5 steps: 60 / 4152 loss: 3.8757767200469972
Train Epoch: 5 steps: 70 / 4152 loss: 3.9014211177825926
Train Epoch: 5 steps: 80 / 4152 loss: 3.9052544116973875
Train Epoch: 5 steps: 90 / 4152 loss: 3.8989322900772097
Train Epoch: 5 steps: 100 / 4152 loss: 3.848005747795105
Train Epoch: 5 steps: 110 / 4152 loss: 3.950124478340149
Train Epoch: 5 steps: 120 / 4152 loss: 3.8915247917175293
Train Epoch: 5 steps: 130 / 4152 loss: 3.962674689292908
Train Epoch: 5 steps: 140 / 4152 loss: 3.909257411956787
Train Epoch: 5 steps: 150 / 4152 loss: 3.8458446502685546
Train Epoch: 5 steps: 160 / 4152 loss: 3.886746954917908
Train Epoch: 5 steps: 170 / 4152 loss: 3.872818660736084
Train Epoch: 5 steps: 180 / 4152 loss: 3.903106689453125
Train Epoch: 5 steps: 190 / 4152 loss: 3.932562804222107
Train Epoch: 5 steps: 200 / 4152 loss: 3.875150537490845
Train Epoch: 5 steps: 210 / 4152 loss: 3.8166700839996337
Train Epoch: 5 steps: 220 / 4152 loss: 3.848152184486389
Train Epoch: 5 steps: 230 / 4152 loss: 3.7838900327682494
Train Epoch: 5 steps: 240 / 4152 loss: 3.910735297203064
Train Epoch: 5 steps: 250 / 4152 loss: 3.9377550363540648
Train Epoch: 5 steps: 260 / 4152 loss: 3.905945611000061
Train Epoch: 5 steps: 270 / 4152 loss: 3.938750457763672
Train Epoch: 5 steps: 280 / 4152 loss: 3.82220196723938
Train Epoch: 5 steps: 290 / 4152 loss: 3.777906632423401
Train Epoch: 5 steps: 300 / 4152 loss: 3.8921895265579223
Train Epoch: 5 steps: 310 / 4152 loss: 3.8573560237884523
Train Epoch: 5 steps: 320 / 4152 loss: 3.827913212776184
Train Epoch: 5 steps: 330 / 4152 loss: 3.88890278339386
Train Epoch: 5 steps: 340 / 4152 loss: 3.877570390701294
Train Epoch: 5 steps: 350 / 4152 loss: 3.9009435176849365
Train Epoch: 5 steps: 360 / 4152 loss: 3.823347640037537
Train Epoch: 5 steps: 370 / 4152 loss: 3.9499430894851684
Train Epoch: 5 steps: 380 / 4152 loss: 3.8895224809646605
Train Epoch: 5 steps: 390 / 4152 loss: 3.958581066131592
Train Epoch: 5 steps: 400 / 4152 loss: 3.9257466554641725
Train Epoch: 5 steps: 410 / 4152 loss: 3.8560381174087524
Train Epoch: 5 steps: 420 / 4152 loss: 3.827354598045349
Train Epoch: 5 steps: 430 / 4152 loss: 3.9307510614395142
Train Epoch: 5 steps: 440 / 4152 loss: 3.9203278541564943
Train Epoch: 5 steps: 450 / 4152 loss: 3.8984331369400023
Train Epoch: 5 steps: 460 / 4152 loss: 3.902889847755432
Train Epoch: 5 steps: 470 / 4152 loss: 3.9687788248062135
Train Epoch: 5 steps: 480 / 4152 loss: 3.885841155052185
Train Epoch: 5 steps: 490 / 4152 loss: 3.8313966274261473
Train Epoch: 5 steps: 500 / 4152 loss: 3.860640549659729
Train Epoch: 5 steps: 510 / 4152 loss: 3.8791441440582277
Train Epoch: 5 steps: 520 / 4152 loss: 3.860882115364075
Train Epoch: 5 steps: 530 / 4152 loss: 3.90174286365509
Train Epoch: 5 steps: 540 / 4152 loss: 3.9623276948928834
Train Epoch: 5 steps: 550 / 4152 loss: 3.851442837715149
Train Epoch: 5 steps: 560 / 4152 loss: 3.861978793144226
Train Epoch: 5 steps: 570 / 4152 loss: 3.878269076347351
Train Epoch: 5 steps: 580 / 4152 loss: 3.9355841875076294
Train Epoch: 5 steps: 590 / 4152 loss: 3.885864782333374
Train Epoch: 5 steps: 600 / 4152 loss: 3.866634488105774
Train Epoch: 5 steps: 610 / 4152 loss: 3.853188705444336
Train Epoch: 5 steps: 620 / 4152 loss: 3.836239385604858
Train Epoch: 5 steps: 630 / 4152 loss: 3.8895336151123048
Train Epoch: 5 steps: 640 / 4152 loss: 3.8502748012542725
Train Epoch: 5 steps: 650 / 4152 loss: 3.875826668739319
Train Epoch: 5 steps: 660 / 4152 loss: 3.9474533796310425
Train Epoch: 5 steps: 670 / 4152 loss: 3.861059474945068
Train Epoch: 5 steps: 680 / 4152 loss: 3.91234769821167
Train Epoch: 5 steps: 690 / 4152 loss: 3.901539707183838
Train Epoch: 5 steps: 700 / 4152 loss: 3.964087200164795
Train Epoch: 5 steps: 710 / 4152 loss: 3.8714604139328004
Train Epoch: 5 steps: 720 / 4152 loss: 3.873832082748413
Train Epoch: 5 steps: 730 / 4152 loss: 3.4266544342041017
Train Epoch: 5 steps: 740 / 4152 loss: 3.912873077392578
Train Epoch: 5 steps: 750 / 4152 loss: 3.838184094429016
Train Epoch: 5 steps: 760 / 4152 loss: 3.924663758277893
Train Epoch: 5 steps: 770 / 4152 loss: 3.8983970880508423
Train Epoch: 5 steps: 780 / 4152 loss: 3.8630200147628786
Train Epoch: 5 steps: 790 / 4152 loss: 3.839850401878357
Train Epoch: 5 steps: 800 / 4152 loss: 3.8559062480926514
Train Epoch: 5 steps: 810 / 4152 loss: 3.8041494846343995
Train Epoch: 5 steps: 820 / 4152 loss: 3.9539543628692626
Train Epoch: 5 steps: 830 / 4152 loss: 3.852871894836426
Train Epoch: 5 steps: 840 / 4152 loss: 3.8024760484695435
Train Epoch: 5 steps: 850 / 4152 loss: 3.8845309972763062
Train Epoch: 5 steps: 860 / 4152 loss: 3.903499960899353
Train Epoch: 5 steps: 870 / 4152 loss: 3.877961611747742
Train Epoch: 5 steps: 880 / 4152 loss: 3.8688719511032104
Train Epoch: 5 steps: 890 / 4152 loss: 3.9447399377822876
Train Epoch: 5 steps: 900 / 4152 loss: 3.854277777671814
Train Epoch: 5 steps: 910 / 4152 loss: 3.8777546644210816
Train Epoch: 5 steps: 920 / 4152 loss: 3.827075743675232
Train Epoch: 5 steps: 930 / 4152 loss: 3.847098207473755
Train Epoch: 5 steps: 940 / 4152 loss: 3.799974274635315
Train Epoch: 5 steps: 950 / 4152 loss: 3.8603240728378294
Train Epoch: 5 steps: 960 / 4152 loss: 3.887635898590088
Train Epoch: 5 steps: 970 / 4152 loss: 3.880459213256836
Train Epoch: 5 steps: 980 / 4152 loss: 3.854644441604614
Train Epoch: 5 steps: 990 / 4152 loss: 3.844235372543335
Train Epoch: 5 steps: 1000 / 4152 loss: 3.87183620929718
Train Epoch: 5 steps: 1010 / 4152 loss: 3.8903770446777344
Train Epoch: 5 steps: 1020 / 4152 loss: 3.8329166412353515
Train Epoch: 5 steps: 1030 / 4152 loss: 3.8223034381866454
Train Epoch: 5 steps: 1040 / 4152 loss: 3.7895258188247682
----------------------------------------Epoch: 6----------------------------------------
----------------------------------------Epoch: 6----------------------------------------
----------------------------------------Epoch: 6----------------------------------------
----------------------------------------Epoch: 6----------------------------------------
Train Epoch: 6 steps: 0 / 4152 loss: 0.3789688587188721
Train Epoch: 6 steps: 10 / 4152 loss: 3.7929209232330323
Train Epoch: 6 steps: 20 / 4152 loss: 3.8219296455383303
Train Epoch: 6 steps: 30 / 4152 loss: 3.8110805988311767
Train Epoch: 6 steps: 40 / 4152 loss: 3.8418596982955933
Train Epoch: 6 steps: 50 / 4152 loss: 3.85765962600708
Train Epoch: 6 steps: 60 / 4152 loss: 3.8070327997207642
Train Epoch: 6 steps: 70 / 4152 loss: 3.814437675476074
Train Epoch: 6 steps: 80 / 4152 loss: 3.869221496582031
Train Epoch: 6 steps: 90 / 4152 loss: 3.923094964027405
Train Epoch: 6 steps: 100 / 4152 loss: 3.9010047197341917
Train Epoch: 6 steps: 110 / 4152 loss: 3.8788283586502077
Train Epoch: 6 steps: 120 / 4152 loss: 3.809073781967163
Train Epoch: 6 steps: 130 / 4152 loss: 3.8521921157836916
Train Epoch: 6 steps: 140 / 4152 loss: 3.8091346263885497
Train Epoch: 6 steps: 150 / 4152 loss: 3.7505691289901733
Train Epoch: 6 steps: 160 / 4152 loss: 3.8307756662368773
Train Epoch: 6 steps: 170 / 4152 loss: 3.8045842170715334
Train Epoch: 6 steps: 180 / 4152 loss: 3.7735105752944946
Train Epoch: 6 steps: 190 / 4152 loss: 3.8648680448532104
Train Epoch: 6 steps: 200 / 4152 loss: 3.8556881666183473
Train Epoch: 6 steps: 210 / 4152 loss: 3.793784666061401
Train Epoch: 6 steps: 220 / 4152 loss: 3.866453456878662
Train Epoch: 6 steps: 230 / 4152 loss: 3.78929226398468
Train Epoch: 6 steps: 240 / 4152 loss: 3.829944682121277
Train Epoch: 6 steps: 250 / 4152 loss: 3.8508325815200806
Train Epoch: 6 steps: 260 / 4152 loss: 3.863119673728943
Train Epoch: 6 steps: 270 / 4152 loss: 3.8429177522659304
Train Epoch: 6 steps: 280 / 4152 loss: 3.8346115589141845
Train Epoch: 6 steps: 290 / 4152 loss: 3.8911563396453857
Train Epoch: 6 steps: 300 / 4152 loss: 3.900001859664917
Train Epoch: 6 steps: 310 / 4152 loss: 3.767098379135132
Train Epoch: 6 steps: 320 / 4152 loss: 3.774373412132263
Train Epoch: 6 steps: 330 / 4152 loss: 3.855149507522583
Train Epoch: 6 steps: 340 / 4152 loss: 3.870300126075745
Train Epoch: 6 steps: 350 / 4152 loss: 3.8829482555389405
Train Epoch: 6 steps: 360 / 4152 loss: 3.8544697761535645
Train Epoch: 6 steps: 370 / 4152 loss: 3.859267258644104
Train Epoch: 6 steps: 380 / 4152 loss: 3.878922462463379
Train Epoch: 6 steps: 390 / 4152 loss: 3.8410128593444823
Train Epoch: 6 steps: 400 / 4152 loss: 3.7445261240005494
Train Epoch: 6 steps: 410 / 4152 loss: 3.4277965784072877
Train Epoch: 6 steps: 420 / 4152 loss: 3.7840216159820557
Train Epoch: 6 steps: 430 / 4152 loss: 3.81202073097229
Train Epoch: 6 steps: 440 / 4152 loss: 3.8715108394622804
Train Epoch: 6 steps: 450 / 4152 loss: 3.788103151321411
Train Epoch: 6 steps: 460 / 4152 loss: 3.849000859260559
Train Epoch: 6 steps: 470 / 4152 loss: 3.8159892082214357
Train Epoch: 6 steps: 480 / 4152 loss: 3.7494441270828247
Train Epoch: 6 steps: 490 / 4152 loss: 3.8436904907226563
Train Epoch: 6 steps: 500 / 4152 loss: 3.8578912734985353
Train Epoch: 6 steps: 510 / 4152 loss: 3.8510934829711916
Train Epoch: 6 steps: 520 / 4152 loss: 3.8426472663879396
Train Epoch: 6 steps: 530 / 4152 loss: 3.768690276145935
Train Epoch: 6 steps: 540 / 4152 loss: 3.844481015205383
Train Epoch: 6 steps: 550 / 4152 loss: 3.83051016330719
Train Epoch: 6 steps: 560 / 4152 loss: 3.801220726966858
Train Epoch: 6 steps: 570 / 4152 loss: 3.8304532051086424
Train Epoch: 6 steps: 580 / 4152 loss: 3.858164668083191
Train Epoch: 6 steps: 590 / 4152 loss: 3.8889067649841307
Train Epoch: 6 steps: 600 / 4152 loss: 3.8273890018463135
Train Epoch: 6 steps: 610 / 4152 loss: 3.837670159339905
Train Epoch: 6 steps: 620 / 4152 loss: 3.8297039270401
Train Epoch: 6 steps: 630 / 4152 loss: 3.7459515810012816
Train Epoch: 6 steps: 640 / 4152 loss: 3.825960969924927
Train Epoch: 6 steps: 650 / 4152 loss: 3.8273927688598635
Train Epoch: 6 steps: 660 / 4152 loss: 3.8586954355239866
Train Epoch: 6 steps: 670 / 4152 loss: 3.7929270267486572
Train Epoch: 6 steps: 680 / 4152 loss: 3.8227944374084473
Train Epoch: 6 steps: 690 / 4152 loss: 3.867734599113464
Train Epoch: 6 steps: 700 / 4152 loss: 3.7752088785171507
Train Epoch: 6 steps: 710 / 4152 loss: 3.821895480155945
Train Epoch: 6 steps: 720 / 4152 loss: 3.8378551721572878
Train Epoch: 6 steps: 730 / 4152 loss: 3.823205518722534
Train Epoch: 6 steps: 740 / 4152 loss: 3.782648777961731
Train Epoch: 6 steps: 750 / 4152 loss: 3.813139533996582
Train Epoch: 6 steps: 760 / 4152 loss: 3.4567779302597046
Train Epoch: 6 steps: 770 / 4152 loss: 3.7527135848999023
Train Epoch: 6 steps: 780 / 4152 loss: 3.7557196617126465
Train Epoch: 6 steps: 790 / 4152 loss: 3.7597593784332277
Train Epoch: 6 steps: 800 / 4152 loss: 3.7895408630371095
Train Epoch: 6 steps: 810 / 4152 loss: 3.8189862251281737
Train Epoch: 6 steps: 820 / 4152 loss: 3.7352298974990843
Train Epoch: 6 steps: 830 / 4152 loss: 3.82225341796875
Train Epoch: 6 steps: 840 / 4152 loss: 3.904413414001465
Train Epoch: 6 steps: 850 / 4152 loss: 3.834873080253601
Train Epoch: 6 steps: 860 / 4152 loss: 3.833013820648193
Train Epoch: 6 steps: 870 / 4152 loss: 3.771798348426819
Train Epoch: 6 steps: 880 / 4152 loss: 3.819427990913391
Train Epoch: 6 steps: 890 / 4152 loss: 3.8328342914581297
Train Epoch: 6 steps: 900 / 4152 loss: 3.790056562423706
Train Epoch: 6 steps: 910 / 4152 loss: 3.768742489814758
Train Epoch: 6 steps: 920 / 4152 loss: 3.8458905935287477
Train Epoch: 6 steps: 930 / 4152 loss: 3.832878303527832
Train Epoch: 6 steps: 940 / 4152 loss: 3.813472867012024
Train Epoch: 6 steps: 950 / 4152 loss: 3.7434536933898928
Train Epoch: 6 steps: 960 / 4152 loss: 3.794592833518982
Train Epoch: 6 steps: 970 / 4152 loss: 3.8359073638916015
Train Epoch: 6 steps: 980 / 4152 loss: 3.7984268188476564
Train Epoch: 6 steps: 990 / 4152 loss: 3.8192455530166627
Train Epoch: 6 steps: 1000 / 4152 loss: 3.747956705093384
Train Epoch: 6 steps: 1010 / 4152 loss: 3.853393387794495
Train Epoch: 6 steps: 1020 / 4152 loss: 3.7743006706237794
Train Epoch: 6 steps: 1030 / 4152 loss: 3.836291480064392
Train Epoch: 6 steps: 1040 / 4152 loss: 3.8281234741210937
----------------------------------------Epoch: 7----------------------------------------
----------------------------------------Epoch: 7----------------------------------------
----------------------------------------Epoch: 7----------------------------------------
----------------------------------------Epoch: 7----------------------------------------
Train Epoch: 7 steps: 0 / 4152 loss: 0.3871349096298218
Train Epoch: 7 steps: 10 / 4152 loss: 3.8483184576034546
Train Epoch: 7 steps: 20 / 4152 loss: 3.786594104766846
Train Epoch: 7 steps: 30 / 4152 loss: 3.8596583127975466
Train Epoch: 7 steps: 40 / 4152 loss: 3.841183400154114
Train Epoch: 7 steps: 50 / 4152 loss: 3.789195704460144
Train Epoch: 7 steps: 60 / 4152 loss: 3.849913001060486
Train Epoch: 7 steps: 70 / 4152 loss: 3.779639387130737
Train Epoch: 7 steps: 80 / 4152 loss: 3.8149730920791627
Train Epoch: 7 steps: 90 / 4152 loss: 3.8300784111022947
Train Epoch: 7 steps: 100 / 4152 loss: 3.8314934015274047
Train Epoch: 7 steps: 110 / 4152 loss: 3.8439973115921022
Train Epoch: 7 steps: 120 / 4152 loss: 3.735425281524658
Train Epoch: 7 steps: 130 / 4152 loss: 3.8528233051300047
Train Epoch: 7 steps: 140 / 4152 loss: 3.7471840620040893
Train Epoch: 7 steps: 150 / 4152 loss: 3.7932069301605225
Train Epoch: 7 steps: 160 / 4152 loss: 3.8044727087020873
Train Epoch: 7 steps: 170 / 4152 loss: 3.7568651914596556
Train Epoch: 7 steps: 180 / 4152 loss: 3.8176080703735353
Train Epoch: 7 steps: 190 / 4152 loss: 3.8726421117782595
Train Epoch: 7 steps: 200 / 4152 loss: 3.779124212265015
Train Epoch: 7 steps: 210 / 4152 loss: 3.837284064292908
Train Epoch: 7 steps: 220 / 4152 loss: 3.769092845916748
Train Epoch: 7 steps: 230 / 4152 loss: 3.750539541244507
Train Epoch: 7 steps: 240 / 4152 loss: 3.7180641651153565
Train Epoch: 7 steps: 250 / 4152 loss: 3.796477699279785
Train Epoch: 7 steps: 260 / 4152 loss: 3.792360615730286
Train Epoch: 7 steps: 270 / 4152 loss: 3.731210398674011
Train Epoch: 7 steps: 280 / 4152 loss: 3.759559440612793
Train Epoch: 7 steps: 290 / 4152 loss: 3.842668890953064
Train Epoch: 7 steps: 300 / 4152 loss: 3.8631887197494508
Train Epoch: 7 steps: 310 / 4152 loss: 3.7814183712005613
Train Epoch: 7 steps: 320 / 4152 loss: 3.885867786407471
Train Epoch: 7 steps: 330 / 4152 loss: 3.786587691307068
Train Epoch: 7 steps: 340 / 4152 loss: 3.867585229873657
Train Epoch: 7 steps: 350 / 4152 loss: 3.737482500076294
Train Epoch: 7 steps: 360 / 4152 loss: 3.7705190896987917
Train Epoch: 7 steps: 370 / 4152 loss: 3.736609125137329
Train Epoch: 7 steps: 380 / 4152 loss: 3.796715998649597
Train Epoch: 7 steps: 390 / 4152 loss: 3.697538948059082
Train Epoch: 7 steps: 400 / 4152 loss: 3.823346757888794
Train Epoch: 7 steps: 410 / 4152 loss: 3.6958396196365357
Train Epoch: 7 steps: 420 / 4152 loss: 3.8539774656295775
Train Epoch: 7 steps: 430 / 4152 loss: 3.7728268623352053
Train Epoch: 7 steps: 440 / 4152 loss: 3.7153138160705566
Train Epoch: 7 steps: 450 / 4152 loss: 3.853035545349121
Train Epoch: 7 steps: 460 / 4152 loss: 3.7370797634124755
Train Epoch: 7 steps: 470 / 4152 loss: 3.7995917081832884
Train Epoch: 7 steps: 480 / 4152 loss: 3.810696744918823
Train Epoch: 7 steps: 490 / 4152 loss: 3.814268183708191
Train Epoch: 7 steps: 500 / 4152 loss: 3.797941875457764
Train Epoch: 7 steps: 510 / 4152 loss: 3.7233829498291016
Train Epoch: 7 steps: 520 / 4152 loss: 3.8350924968719484
Train Epoch: 7 steps: 530 / 4152 loss: 3.790886569023132
Train Epoch: 7 steps: 540 / 4152 loss: 3.737669491767883
Train Epoch: 7 steps: 550 / 4152 loss: 3.841241216659546
Train Epoch: 7 steps: 560 / 4152 loss: 3.750911545753479
Train Epoch: 7 steps: 570 / 4152 loss: 3.809280824661255
Train Epoch: 7 steps: 580 / 4152 loss: 3.7018617153167725
Train Epoch: 7 steps: 590 / 4152 loss: 3.8429996013641357
Train Epoch: 7 steps: 600 / 4152 loss: 3.7513888120651244
Train Epoch: 7 steps: 610 / 4152 loss: 3.7200722217559816
Train Epoch: 7 steps: 620 / 4152 loss: 3.763827109336853
Train Epoch: 7 steps: 630 / 4152 loss: 3.7555392026901244
Train Epoch: 7 steps: 640 / 4152 loss: 3.8377022743225098
Train Epoch: 7 steps: 650 / 4152 loss: 3.721768832206726
Train Epoch: 7 steps: 660 / 4152 loss: 3.8118701457977293
Train Epoch: 7 steps: 670 / 4152 loss: 3.8118919849395754
Train Epoch: 7 steps: 680 / 4152 loss: 3.6820974588394164
Train Epoch: 7 steps: 690 / 4152 loss: 3.7881324768066404
Train Epoch: 7 steps: 700 / 4152 loss: 3.773357605934143
Train Epoch: 7 steps: 710 / 4152 loss: 3.75404269695282
Train Epoch: 7 steps: 720 / 4152 loss: 3.667765235900879
Train Epoch: 7 steps: 730 / 4152 loss: 3.8126148700714113
Train Epoch: 7 steps: 740 / 4152 loss: 3.756816053390503
Train Epoch: 7 steps: 750 / 4152 loss: 3.7645416498184203
Train Epoch: 7 steps: 760 / 4152 loss: 3.795205569267273
Train Epoch: 7 steps: 770 / 4152 loss: 3.8335577726364134
Train Epoch: 7 steps: 780 / 4152 loss: 3.9022993803024293
Train Epoch: 7 steps: 790 / 4152 loss: 3.7959518671035766
Train Epoch: 7 steps: 800 / 4152 loss: 3.7789835691452027
Train Epoch: 7 steps: 810 / 4152 loss: 3.7831458330154417
Train Epoch: 7 steps: 820 / 4152 loss: 3.7611101150512694
Train Epoch: 7 steps: 830 / 4152 loss: 3.8853606462478636
Train Epoch: 7 steps: 840 / 4152 loss: 3.763215684890747
Train Epoch: 7 steps: 850 / 4152 loss: 3.7506680488586426
Train Epoch: 7 steps: 860 / 4152 loss: 3.704692816734314
Train Epoch: 7 steps: 870 / 4152 loss: 3.8122655391693114
Train Epoch: 7 steps: 880 / 4152 loss: 3.784790825843811
Train Epoch: 7 steps: 890 / 4152 loss: 3.716329050064087
Train Epoch: 7 steps: 900 / 4152 loss: 3.7591327905654905
Train Epoch: 7 steps: 910 / 4152 loss: 3.7737727403640746
Train Epoch: 7 steps: 920 / 4152 loss: 3.784111666679382
Train Epoch: 7 steps: 930 / 4152 loss: 3.880960536003113
Train Epoch: 7 steps: 940 / 4152 loss: 3.8528499364852906
Train Epoch: 7 steps: 950 / 4152 loss: 3.6776801109313966
Train Epoch: 7 steps: 960 / 4152 loss: 3.7998228311538695
Train Epoch: 7 steps: 970 / 4152 loss: 3.7284384965896606
Train Epoch: 7 steps: 980 / 4152 loss: 3.7962202548980715
Train Epoch: 7 steps: 990 / 4152 loss: 3.7408150911331175
Train Epoch: 7 steps: 1000 / 4152 loss: 3.7209980487823486
Train Epoch: 7 steps: 1010 / 4152 loss: 3.825882601737976
Train Epoch: 7 steps: 1020 / 4152 loss: 3.7915024757385254
Train Epoch: 7 steps: 1030 / 4152 loss: 3.7499385833740235
Train Epoch: 7 steps: 1040 / 4152 loss: 3.7658956050872803
----------------------------------------Epoch: 8----------------------------------------
----------------------------------------Epoch: 8----------------------------------------
----------------------------------------Epoch: 8----------------------------------------
----------------------------------------Epoch: 8----------------------------------------
Train Epoch: 8 steps: 0 / 4152 loss: 0.37632415294647215
Train Epoch: 8 steps: 10 / 4152 loss: 3.8106239795684815
Train Epoch: 8 steps: 20 / 4152 loss: 3.7211426734924316
Train Epoch: 8 steps: 30 / 4152 loss: 3.710888695716858
Train Epoch: 8 steps: 40 / 4152 loss: 3.8233722925186155
Train Epoch: 8 steps: 50 / 4152 loss: 3.8325323820114137
Train Epoch: 8 steps: 60 / 4152 loss: 3.8003628969192507
Train Epoch: 8 steps: 70 / 4152 loss: 3.764851379394531
Train Epoch: 8 steps: 80 / 4152 loss: 3.6903735637664794
Train Epoch: 8 steps: 90 / 4152 loss: 3.777711534500122
Train Epoch: 8 steps: 100 / 4152 loss: 3.838439869880676
Train Epoch: 8 steps: 110 / 4152 loss: 3.7211469650268554
Train Epoch: 8 steps: 120 / 4152 loss: 3.777289032936096
Train Epoch: 8 steps: 130 / 4152 loss: 3.72624249458313
Train Epoch: 8 steps: 140 / 4152 loss: 3.750484347343445
Train Epoch: 8 steps: 150 / 4152 loss: 3.800589370727539
Train Epoch: 8 steps: 160 / 4152 loss: 3.7756713390350343
Train Epoch: 8 steps: 170 / 4152 loss: 3.6987578868865967
Train Epoch: 8 steps: 180 / 4152 loss: 3.7292102098464968
Train Epoch: 8 steps: 190 / 4152 loss: 3.8059001684188845
Train Epoch: 8 steps: 200 / 4152 loss: 3.686025309562683
Train Epoch: 8 steps: 210 / 4152 loss: 3.8229880332946777
Train Epoch: 8 steps: 220 / 4152 loss: 3.764961361885071
Train Epoch: 8 steps: 230 / 4152 loss: 3.7916160583496095
Train Epoch: 8 steps: 240 / 4152 loss: 3.684447455406189
Train Epoch: 8 steps: 250 / 4152 loss: 3.760130429267883
Train Epoch: 8 steps: 260 / 4152 loss: 3.7478342056274414
Train Epoch: 8 steps: 270 / 4152 loss: 3.7147185802459717
Train Epoch: 8 steps: 280 / 4152 loss: 3.8193521976470945
Train Epoch: 8 steps: 290 / 4152 loss: 3.765017104148865
Train Epoch: 8 steps: 300 / 4152 loss: 3.7160134077072144
Train Epoch: 8 steps: 310 / 4152 loss: 3.772614932060242
Train Epoch: 8 steps: 320 / 4152 loss: 3.7812161684036254
Train Epoch: 8 steps: 330 / 4152 loss: 3.7804333448410032
Train Epoch: 8 steps: 340 / 4152 loss: 3.781703972816467
Train Epoch: 8 steps: 350 / 4152 loss: 3.7432512283325194
Train Epoch: 8 steps: 360 / 4152 loss: 3.7522911071777343
Train Epoch: 8 steps: 370 / 4152 loss: 3.754805827140808
Train Epoch: 8 steps: 380 / 4152 loss: 3.757411336898804
Train Epoch: 8 steps: 390 / 4152 loss: 3.8365273475646973
Train Epoch: 8 steps: 400 / 4152 loss: 3.7599106311798094
Train Epoch: 8 steps: 410 / 4152 loss: 3.6854027271270753
Train Epoch: 8 steps: 420 / 4152 loss: 3.7143630743026734
Train Epoch: 8 steps: 430 / 4152 loss: 3.749429941177368
Train Epoch: 8 steps: 440 / 4152 loss: 3.722812533378601
Train Epoch: 8 steps: 450 / 4152 loss: 3.7736654758453367
Train Epoch: 8 steps: 460 / 4152 loss: 3.7496904611587523
Train Epoch: 8 steps: 470 / 4152 loss: 3.7547192096710207
Train Epoch: 8 steps: 480 / 4152 loss: 3.7195359468460083
Train Epoch: 8 steps: 490 / 4152 loss: 3.791687321662903
Train Epoch: 8 steps: 500 / 4152 loss: 3.7969092607498167
Train Epoch: 8 steps: 510 / 4152 loss: 3.774255323410034
Train Epoch: 8 steps: 520 / 4152 loss: 3.6772323131561278
Train Epoch: 8 steps: 530 / 4152 loss: 3.8257851123809816
Train Epoch: 8 steps: 540 / 4152 loss: 3.7711267471313477
Train Epoch: 8 steps: 550 / 4152 loss: 3.8132239103317263
Train Epoch: 8 steps: 560 / 4152 loss: 3.739224004745483
Train Epoch: 8 steps: 570 / 4152 loss: 3.7076117038726806
Train Epoch: 8 steps: 580 / 4152 loss: 3.643066334724426
Train Epoch: 8 steps: 590 / 4152 loss: 3.816681146621704
Train Epoch: 8 steps: 600 / 4152 loss: 3.680768632888794
Train Epoch: 8 steps: 610 / 4152 loss: 3.752245545387268
Train Epoch: 8 steps: 620 / 4152 loss: 3.7766226053237917
Train Epoch: 8 steps: 630 / 4152 loss: 3.78824782371521
Train Epoch: 8 steps: 640 / 4152 loss: 3.684024786949158
Train Epoch: 8 steps: 650 / 4152 loss: 3.788050627708435
Train Epoch: 8 steps: 660 / 4152 loss: 3.716011643409729
Train Epoch: 8 steps: 670 / 4152 loss: 3.729194092750549
Train Epoch: 8 steps: 680 / 4152 loss: 3.7964035749435423
Train Epoch: 8 steps: 690 / 4152 loss: 3.8173274278640745
Train Epoch: 8 steps: 700 / 4152 loss: 3.692428398132324
Train Epoch: 8 steps: 710 / 4152 loss: 3.781882405281067
Train Epoch: 8 steps: 720 / 4152 loss: 3.808765149116516
Train Epoch: 8 steps: 730 / 4152 loss: 3.737255883216858
Train Epoch: 8 steps: 740 / 4152 loss: 3.801918601989746
Train Epoch: 8 steps: 750 / 4152 loss: 3.702696108818054
Train Epoch: 8 steps: 760 / 4152 loss: 3.7446749448776244
Train Epoch: 8 steps: 770 / 4152 loss: 3.7751014947891237
Train Epoch: 8 steps: 780 / 4152 loss: 3.717655324935913
Train Epoch: 8 steps: 790 / 4152 loss: 3.71749951839447
Train Epoch: 8 steps: 800 / 4152 loss: 3.7392978191375734
Train Epoch: 8 steps: 810 / 4152 loss: 3.7929544925689695
Train Epoch: 8 steps: 820 / 4152 loss: 3.7776134729385378
Train Epoch: 8 steps: 830 / 4152 loss: 3.749935507774353
Train Epoch: 8 steps: 840 / 4152 loss: 3.723755717277527
Train Epoch: 8 steps: 850 / 4152 loss: 3.763556146621704
Train Epoch: 8 steps: 860 / 4152 loss: 3.752265787124634
Train Epoch: 8 steps: 870 / 4152 loss: 3.768814969062805
Train Epoch: 8 steps: 880 / 4152 loss: 3.7222259998321534
Train Epoch: 8 steps: 890 / 4152 loss: 3.719198203086853
Train Epoch: 8 steps: 900 / 4152 loss: 3.680959606170654
Train Epoch: 8 steps: 910 / 4152 loss: 3.711432147026062
Train Epoch: 8 steps: 920 / 4152 loss: 3.7664551019668577
Train Epoch: 8 steps: 930 / 4152 loss: 3.7266075372695924
Train Epoch: 8 steps: 940 / 4152 loss: 3.8035507917404177
Train Epoch: 8 steps: 950 / 4152 loss: 3.734760284423828
Train Epoch: 8 steps: 960 / 4152 loss: 3.766033935546875
Train Epoch: 8 steps: 970 / 4152 loss: 3.743240714073181
Train Epoch: 8 steps: 980 / 4152 loss: 3.7667047500610353
Train Epoch: 8 steps: 990 / 4152 loss: 3.7410378217697144
Train Epoch: 8 steps: 1000 / 4152 loss: 3.7527411937713624
Train Epoch: 8 steps: 1010 / 4152 loss: 3.825514531135559
Train Epoch: 8 steps: 1020 / 4152 loss: 3.841311812400818
Train Epoch: 8 steps: 1030 / 4152 loss: 3.7138325452804564
Train Epoch: 8 steps: 1040 / 4152 loss: 3.7387604236602785
----------------------------------------Epoch: 9----------------------------------------
----------------------------------------Epoch: 9----------------------------------------
----------------------------------------Epoch: 9----------------------------------------
----------------------------------------Epoch: 9----------------------------------------
Train Epoch: 9 steps: 0 / 4152 loss: 0.37152609825134275
Train Epoch: 9 steps: 10 / 4152 loss: 3.734500193595886
Train Epoch: 9 steps: 20 / 4152 loss: 3.6541326522827147
Train Epoch: 9 steps: 30 / 4152 loss: 3.717273211479187
Train Epoch: 9 steps: 40 / 4152 loss: 3.7138973236083985
Train Epoch: 9 steps: 50 / 4152 loss: 3.716850185394287
Train Epoch: 9 steps: 60 / 4152 loss: 3.7083622217178345
Train Epoch: 9 steps: 70 / 4152 loss: 3.761433744430542
Train Epoch: 9 steps: 80 / 4152 loss: 3.7785485982894897
Train Epoch: 9 steps: 90 / 4152 loss: 3.7688974142074585
Train Epoch: 9 steps: 100 / 4152 loss: 3.7228198766708376
Train Epoch: 9 steps: 110 / 4152 loss: 3.7972378969192504
Train Epoch: 9 steps: 120 / 4152 loss: 3.7653104305267333
Train Epoch: 9 steps: 130 / 4152 loss: 3.7437542915344237
Train Epoch: 9 steps: 140 / 4152 loss: 3.689894413948059
Train Epoch: 9 steps: 150 / 4152 loss: 3.6708224058151244
Train Epoch: 9 steps: 160 / 4152 loss: 3.720717263221741
Train Epoch: 9 steps: 170 / 4152 loss: 3.740256643295288
Train Epoch: 9 steps: 180 / 4152 loss: 3.6157586574554443
Train Epoch: 9 steps: 190 / 4152 loss: 3.714993119239807
Train Epoch: 9 steps: 200 / 4152 loss: 3.7558419704437256
Train Epoch: 9 steps: 210 / 4152 loss: 3.7801760911941527
Train Epoch: 9 steps: 220 / 4152 loss: 3.702361249923706
Train Epoch: 9 steps: 230 / 4152 loss: 3.662218689918518
Train Epoch: 9 steps: 240 / 4152 loss: 3.713636636734009
Train Epoch: 9 steps: 250 / 4152 loss: 3.671390676498413
Train Epoch: 9 steps: 260 / 4152 loss: 3.746449685096741
Train Epoch: 9 steps: 270 / 4152 loss: 3.7568647384643556
Train Epoch: 9 steps: 280 / 4152 loss: 3.3533417224884032
Train Epoch: 9 steps: 290 / 4152 loss: 3.760148286819458
Train Epoch: 9 steps: 300 / 4152 loss: 3.6994183540344237
Train Epoch: 9 steps: 310 / 4152 loss: 3.733226203918457
Train Epoch: 9 steps: 320 / 4152 loss: 3.774711322784424
Train Epoch: 9 steps: 330 / 4152 loss: 3.7445459604263305
Train Epoch: 9 steps: 340 / 4152 loss: 3.7690348863601684
Train Epoch: 9 steps: 350 / 4152 loss: 3.6947510480880736
Train Epoch: 9 steps: 360 / 4152 loss: 3.701549601554871
Train Epoch: 9 steps: 370 / 4152 loss: 3.7532239675521852
Train Epoch: 9 steps: 380 / 4152 loss: 3.7464298486709593
Train Epoch: 9 steps: 390 / 4152 loss: 3.7802377223968504
Train Epoch: 9 steps: 400 / 4152 loss: 3.7503031969070433
Train Epoch: 9 steps: 410 / 4152 loss: 3.770228695869446
Train Epoch: 9 steps: 420 / 4152 loss: 3.765702176094055
Train Epoch: 9 steps: 430 / 4152 loss: 3.670711541175842
Train Epoch: 9 steps: 440 / 4152 loss: 3.7100106954574583
Train Epoch: 9 steps: 450 / 4152 loss: 3.7049042701721193
Train Epoch: 9 steps: 460 / 4152 loss: 3.734344244003296
Train Epoch: 9 steps: 470 / 4152 loss: 3.77252082824707
Train Epoch: 9 steps: 480 / 4152 loss: 3.757702136039734
Train Epoch: 9 steps: 490 / 4152 loss: 3.715865206718445
Train Epoch: 9 steps: 500 / 4152 loss: 3.7174962043762205
Train Epoch: 9 steps: 510 / 4152 loss: 3.7202123641967773
Train Epoch: 9 steps: 520 / 4152 loss: 3.673169994354248
Train Epoch: 9 steps: 530 / 4152 loss: 3.7020909786224365
Train Epoch: 9 steps: 540 / 4152 loss: 3.7540218830108643
Train Epoch: 9 steps: 550 / 4152 loss: 3.717021179199219
Train Epoch: 9 steps: 560 / 4152 loss: 3.67393045425415
Train Epoch: 9 steps: 570 / 4152 loss: 3.7847274780273437
Train Epoch: 9 steps: 580 / 4152 loss: 3.7728018283843996
Train Epoch: 9 steps: 590 / 4152 loss: 3.777052879333496
Train Epoch: 9 steps: 600 / 4152 loss: 3.7213714599609373
Train Epoch: 9 steps: 610 / 4152 loss: 3.70848970413208
Train Epoch: 9 steps: 620 / 4152 loss: 3.693002152442932
Train Epoch: 9 steps: 630 / 4152 loss: 3.744759964942932
Train Epoch: 9 steps: 640 / 4152 loss: 3.6481005430221556
Train Epoch: 9 steps: 650 / 4152 loss: 3.6535871505737303
Train Epoch: 9 steps: 660 / 4152 loss: 3.6951863527297975
Train Epoch: 9 steps: 670 / 4152 loss: 3.701948142051697
Train Epoch: 9 steps: 680 / 4152 loss: 3.676240611076355
Train Epoch: 9 steps: 690 / 4152 loss: 3.7306588888168335
Train Epoch: 9 steps: 700 / 4152 loss: 3.7679738283157347
Train Epoch: 9 steps: 710 / 4152 loss: 3.7528467178344727
Train Epoch: 9 steps: 720 / 4152 loss: 3.707230806350708
Train Epoch: 9 steps: 730 / 4152 loss: 3.772624945640564
Train Epoch: 9 steps: 740 / 4152 loss: 3.7604395151138306
Train Epoch: 9 steps: 750 / 4152 loss: 3.681774640083313
Train Epoch: 9 steps: 760 / 4152 loss: 3.657115340232849
Train Epoch: 9 steps: 770 / 4152 loss: 3.7546228885650637
Train Epoch: 9 steps: 780 / 4152 loss: 3.7869136810302733
Train Epoch: 9 steps: 790 / 4152 loss: 3.7214818477630613
Train Epoch: 9 steps: 800 / 4152 loss: 3.6065563201904296
Train Epoch: 9 steps: 810 / 4152 loss: 3.7348559617996218
Train Epoch: 9 steps: 820 / 4152 loss: 3.7371177434921266
Train Epoch: 9 steps: 830 / 4152 loss: 3.7379274129867555
Train Epoch: 9 steps: 840 / 4152 loss: 3.725001835823059
Train Epoch: 9 steps: 850 / 4152 loss: 3.6631898403167726
Train Epoch: 9 steps: 860 / 4152 loss: 3.8030664920806885
Train Epoch: 9 steps: 870 / 4152 loss: 3.738433837890625
Train Epoch: 9 steps: 880 / 4152 loss: 3.7367865085601806
Train Epoch: 9 steps: 890 / 4152 loss: 3.7729659557342528
Train Epoch: 9 steps: 900 / 4152 loss: 3.7577410697937013
Train Epoch: 9 steps: 910 / 4152 loss: 3.702520418167114
Train Epoch: 9 steps: 920 / 4152 loss: 3.724052095413208
Train Epoch: 9 steps: 930 / 4152 loss: 3.7365686178207396
Train Epoch: 9 steps: 940 / 4152 loss: 3.760103964805603
Train Epoch: 9 steps: 950 / 4152 loss: 3.6552064657211303
Train Epoch: 9 steps: 960 / 4152 loss: 3.762005853652954
Train Epoch: 9 steps: 970 / 4152 loss: 3.7020164251327516
Train Epoch: 9 steps: 980 / 4152 loss: 3.689063858985901
Train Epoch: 9 steps: 990 / 4152 loss: 3.7022183179855346
Train Epoch: 9 steps: 1000 / 4152 loss: 3.779029631614685
Train Epoch: 9 steps: 1010 / 4152 loss: 3.7059757471084596
Train Epoch: 9 steps: 1020 / 4152 loss: 3.7555591583251955
Train Epoch: 9 steps: 1030 / 4152 loss: 3.749340844154358
Train Epoch: 9 steps: 1040 / 4152 loss: 3.6899322032928468
----------------------------------------Epoch: 10----------------------------------------
----------------------------------------Epoch: 10----------------------------------------
----------------------------------------Epoch: 10----------------------------------------
----------------------------------------Epoch: 10----------------------------------------
Train Epoch: 10 steps: 0 / 4152 loss: 0.3564645767211914
Train Epoch: 10 steps: 10 / 4152 loss: 3.789998698234558
Train Epoch: 10 steps: 20 / 4152 loss: 3.7410534143447878
Train Epoch: 10 steps: 30 / 4152 loss: 3.7083538293838503
Train Epoch: 10 steps: 40 / 4152 loss: 3.7648848056793214
Train Epoch: 10 steps: 50 / 4152 loss: 3.686489796638489
Train Epoch: 10 steps: 60 / 4152 loss: 3.7595332145690916
Train Epoch: 10 steps: 70 / 4152 loss: 3.7738473415374756
Train Epoch: 10 steps: 80 / 4152 loss: 3.701875400543213
Train Epoch: 10 steps: 90 / 4152 loss: 3.746312737464905
Train Epoch: 10 steps: 100 / 4152 loss: 3.7094512462615965
Train Epoch: 10 steps: 110 / 4152 loss: 3.6932324409484862
Train Epoch: 10 steps: 120 / 4152 loss: 3.348607301712036
Train Epoch: 10 steps: 130 / 4152 loss: 3.7597490787506103
Train Epoch: 10 steps: 140 / 4152 loss: 3.7754404067993166
Train Epoch: 10 steps: 150 / 4152 loss: 3.728863000869751
Train Epoch: 10 steps: 160 / 4152 loss: 3.7734705448150634
Train Epoch: 10 steps: 170 / 4152 loss: 3.703514242172241
Train Epoch: 10 steps: 180 / 4152 loss: 3.6952233791351317
Train Epoch: 10 steps: 190 / 4152 loss: 3.676476740837097
Train Epoch: 10 steps: 200 / 4152 loss: 3.691520118713379
Train Epoch: 10 steps: 210 / 4152 loss: 3.7385899305343626
Train Epoch: 10 steps: 220 / 4152 loss: 3.7557461261749268
Train Epoch: 10 steps: 230 / 4152 loss: 3.6050972938537598
Train Epoch: 10 steps: 240 / 4152 loss: 3.730386209487915
Train Epoch: 10 steps: 250 / 4152 loss: 3.7540002822875977
Train Epoch: 10 steps: 260 / 4152 loss: 3.6910693883895873
Train Epoch: 10 steps: 270 / 4152 loss: 3.596264433860779
Train Epoch: 10 steps: 280 / 4152 loss: 3.642869162559509
Train Epoch: 10 steps: 290 / 4152 loss: 3.7117225408554075
Train Epoch: 10 steps: 300 / 4152 loss: 3.645773506164551
Train Epoch: 10 steps: 310 / 4152 loss: 3.6478906631469727
Train Epoch: 10 steps: 320 / 4152 loss: 3.6995712995529173
Train Epoch: 10 steps: 330 / 4152 loss: 3.689534878730774
Train Epoch: 10 steps: 340 / 4152 loss: 3.747010517120361
Train Epoch: 10 steps: 350 / 4152 loss: 3.6869220972061156
Train Epoch: 10 steps: 360 / 4152 loss: 3.731310248374939
Train Epoch: 10 steps: 370 / 4152 loss: 3.701008701324463
Train Epoch: 10 steps: 380 / 4152 loss: 3.81030592918396
Train Epoch: 10 steps: 390 / 4152 loss: 3.657292294502258
Train Epoch: 10 steps: 400 / 4152 loss: 3.767933416366577
Train Epoch: 10 steps: 410 / 4152 loss: 3.6864532470703124
Train Epoch: 10 steps: 420 / 4152 loss: 3.756584358215332
Train Epoch: 10 steps: 430 / 4152 loss: 3.709219980239868
Train Epoch: 10 steps: 440 / 4152 loss: 3.6845705032348635
Train Epoch: 10 steps: 450 / 4152 loss: 3.702602005004883
Train Epoch: 10 steps: 460 / 4152 loss: 3.6196327686309813
Train Epoch: 10 steps: 470 / 4152 loss: 3.712056875228882
Train Epoch: 10 steps: 480 / 4152 loss: 3.7437973976135255
Train Epoch: 10 steps: 490 / 4152 loss: 3.6972556114196777
Train Epoch: 10 steps: 500 / 4152 loss: 3.715158748626709
Train Epoch: 10 steps: 510 / 4152 loss: 3.739385724067688
Train Epoch: 10 steps: 520 / 4152 loss: 3.6626628160476686
Train Epoch: 10 steps: 530 / 4152 loss: 3.705250644683838
Train Epoch: 10 steps: 540 / 4152 loss: 3.8241761922836304
Train Epoch: 10 steps: 550 / 4152 loss: 3.6616727352142333
Train Epoch: 10 steps: 560 / 4152 loss: 3.707052803039551
Train Epoch: 10 steps: 570 / 4152 loss: 3.72106773853302
Train Epoch: 10 steps: 580 / 4152 loss: 3.744433379173279
Train Epoch: 10 steps: 590 / 4152 loss: 3.6696547985076906
Train Epoch: 10 steps: 600 / 4152 loss: 3.6611170053482054
Train Epoch: 10 steps: 610 / 4152 loss: 3.6972292184829714
Train Epoch: 10 steps: 620 / 4152 loss: 3.6876967668533327
Train Epoch: 10 steps: 630 / 4152 loss: 3.813904309272766
Train Epoch: 10 steps: 640 / 4152 loss: 3.6740692615509034
Train Epoch: 10 steps: 650 / 4152 loss: 3.762613582611084
Train Epoch: 10 steps: 660 / 4152 loss: 3.662979578971863
Train Epoch: 10 steps: 670 / 4152 loss: 3.7071807384490967
Train Epoch: 10 steps: 680 / 4152 loss: 3.7320185899734497
Train Epoch: 10 steps: 690 / 4152 loss: 3.7070597648620605
Train Epoch: 10 steps: 700 / 4152 loss: 3.7462906360626222
Train Epoch: 10 steps: 710 / 4152 loss: 3.6466785430908204
Train Epoch: 10 steps: 720 / 4152 loss: 3.695236349105835
Train Epoch: 10 steps: 730 / 4152 loss: 3.7518113613128663
Train Epoch: 10 steps: 740 / 4152 loss: 3.7154184341430665
Train Epoch: 10 steps: 750 / 4152 loss: 3.6453794956207277
Train Epoch: 10 steps: 760 / 4152 loss: 3.759441542625427
Train Epoch: 10 steps: 770 / 4152 loss: 3.6944189071655273
Train Epoch: 10 steps: 780 / 4152 loss: 3.7224188089370727
Train Epoch: 10 steps: 790 / 4152 loss: 3.6853611946105955
Train Epoch: 10 steps: 800 / 4152 loss: 3.733985733985901
Train Epoch: 10 steps: 810 / 4152 loss: 3.6550170183181763
Train Epoch: 10 steps: 820 / 4152 loss: 3.7277082204818726
Train Epoch: 10 steps: 830 / 4152 loss: 3.697250008583069
Train Epoch: 10 steps: 840 / 4152 loss: 3.6567818880081178
Train Epoch: 10 steps: 850 / 4152 loss: 3.75089430809021
Train Epoch: 10 steps: 860 / 4152 loss: 3.6438010931015015
Train Epoch: 10 steps: 870 / 4152 loss: 3.6625808238983155
Train Epoch: 10 steps: 880 / 4152 loss: 3.761018681526184
Train Epoch: 10 steps: 890 / 4152 loss: 3.681615710258484
Train Epoch: 10 steps: 900 / 4152 loss: 3.6060055017471315
Train Epoch: 10 steps: 910 / 4152 loss: 3.655346179008484
Train Epoch: 10 steps: 920 / 4152 loss: 3.662234568595886
Train Epoch: 10 steps: 930 / 4152 loss: 3.705467438697815
Train Epoch: 10 steps: 940 / 4152 loss: 3.7190436363220214
Train Epoch: 10 steps: 950 / 4152 loss: 3.7255672931671144
Train Epoch: 10 steps: 960 / 4152 loss: 3.65097713470459
Train Epoch: 10 steps: 970 / 4152 loss: 3.679813838005066
Train Epoch: 10 steps: 980 / 4152 loss: 3.714991021156311
Train Epoch: 10 steps: 990 / 4152 loss: 3.7325144052505492
Train Epoch: 10 steps: 1000 / 4152 loss: 3.770706129074097
Train Epoch: 10 steps: 1010 / 4152 loss: 3.7067647218704223
Train Epoch: 10 steps: 1020 / 4152 loss: 3.691524863243103
Train Epoch: 10 steps: 1030 / 4152 loss: 3.747136926651001
Train Epoch: 10 steps: 1040 / 4152 loss: 3.6850454330444338
----------------------------------------Epoch: 11----------------------------------------
----------------------------------------Epoch: 11----------------------------------------
----------------------------------------Epoch: 11----------------------------------------
----------------------------------------Epoch: 11----------------------------------------
Train Epoch: 11 steps: 0 / 4152 loss: 0.3797381639480591
Train Epoch: 11 steps: 10 / 4152 loss: 3.689452862739563
Train Epoch: 11 steps: 20 / 4152 loss: 3.6811278104782104
Train Epoch: 11 steps: 30 / 4152 loss: 3.6978330850601195
Train Epoch: 11 steps: 40 / 4152 loss: 3.6773176908493044
Train Epoch: 11 steps: 50 / 4152 loss: 3.74449999332428
Train Epoch: 11 steps: 60 / 4152 loss: 3.7060681343078614
Train Epoch: 11 steps: 70 / 4152 loss: 3.7794509410858153
Train Epoch: 11 steps: 80 / 4152 loss: 3.679126501083374
Train Epoch: 11 steps: 90 / 4152 loss: 3.71524031162262
Train Epoch: 11 steps: 100 / 4152 loss: 3.696498656272888
Train Epoch: 11 steps: 110 / 4152 loss: 3.7280335664749145
Train Epoch: 11 steps: 120 / 4152 loss: 3.63725061416626
Train Epoch: 11 steps: 130 / 4152 loss: 3.723437285423279
Train Epoch: 11 steps: 140 / 4152 loss: 3.7606491804122926
Train Epoch: 11 steps: 150 / 4152 loss: 3.6954964637756347
Train Epoch: 11 steps: 160 / 4152 loss: 3.720481276512146
Train Epoch: 11 steps: 170 / 4152 loss: 3.681928586959839
Train Epoch: 11 steps: 180 / 4152 loss: 3.2938453912734986
Train Epoch: 11 steps: 190 / 4152 loss: 3.737938714027405
Train Epoch: 11 steps: 200 / 4152 loss: 3.7156694650650026
Train Epoch: 11 steps: 210 / 4152 loss: 3.7154213905334474
Train Epoch: 11 steps: 220 / 4152 loss: 3.6624895095825196
Train Epoch: 11 steps: 230 / 4152 loss: 3.7010967254638674
Train Epoch: 11 steps: 240 / 4152 loss: 3.6173998355865478
Train Epoch: 11 steps: 250 / 4152 loss: 3.7005983352661134
Train Epoch: 11 steps: 260 / 4152 loss: 3.753745126724243
Train Epoch: 11 steps: 270 / 4152 loss: 3.62595796585083
Train Epoch: 11 steps: 280 / 4152 loss: 3.7092912435531615
Train Epoch: 11 steps: 290 / 4152 loss: 3.701385521888733
Train Epoch: 11 steps: 300 / 4152 loss: 3.6943236351013184
Train Epoch: 11 steps: 310 / 4152 loss: 3.617051887512207
Train Epoch: 11 steps: 320 / 4152 loss: 3.7271312475204468
Train Epoch: 11 steps: 330 / 4152 loss: 3.6392441987991333
Train Epoch: 11 steps: 340 / 4152 loss: 3.675893545150757
Train Epoch: 11 steps: 350 / 4152 loss: 3.690801405906677
Train Epoch: 11 steps: 360 / 4152 loss: 3.725828742980957
Train Epoch: 11 steps: 370 / 4152 loss: 3.6818243265151978
Train Epoch: 11 steps: 380 / 4152 loss: 3.6553687334060667
Train Epoch: 11 steps: 390 / 4152 loss: 3.7022830963134767
Train Epoch: 11 steps: 400 / 4152 loss: 3.6675720691680906
Train Epoch: 11 steps: 410 / 4152 loss: 3.7036765098571776
Train Epoch: 11 steps: 420 / 4152 loss: 3.6980801820755005
Train Epoch: 11 steps: 430 / 4152 loss: 3.749618124961853
Train Epoch: 11 steps: 440 / 4152 loss: 3.6227750062942503
Train Epoch: 11 steps: 450 / 4152 loss: 3.6581578493118285
Train Epoch: 11 steps: 460 / 4152 loss: 3.687752532958984
Train Epoch: 11 steps: 470 / 4152 loss: 3.6927027463912965
Train Epoch: 11 steps: 480 / 4152 loss: 3.6788780212402346
Train Epoch: 11 steps: 490 / 4152 loss: 3.7153086185455324
Train Epoch: 11 steps: 500 / 4152 loss: 3.719362711906433
Train Epoch: 11 steps: 510 / 4152 loss: 3.718420219421387
Train Epoch: 11 steps: 520 / 4152 loss: 3.6012601375579836
Train Epoch: 11 steps: 530 / 4152 loss: 3.721634578704834
Train Epoch: 11 steps: 540 / 4152 loss: 3.674458718299866
Train Epoch: 11 steps: 550 / 4152 loss: 3.6987725257873536
Train Epoch: 11 steps: 560 / 4152 loss: 3.7531226873397827
Train Epoch: 11 steps: 570 / 4152 loss: 3.6852451086044313
Train Epoch: 11 steps: 580 / 4152 loss: 3.692246103286743
Train Epoch: 11 steps: 590 / 4152 loss: 3.7429036855697633
Train Epoch: 11 steps: 600 / 4152 loss: 3.6711328744888307
Train Epoch: 11 steps: 610 / 4152 loss: 3.6488261222839355
Train Epoch: 11 steps: 620 / 4152 loss: 3.702093315124512
Train Epoch: 11 steps: 630 / 4152 loss: 3.7154813766479493
Train Epoch: 11 steps: 640 / 4152 loss: 3.5939885854721068
Train Epoch: 11 steps: 650 / 4152 loss: 3.7145883798599244
Train Epoch: 11 steps: 660 / 4152 loss: 3.6525667667388917
Train Epoch: 11 steps: 670 / 4152 loss: 3.6866538763046264
Train Epoch: 11 steps: 680 / 4152 loss: 3.671920323371887
Train Epoch: 11 steps: 690 / 4152 loss: 3.6046985626220702
Train Epoch: 11 steps: 700 / 4152 loss: 3.7198867797851562
Train Epoch: 11 steps: 710 / 4152 loss: 3.5608763694763184
Train Epoch: 11 steps: 720 / 4152 loss: 3.61788432598114
Train Epoch: 11 steps: 730 / 4152 loss: 3.748179888725281
Train Epoch: 11 steps: 740 / 4152 loss: 3.660786581039429
Train Epoch: 11 steps: 750 / 4152 loss: 3.6611592769622803
Train Epoch: 11 steps: 760 / 4152 loss: 3.698758912086487
Train Epoch: 11 steps: 770 / 4152 loss: 3.658463168144226
Train Epoch: 11 steps: 780 / 4152 loss: 3.7078437328338625
Train Epoch: 11 steps: 790 / 4152 loss: 3.6816121339797974
Train Epoch: 11 steps: 800 / 4152 loss: 3.681628632545471
Train Epoch: 11 steps: 810 / 4152 loss: 3.7379332542419434
Train Epoch: 11 steps: 820 / 4152 loss: 3.631967329978943
Train Epoch: 11 steps: 830 / 4152 loss: 3.6831087350845335
Train Epoch: 11 steps: 840 / 4152 loss: 3.721212315559387
Train Epoch: 11 steps: 850 / 4152 loss: 3.6290042400360107
Train Epoch: 11 steps: 860 / 4152 loss: 3.6777055978775026
Train Epoch: 11 steps: 870 / 4152 loss: 3.6772924184799196
Train Epoch: 11 steps: 880 / 4152 loss: 3.750974702835083
Train Epoch: 11 steps: 890 / 4152 loss: 3.6539939641952515
Train Epoch: 11 steps: 900 / 4152 loss: 3.6559524059295656
Train Epoch: 11 steps: 910 / 4152 loss: 3.6994457483291625
Train Epoch: 11 steps: 920 / 4152 loss: 3.75104022026062
Train Epoch: 11 steps: 930 / 4152 loss: 3.742490601539612
Train Epoch: 11 steps: 940 / 4152 loss: 3.7401085615158083
Train Epoch: 11 steps: 950 / 4152 loss: 3.61911199092865
Train Epoch: 11 steps: 960 / 4152 loss: 3.677825617790222
Train Epoch: 11 steps: 970 / 4152 loss: 3.6742081880569457
Train Epoch: 11 steps: 980 / 4152 loss: 3.7304832220077513
Train Epoch: 11 steps: 990 / 4152 loss: 3.6067423582077027
Train Epoch: 11 steps: 1000 / 4152 loss: 3.7161849975585937
Train Epoch: 11 steps: 1010 / 4152 loss: 3.720206069946289
Train Epoch: 11 steps: 1020 / 4152 loss: 3.7094815015792846
Train Epoch: 11 steps: 1030 / 4152 loss: 3.7494881629943846
Train Epoch: 11 steps: 1040 / 4152 loss: 3.67697012424469
----------------------------------------Epoch: 12----------------------------------------
----------------------------------------Epoch: 12----------------------------------------
----------------------------------------Epoch: 12----------------------------------------
----------------------------------------Epoch: 12----------------------------------------
Train Epoch: 12 steps: 0 / 4152 loss: 0.3610105514526367
Train Epoch: 12 steps: 10 / 4152 loss: 3.671698880195618
Train Epoch: 12 steps: 20 / 4152 loss: 3.7135285139083862
Train Epoch: 12 steps: 30 / 4152 loss: 3.667828917503357
Train Epoch: 12 steps: 40 / 4152 loss: 3.5743017911911013
Train Epoch: 12 steps: 50 / 4152 loss: 3.673194432258606
Train Epoch: 12 steps: 60 / 4152 loss: 3.728454852104187
Train Epoch: 12 steps: 70 / 4152 loss: 3.719456362724304
Train Epoch: 12 steps: 80 / 4152 loss: 3.60297110080719
Train Epoch: 12 steps: 90 / 4152 loss: 3.530212426185608
Train Epoch: 12 steps: 100 / 4152 loss: 3.717772889137268
Train Epoch: 12 steps: 110 / 4152 loss: 3.720322060585022
Train Epoch: 12 steps: 120 / 4152 loss: 3.6973567962646485
Train Epoch: 12 steps: 130 / 4152 loss: 3.6732039213180543
Train Epoch: 12 steps: 140 / 4152 loss: 3.6162360668182374
Train Epoch: 12 steps: 150 / 4152 loss: 3.725475239753723
Train Epoch: 12 steps: 160 / 4152 loss: 3.7542943000793456
Train Epoch: 12 steps: 170 / 4152 loss: 3.6808293581008913
Train Epoch: 12 steps: 180 / 4152 loss: 3.693428158760071
Train Epoch: 12 steps: 190 / 4152 loss: 3.7426244974136353
Train Epoch: 12 steps: 200 / 4152 loss: 3.7538326501846315
Train Epoch: 12 steps: 210 / 4152 loss: 3.664042901992798
Train Epoch: 12 steps: 220 / 4152 loss: 3.7011005878448486
Train Epoch: 12 steps: 230 / 4152 loss: 3.686638116836548
Train Epoch: 12 steps: 240 / 4152 loss: 3.746642732620239
Train Epoch: 12 steps: 250 / 4152 loss: 3.677624726295471
Train Epoch: 12 steps: 260 / 4152 loss: 3.6895607709884644
Train Epoch: 12 steps: 270 / 4152 loss: 3.608860969543457
Train Epoch: 12 steps: 280 / 4152 loss: 3.6882967233657835
Train Epoch: 12 steps: 290 / 4152 loss: 3.6156195402145386
Train Epoch: 12 steps: 300 / 4152 loss: 3.6524884700775146
Train Epoch: 12 steps: 310 / 4152 loss: 3.6201967716217043
Train Epoch: 12 steps: 320 / 4152 loss: 3.608981704711914
Train Epoch: 12 steps: 330 / 4152 loss: 3.6606043100357057
Train Epoch: 12 steps: 340 / 4152 loss: 3.6684505701065064
Train Epoch: 12 steps: 350 / 4152 loss: 3.690440034866333
Train Epoch: 12 steps: 360 / 4152 loss: 3.704029893875122
Train Epoch: 12 steps: 370 / 4152 loss: 3.717524838447571
Train Epoch: 12 steps: 380 / 4152 loss: 3.7247347593307496
Train Epoch: 12 steps: 390 / 4152 loss: 3.698018956184387
Train Epoch: 12 steps: 400 / 4152 loss: 3.6265504121780396
Train Epoch: 12 steps: 410 / 4152 loss: 3.685205173492432
Train Epoch: 12 steps: 420 / 4152 loss: 3.647913861274719
Train Epoch: 12 steps: 430 / 4152 loss: 3.6581387758255004
Train Epoch: 12 steps: 440 / 4152 loss: 3.68079936504364
Train Epoch: 12 steps: 450 / 4152 loss: 3.6605016469955443
Train Epoch: 12 steps: 460 / 4152 loss: 3.7177158117294313
Train Epoch: 12 steps: 470 / 4152 loss: 3.643397402763367
Train Epoch: 12 steps: 480 / 4152 loss: 3.7255442142486572
Train Epoch: 12 steps: 490 / 4152 loss: 3.6816826105117797
Train Epoch: 12 steps: 500 / 4152 loss: 3.6414384603500367
Train Epoch: 12 steps: 510 / 4152 loss: 3.655019521713257
Train Epoch: 12 steps: 520 / 4152 loss: 3.618624711036682
Train Epoch: 12 steps: 530 / 4152 loss: 3.6152596473693848
Train Epoch: 12 steps: 540 / 4152 loss: 3.6013469219207765
Train Epoch: 12 steps: 550 / 4152 loss: 3.7130008220672606
Train Epoch: 12 steps: 560 / 4152 loss: 3.670412516593933
Train Epoch: 12 steps: 570 / 4152 loss: 3.6483234167099
Train Epoch: 12 steps: 580 / 4152 loss: 3.65134334564209
Train Epoch: 12 steps: 590 / 4152 loss: 3.668156361579895
Train Epoch: 12 steps: 600 / 4152 loss: 3.70373113155365
Train Epoch: 12 steps: 610 / 4152 loss: 3.701819825172424
Train Epoch: 12 steps: 620 / 4152 loss: 3.711437463760376
Train Epoch: 12 steps: 630 / 4152 loss: 3.7063209772109986
Train Epoch: 12 steps: 640 / 4152 loss: 3.6801481008529664
Train Epoch: 12 steps: 650 / 4152 loss: 3.715801215171814
Train Epoch: 12 steps: 660 / 4152 loss: 3.689499616622925
Train Epoch: 12 steps: 670 / 4152 loss: 3.751937222480774
Train Epoch: 12 steps: 680 / 4152 loss: 3.633721351623535
Train Epoch: 12 steps: 690 / 4152 loss: 3.6708118438720705
Train Epoch: 12 steps: 700 / 4152 loss: 3.6903579473495483
Train Epoch: 12 steps: 710 / 4152 loss: 3.7004347801208497
Train Epoch: 12 steps: 720 / 4152 loss: 3.6746402025222777
Train Epoch: 12 steps: 730 / 4152 loss: 3.658657193183899
Train Epoch: 12 steps: 740 / 4152 loss: 3.692782759666443
Train Epoch: 12 steps: 750 / 4152 loss: 3.732068920135498
Train Epoch: 12 steps: 760 / 4152 loss: 3.6423051834106444
Train Epoch: 12 steps: 770 / 4152 loss: 3.6895972728729247
Train Epoch: 12 steps: 780 / 4152 loss: 3.6640932321548463
Train Epoch: 12 steps: 790 / 4152 loss: 3.6737455129623413
Train Epoch: 12 steps: 800 / 4152 loss: 3.6792991399765014
Train Epoch: 12 steps: 810 / 4152 loss: 3.663353776931763
Train Epoch: 12 steps: 820 / 4152 loss: 3.67444224357605
Train Epoch: 12 steps: 830 / 4152 loss: 3.7090282440185547
Train Epoch: 12 steps: 840 / 4152 loss: 3.6684852123260496
Train Epoch: 12 steps: 850 / 4152 loss: 3.587656927108765
Train Epoch: 12 steps: 860 / 4152 loss: 3.698707389831543
Train Epoch: 12 steps: 870 / 4152 loss: 3.6162972927093504
Train Epoch: 12 steps: 880 / 4152 loss: 3.704677700996399
Train Epoch: 12 steps: 890 / 4152 loss: 3.7521586656570434
Train Epoch: 12 steps: 900 / 4152 loss: 3.67840256690979
Train Epoch: 12 steps: 910 / 4152 loss: 3.735703635215759
Train Epoch: 12 steps: 920 / 4152 loss: 3.616581606864929
Train Epoch: 12 steps: 930 / 4152 loss: 3.7114591360092164
Train Epoch: 12 steps: 940 / 4152 loss: 3.572439742088318
Train Epoch: 12 steps: 950 / 4152 loss: 3.677587628364563
Train Epoch: 12 steps: 960 / 4152 loss: 3.631212043762207
Train Epoch: 12 steps: 970 / 4152 loss: 3.728085827827454
Train Epoch: 12 steps: 980 / 4152 loss: 3.644646668434143
Train Epoch: 12 steps: 990 / 4152 loss: 3.671868371963501
Train Epoch: 12 steps: 1000 / 4152 loss: 3.7148616552352904
Train Epoch: 12 steps: 1010 / 4152 loss: 3.6516706705093385
Train Epoch: 12 steps: 1020 / 4152 loss: 3.692029857635498
Train Epoch: 12 steps: 1030 / 4152 loss: 3.642296552658081
Train Epoch: 12 steps: 1040 / 4152 loss: 3.6998796224594117
----------------------------------------Epoch: 13----------------------------------------
----------------------------------------Epoch: 13----------------------------------------
----------------------------------------Epoch: 13----------------------------------------
----------------------------------------Epoch: 13----------------------------------------
Train Epoch: 13 steps: 0 / 4152 loss: 0.37659003734588625
Train Epoch: 13 steps: 10 / 4152 loss: 3.629087972640991
Train Epoch: 13 steps: 20 / 4152 loss: 3.677597165107727
Train Epoch: 13 steps: 30 / 4152 loss: 3.64147367477417
Train Epoch: 13 steps: 40 / 4152 loss: 3.6442134380340576
Train Epoch: 13 steps: 50 / 4152 loss: 3.6957621335983277
Train Epoch: 13 steps: 60 / 4152 loss: 3.7606898307800294
Train Epoch: 13 steps: 70 / 4152 loss: 3.6347169637680055
Train Epoch: 13 steps: 80 / 4152 loss: 3.595619559288025
Train Epoch: 13 steps: 90 / 4152 loss: 3.625590443611145
Train Epoch: 13 steps: 100 / 4152 loss: 3.679304003715515
Train Epoch: 13 steps: 110 / 4152 loss: 3.732999563217163
Train Epoch: 13 steps: 120 / 4152 loss: 3.722919058799744
Train Epoch: 13 steps: 130 / 4152 loss: 3.600653314590454
Train Epoch: 13 steps: 140 / 4152 loss: 3.655992293357849
Train Epoch: 13 steps: 150 / 4152 loss: 3.7262871503829955
Train Epoch: 13 steps: 160 / 4152 loss: 3.664818596839905
Train Epoch: 13 steps: 170 / 4152 loss: 3.675874137878418
Train Epoch: 13 steps: 190 / 4152 loss: 7.005551099777222
Train Epoch: 13 steps: 200 / 4152 loss: 3.6484006881713866
Train Epoch: 13 steps: 210 / 4152 loss: 3.761708474159241
Train Epoch: 13 steps: 220 / 4152 loss: 3.739620804786682
Train Epoch: 13 steps: 230 / 4152 loss: 3.625339126586914
Train Epoch: 13 steps: 240 / 4152 loss: 3.6693995714187624
Train Epoch: 13 steps: 250 / 4152 loss: 3.6176564693450928
Train Epoch: 13 steps: 260 / 4152 loss: 3.5715860605239866
Train Epoch: 13 steps: 270 / 4152 loss: 3.6815260887145995
Train Epoch: 13 steps: 280 / 4152 loss: 3.6823369026184083
Train Epoch: 13 steps: 290 / 4152 loss: 3.6572591066360474
Train Epoch: 13 steps: 300 / 4152 loss: 3.64078209400177
Train Epoch: 13 steps: 310 / 4152 loss: 3.6647375345230104
Train Epoch: 13 steps: 320 / 4152 loss: 3.688114953041077
Train Epoch: 13 steps: 330 / 4152 loss: 3.711349439620972
Train Epoch: 13 steps: 340 / 4152 loss: 3.6388508081436157
Train Epoch: 13 steps: 350 / 4152 loss: 3.544181990623474
Train Epoch: 13 steps: 360 / 4152 loss: 3.6439635038375853
Train Epoch: 13 steps: 370 / 4152 loss: 3.653928542137146
Train Epoch: 13 steps: 380 / 4152 loss: 3.6715856790542603
Train Epoch: 13 steps: 390 / 4152 loss: 3.64768762588501
Train Epoch: 13 steps: 400 / 4152 loss: 3.665393424034119
Train Epoch: 13 steps: 410 / 4152 loss: 3.727684259414673
Train Epoch: 13 steps: 420 / 4152 loss: 3.653431797027588
Train Epoch: 13 steps: 430 / 4152 loss: 3.6287965774536133
Train Epoch: 13 steps: 440 / 4152 loss: 3.579289937019348
Train Epoch: 13 steps: 450 / 4152 loss: 3.641290855407715
Train Epoch: 13 steps: 460 / 4152 loss: 3.730789613723755
Train Epoch: 13 steps: 470 / 4152 loss: 3.6531941175460814
Train Epoch: 13 steps: 480 / 4152 loss: 3.728624677658081
Train Epoch: 13 steps: 490 / 4152 loss: 3.7001308679580687
Train Epoch: 13 steps: 500 / 4152 loss: 3.5891417503356933
Train Epoch: 13 steps: 510 / 4152 loss: 3.704923176765442
Train Epoch: 13 steps: 520 / 4152 loss: 3.6926304578781126
Train Epoch: 13 steps: 530 / 4152 loss: 3.671318197250366
Train Epoch: 13 steps: 540 / 4152 loss: 3.7296626329422
Train Epoch: 13 steps: 550 / 4152 loss: 3.620174694061279
Train Epoch: 13 steps: 560 / 4152 loss: 3.676296758651733
Train Epoch: 13 steps: 570 / 4152 loss: 3.6077103137969972
Train Epoch: 13 steps: 580 / 4152 loss: 3.6899903774261475
Train Epoch: 13 steps: 590 / 4152 loss: 3.627784991264343
Train Epoch: 13 steps: 600 / 4152 loss: 3.677374172210693
Train Epoch: 13 steps: 610 / 4152 loss: 3.6945869445800783
Train Epoch: 13 steps: 620 / 4152 loss: 3.69481201171875
Train Epoch: 13 steps: 630 / 4152 loss: 3.6100600004196166
Train Epoch: 13 steps: 640 / 4152 loss: 3.632673215866089
Train Epoch: 13 steps: 650 / 4152 loss: 3.751166892051697
Train Epoch: 13 steps: 660 / 4152 loss: 3.6690263986587524
Train Epoch: 13 steps: 670 / 4152 loss: 3.6820068836212156
Train Epoch: 13 steps: 680 / 4152 loss: 3.560641622543335
Train Epoch: 13 steps: 690 / 4152 loss: 3.689464831352234
Train Epoch: 13 steps: 700 / 4152 loss: 3.674768257141113
Train Epoch: 13 steps: 710 / 4152 loss: 3.5810093879699707
Train Epoch: 13 steps: 720 / 4152 loss: 3.734809947013855
Train Epoch: 13 steps: 730 / 4152 loss: 3.632091450691223
Train Epoch: 13 steps: 740 / 4152 loss: 3.7188766956329347
Train Epoch: 13 steps: 750 / 4152 loss: 3.695272135734558
Train Epoch: 13 steps: 760 / 4152 loss: 3.6614377737045287
Train Epoch: 13 steps: 770 / 4152 loss: 3.5944902896881104
Train Epoch: 13 steps: 780 / 4152 loss: 3.657951092720032
Train Epoch: 13 steps: 790 / 4152 loss: 3.775624942779541
Train Epoch: 13 steps: 800 / 4152 loss: 3.674349141120911
Train Epoch: 13 steps: 810 / 4152 loss: 3.7277570962905884
Train Epoch: 13 steps: 820 / 4152 loss: 3.758466196060181
Train Epoch: 13 steps: 830 / 4152 loss: 3.715240550041199
Train Epoch: 13 steps: 840 / 4152 loss: 3.634137725830078
Train Epoch: 13 steps: 850 / 4152 loss: 3.6860233783721923
Train Epoch: 13 steps: 860 / 4152 loss: 3.6956709384918214
Train Epoch: 13 steps: 870 / 4152 loss: 3.624326992034912
Train Epoch: 13 steps: 880 / 4152 loss: 3.7258638381958007
Train Epoch: 13 steps: 890 / 4152 loss: 3.708639049530029
Train Epoch: 13 steps: 900 / 4152 loss: 3.6021119117736817
Train Epoch: 13 steps: 910 / 4152 loss: 3.6695855140686033
Train Epoch: 13 steps: 920 / 4152 loss: 3.7006516218185426
Train Epoch: 13 steps: 930 / 4152 loss: 3.6996649503707886
Train Epoch: 13 steps: 940 / 4152 loss: 3.601358437538147
Train Epoch: 13 steps: 950 / 4152 loss: 3.7291534423828123
Train Epoch: 13 steps: 960 / 4152 loss: 3.641704058647156
Train Epoch: 13 steps: 970 / 4152 loss: 3.7067211151123045
Train Epoch: 13 steps: 980 / 4152 loss: 3.6664974689483643
Train Epoch: 13 steps: 990 / 4152 loss: 3.5405929327011108
Train Epoch: 13 steps: 1000 / 4152 loss: 3.603739333152771
Train Epoch: 13 steps: 1010 / 4152 loss: 3.688766098022461
Train Epoch: 13 steps: 1020 / 4152 loss: 3.715415024757385
Train Epoch: 13 steps: 1030 / 4152 loss: 3.709051084518433
Train Epoch: 13 steps: 1040 / 4152 loss: 3.697519397735596
----------------------------------------Epoch: 14----------------------------------------
----------------------------------------Epoch: 14----------------------------------------
----------------------------------------Epoch: 14----------------------------------------
----------------------------------------Epoch: 14----------------------------------------
Train Epoch: 14 steps: 0 / 4152 loss: 0.3717909812927246
Train Epoch: 14 steps: 10 / 4152 loss: 3.6310360431671143
Train Epoch: 14 steps: 20 / 4152 loss: 3.630282258987427
Train Epoch: 14 steps: 30 / 4152 loss: 3.6415560960769655
Train Epoch: 14 steps: 40 / 4152 loss: 3.720391535758972
Train Epoch: 14 steps: 50 / 4152 loss: 3.6110576391220093
Train Epoch: 14 steps: 60 / 4152 loss: 3.5799014806747436
Train Epoch: 14 steps: 70 / 4152 loss: 3.6173563957214356
Train Epoch: 14 steps: 80 / 4152 loss: 3.617930197715759
Train Epoch: 14 steps: 90 / 4152 loss: 3.7274834871292115
Train Epoch: 14 steps: 100 / 4152 loss: 3.71426899433136
Train Epoch: 14 steps: 110 / 4152 loss: 3.5475916385650637
Train Epoch: 14 steps: 120 / 4152 loss: 3.6827057600021362
Train Epoch: 14 steps: 130 / 4152 loss: 3.6912498474121094
Train Epoch: 14 steps: 140 / 4152 loss: 3.7100459814071653
Train Epoch: 14 steps: 150 / 4152 loss: 3.611744523048401
Train Epoch: 14 steps: 160 / 4152 loss: 3.654582071304321
Train Epoch: 14 steps: 170 / 4152 loss: 3.5946863412857057
Train Epoch: 14 steps: 180 / 4152 loss: 3.616588854789734
Train Epoch: 14 steps: 190 / 4152 loss: 3.6801162719726563
Train Epoch: 14 steps: 200 / 4152 loss: 3.6054248094558714
Train Epoch: 14 steps: 210 / 4152 loss: 3.7184205532073973
Train Epoch: 14 steps: 220 / 4152 loss: 3.655076575279236
Train Epoch: 14 steps: 230 / 4152 loss: 3.638168287277222
Train Epoch: 14 steps: 240 / 4152 loss: 3.6805285453796386
Train Epoch: 14 steps: 250 / 4152 loss: 3.637986755371094
Train Epoch: 14 steps: 260 / 4152 loss: 3.688886523246765
Train Epoch: 14 steps: 270 / 4152 loss: 3.5997911214828493
Train Epoch: 14 steps: 280 / 4152 loss: 3.70875027179718
Train Epoch: 14 steps: 290 / 4152 loss: 3.635489010810852
Train Epoch: 14 steps: 300 / 4152 loss: 3.625397038459778
Train Epoch: 14 steps: 310 / 4152 loss: 3.6851688623428345
Train Epoch: 14 steps: 320 / 4152 loss: 3.548003911972046
Train Epoch: 14 steps: 330 / 4152 loss: 3.612595295906067
Train Epoch: 14 steps: 340 / 4152 loss: 3.6468315601348875
Train Epoch: 14 steps: 350 / 4152 loss: 3.6770373582839966
Train Epoch: 14 steps: 360 / 4152 loss: 3.6887146472930907
Train Epoch: 14 steps: 370 / 4152 loss: 3.7657374143600464
Train Epoch: 14 steps: 380 / 4152 loss: 3.6262154579162598
Train Epoch: 14 steps: 390 / 4152 loss: 3.690128135681152
Train Epoch: 14 steps: 400 / 4152 loss: 3.6773891687393188
Train Epoch: 14 steps: 410 / 4152 loss: 3.6901626110076906
Train Epoch: 14 steps: 420 / 4152 loss: 3.6347559213638307
Train Epoch: 14 steps: 430 / 4152 loss: 3.637582230567932
Train Epoch: 14 steps: 440 / 4152 loss: 3.581770348548889
Train Epoch: 14 steps: 450 / 4152 loss: 3.672140622138977
Train Epoch: 14 steps: 460 / 4152 loss: 3.6599237442016603
Train Epoch: 14 steps: 470 / 4152 loss: 3.587808060646057
Train Epoch: 14 steps: 480 / 4152 loss: 3.664104461669922
Train Epoch: 14 steps: 490 / 4152 loss: 3.699601721763611
Train Epoch: 14 steps: 500 / 4152 loss: 3.6952456712722777
Train Epoch: 14 steps: 510 / 4152 loss: 3.6886293649673463
Train Epoch: 14 steps: 520 / 4152 loss: 3.6262810707092283
Train Epoch: 14 steps: 530 / 4152 loss: 3.654743266105652
Train Epoch: 14 steps: 540 / 4152 loss: 3.6243607997894287
Train Epoch: 14 steps: 550 / 4152 loss: 3.6547722578048707
Train Epoch: 14 steps: 560 / 4152 loss: 3.686333656311035
Train Epoch: 14 steps: 570 / 4152 loss: 3.6270431756973265
Train Epoch: 14 steps: 580 / 4152 loss: 3.588168811798096
Train Epoch: 14 steps: 590 / 4152 loss: 3.630647873878479
Train Epoch: 14 steps: 600 / 4152 loss: 3.7422813177108765
Train Epoch: 14 steps: 610 / 4152 loss: 3.649548149108887
Train Epoch: 14 steps: 620 / 4152 loss: 3.692825102806091
Train Epoch: 14 steps: 630 / 4152 loss: 3.6952862977981566
Train Epoch: 14 steps: 640 / 4152 loss: 3.737444615364075
Train Epoch: 14 steps: 650 / 4152 loss: 3.6429925203323363
Train Epoch: 14 steps: 660 / 4152 loss: 3.6625207662582397
Train Epoch: 14 steps: 670 / 4152 loss: 3.5728921413421633
Train Epoch: 14 steps: 680 / 4152 loss: 3.6595458984375
Train Epoch: 14 steps: 690 / 4152 loss: 3.650478649139404
Train Epoch: 14 steps: 700 / 4152 loss: 3.6594067335128786
Train Epoch: 14 steps: 710 / 4152 loss: 3.6432854175567626
Train Epoch: 14 steps: 720 / 4152 loss: 3.6752466201782226
Train Epoch: 14 steps: 730 / 4152 loss: 3.663373613357544
Train Epoch: 14 steps: 740 / 4152 loss: 3.5806305170059205
Train Epoch: 14 steps: 750 / 4152 loss: 3.6708935737609862
Train Epoch: 14 steps: 760 / 4152 loss: 3.579483485221863
Train Epoch: 14 steps: 770 / 4152 loss: 3.6456043004989622
Train Epoch: 14 steps: 780 / 4152 loss: 3.6804322004318237
Train Epoch: 14 steps: 790 / 4152 loss: 3.696200704574585
Train Epoch: 14 steps: 800 / 4152 loss: 3.7047016620635986
Train Epoch: 14 steps: 810 / 4152 loss: 3.68534996509552
Train Epoch: 14 steps: 820 / 4152 loss: 3.6391921520233153
Train Epoch: 14 steps: 830 / 4152 loss: 3.6074861526489257
Train Epoch: 14 steps: 840 / 4152 loss: 3.6123557090759277
Train Epoch: 14 steps: 850 / 4152 loss: 3.695346999168396
Train Epoch: 14 steps: 860 / 4152 loss: 3.5975377798080443
Train Epoch: 14 steps: 870 / 4152 loss: 3.5948724508285523
Train Epoch: 14 steps: 880 / 4152 loss: 3.6391405344009398
Train Epoch: 14 steps: 890 / 4152 loss: 3.6497591972351073
Train Epoch: 14 steps: 900 / 4152 loss: 3.5514938592910767
Train Epoch: 14 steps: 910 / 4152 loss: 3.600474810600281
Train Epoch: 14 steps: 920 / 4152 loss: 3.6333607912063597
Train Epoch: 14 steps: 930 / 4152 loss: 3.6167285203933717
Train Epoch: 14 steps: 940 / 4152 loss: 3.6682986974716187
Train Epoch: 14 steps: 950 / 4152 loss: 3.687179946899414
Train Epoch: 14 steps: 960 / 4152 loss: 3.730845499038696
Train Epoch: 14 steps: 970 / 4152 loss: 3.613583874702454
Train Epoch: 14 steps: 980 / 4152 loss: 3.6182620763778686
Train Epoch: 14 steps: 1000 / 4152 loss: 7.001711130142212
Train Epoch: 14 steps: 1010 / 4152 loss: 3.518781280517578
Train Epoch: 14 steps: 1020 / 4152 loss: 3.7114041566848757
Train Epoch: 14 steps: 1030 / 4152 loss: 3.64959135055542
Train Epoch: 14 steps: 1040 / 4152 loss: 3.616720986366272
----------------------------------------Epoch: 15----------------------------------------
----------------------------------------Epoch: 15----------------------------------------
----------------------------------------Epoch: 15----------------------------------------
----------------------------------------Epoch: 15----------------------------------------
Train Epoch: 15 steps: 0 / 4152 loss: 0.36716082096099856
Train Epoch: 15 steps: 10 / 4152 loss: 3.6906734466552735
Train Epoch: 15 steps: 20 / 4152 loss: 3.7253396987915037
Train Epoch: 15 steps: 30 / 4152 loss: 3.6321772575378417
Train Epoch: 15 steps: 40 / 4152 loss: 3.6305681705474853
Train Epoch: 15 steps: 50 / 4152 loss: 3.6544661283493043
Train Epoch: 15 steps: 60 / 4152 loss: 3.6191377878189086
Train Epoch: 15 steps: 70 / 4152 loss: 3.623892903327942
Train Epoch: 15 steps: 80 / 4152 loss: 3.6749292612075806
Train Epoch: 15 steps: 90 / 4152 loss: 3.510227155685425
Train Epoch: 15 steps: 100 / 4152 loss: 3.649204730987549
Train Epoch: 15 steps: 110 / 4152 loss: 3.648044753074646
Train Epoch: 15 steps: 120 / 4152 loss: 3.7019062995910645
Train Epoch: 15 steps: 130 / 4152 loss: 3.6517136812210085
Train Epoch: 15 steps: 140 / 4152 loss: 3.6199992895126343
Train Epoch: 15 steps: 150 / 4152 loss: 3.6437857866287233
Train Epoch: 15 steps: 160 / 4152 loss: 3.5979111194610596
Train Epoch: 15 steps: 170 / 4152 loss: 3.62197425365448
Train Epoch: 15 steps: 180 / 4152 loss: 3.6850558280944825
Train Epoch: 15 steps: 190 / 4152 loss: 3.6452816247940065
Train Epoch: 15 steps: 200 / 4152 loss: 3.7167071104049683
Train Epoch: 15 steps: 210 / 4152 loss: 3.6649855613708495
Train Epoch: 15 steps: 220 / 4152 loss: 3.5652873039245607
Train Epoch: 15 steps: 230 / 4152 loss: 3.570492076873779
Train Epoch: 15 steps: 240 / 4152 loss: 3.623523449897766
Train Epoch: 15 steps: 250 / 4152 loss: 3.70801100730896
Train Epoch: 15 steps: 260 / 4152 loss: 3.6689207792282104
Train Epoch: 15 steps: 270 / 4152 loss: 3.6086098909378053
Train Epoch: 15 steps: 280 / 4152 loss: 3.609309363365173
Train Epoch: 15 steps: 290 / 4152 loss: 3.6682373046875
Train Epoch: 15 steps: 300 / 4152 loss: 3.6207727670669554
Train Epoch: 15 steps: 310 / 4152 loss: 3.5521746635437013
Train Epoch: 15 steps: 320 / 4152 loss: 3.7038179636001587
Train Epoch: 15 steps: 330 / 4152 loss: 3.6533515453338623
Train Epoch: 15 steps: 340 / 4152 loss: 3.640515160560608
Train Epoch: 15 steps: 350 / 4152 loss: 3.7107303380966186
Train Epoch: 15 steps: 360 / 4152 loss: 3.6069631814956664
Train Epoch: 15 steps: 370 / 4152 loss: 3.4965822219848635
Train Epoch: 15 steps: 380 / 4152 loss: 3.6527074813842773
Train Epoch: 15 steps: 390 / 4152 loss: 3.6937438011169434
Train Epoch: 15 steps: 400 / 4152 loss: 3.587073230743408
Train Epoch: 15 steps: 410 / 4152 loss: 3.7053672075271606
Train Epoch: 15 steps: 420 / 4152 loss: 3.6350050926208497
Train Epoch: 15 steps: 430 / 4152 loss: 3.5460114240646363
Train Epoch: 15 steps: 440 / 4152 loss: 3.589556360244751
Train Epoch: 15 steps: 450 / 4152 loss: 3.5468204736709597
Train Epoch: 15 steps: 460 / 4152 loss: 3.625909352302551
Train Epoch: 15 steps: 470 / 4152 loss: 3.7309978008270264
Train Epoch: 15 steps: 480 / 4152 loss: 3.5560878038406374
Train Epoch: 15 steps: 490 / 4152 loss: 3.630564260482788
Train Epoch: 15 steps: 500 / 4152 loss: 3.5907792806625367
Train Epoch: 15 steps: 510 / 4152 loss: 3.5802869319915773
Train Epoch: 15 steps: 520 / 4152 loss: 3.6621121406555175
Train Epoch: 15 steps: 530 / 4152 loss: 3.6625232458114625
Train Epoch: 15 steps: 540 / 4152 loss: 3.6667514562606813
Train Epoch: 15 steps: 550 / 4152 loss: 3.693887209892273
Train Epoch: 15 steps: 560 / 4152 loss: 3.6624006271362304
Train Epoch: 15 steps: 570 / 4152 loss: 3.666073799133301
Train Epoch: 15 steps: 580 / 4152 loss: 3.6931050300598143
Train Epoch: 15 steps: 590 / 4152 loss: 3.6619738340377808
Train Epoch: 15 steps: 600 / 4152 loss: 3.6493113040924072
Train Epoch: 15 steps: 610 / 4152 loss: 3.666697359085083
Train Epoch: 15 steps: 620 / 4152 loss: 3.588805842399597
Train Epoch: 15 steps: 630 / 4152 loss: 3.6209980487823485
Train Epoch: 15 steps: 640 / 4152 loss: 3.6907236099243166
Train Epoch: 15 steps: 650 / 4152 loss: 3.61683394908905
Train Epoch: 15 steps: 660 / 4152 loss: 3.6517725467681883
Train Epoch: 15 steps: 670 / 4152 loss: 3.679507851600647
Train Epoch: 15 steps: 680 / 4152 loss: 3.532799983024597
Train Epoch: 15 steps: 690 / 4152 loss: 3.593717885017395
Train Epoch: 15 steps: 700 / 4152 loss: 3.555089569091797
Train Epoch: 15 steps: 710 / 4152 loss: 3.564477252960205
Train Epoch: 15 steps: 720 / 4152 loss: 3.5662471294403075
Train Epoch: 15 steps: 730 / 4152 loss: 3.614678430557251
Train Epoch: 15 steps: 740 / 4152 loss: 3.6849225759506226
Train Epoch: 15 steps: 750 / 4152 loss: 3.5527970790863037
Train Epoch: 15 steps: 760 / 4152 loss: 3.691922163963318
Train Epoch: 15 steps: 770 / 4152 loss: 3.602153491973877
Train Epoch: 15 steps: 780 / 4152 loss: 3.5843252420425413
Train Epoch: 15 steps: 790 / 4152 loss: 3.679812693595886
Train Epoch: 15 steps: 800 / 4152 loss: 3.6793673515319822
Train Epoch: 15 steps: 810 / 4152 loss: 3.566860389709473
Train Epoch: 15 steps: 820 / 4152 loss: 3.636830711364746
Train Epoch: 15 steps: 830 / 4152 loss: 3.6656887769699096
Train Epoch: 15 steps: 840 / 4152 loss: 3.728928828239441
Train Epoch: 15 steps: 850 / 4152 loss: 3.6009771823883057
Train Epoch: 15 steps: 860 / 4152 loss: 3.6398677825927734
Train Epoch: 15 steps: 870 / 4152 loss: 3.667073464393616
Train Epoch: 15 steps: 880 / 4152 loss: 3.707404541969299
Train Epoch: 15 steps: 890 / 4152 loss: 3.583488440513611
Train Epoch: 15 steps: 900 / 4152 loss: 3.5915985345840453
Train Epoch: 15 steps: 910 / 4152 loss: 3.631592345237732
Train Epoch: 15 steps: 920 / 4152 loss: 3.6490319967269897
Train Epoch: 15 steps: 930 / 4152 loss: 3.6384319067001343
Train Epoch: 15 steps: 940 / 4152 loss: 3.6117688179016114
Train Epoch: 15 steps: 950 / 4152 loss: 3.6897589206695556
Train Epoch: 15 steps: 960 / 4152 loss: 3.6045825481414795
Train Epoch: 15 steps: 970 / 4152 loss: 3.584306836128235
Train Epoch: 15 steps: 980 / 4152 loss: 3.6468358755111696
Train Epoch: 15 steps: 990 / 4152 loss: 3.643518090248108
Train Epoch: 15 steps: 1000 / 4152 loss: 3.5838825941085815
Train Epoch: 15 steps: 1010 / 4152 loss: 3.6517765522003174
Train Epoch: 15 steps: 1020 / 4152 loss: 3.6312039375305174
Train Epoch: 15 steps: 1030 / 4152 loss: 3.6552881717681887
Train Epoch: 15 steps: 1040 / 4152 loss: 3.585881996154785
----------------------------------------Epoch: 16----------------------------------------
----------------------------------------Epoch: 16----------------------------------------
----------------------------------------Epoch: 16----------------------------------------
----------------------------------------Epoch: 16----------------------------------------
Train Epoch: 16 steps: 0 / 4152 loss: 0.3484707593917847
Train Epoch: 16 steps: 10 / 4152 loss: 3.6291505336761474
Train Epoch: 16 steps: 20 / 4152 loss: 3.633551025390625
Train Epoch: 16 steps: 30 / 4152 loss: 3.6477375745773317
Train Epoch: 16 steps: 40 / 4152 loss: 3.6742791652679445
Train Epoch: 16 steps: 50 / 4152 loss: 3.6553245306015016
Train Epoch: 16 steps: 60 / 4152 loss: 3.6206032276153564
Train Epoch: 16 steps: 70 / 4152 loss: 3.5840534448623655
Train Epoch: 16 steps: 80 / 4152 loss: 3.6491868019104006
Train Epoch: 16 steps: 90 / 4152 loss: 3.626850461959839
Train Epoch: 16 steps: 100 / 4152 loss: 3.6943723440170286
Train Epoch: 16 steps: 110 / 4152 loss: 3.6185500621795654
Train Epoch: 16 steps: 120 / 4152 loss: 3.6585811614990233
Train Epoch: 16 steps: 130 / 4152 loss: 3.6604200839996337
Train Epoch: 16 steps: 140 / 4152 loss: 3.5749557971954347
Train Epoch: 16 steps: 150 / 4152 loss: 3.576914143562317
Train Epoch: 16 steps: 160 / 4152 loss: 3.665284013748169
Train Epoch: 16 steps: 170 / 4152 loss: 3.6660407543182374
Train Epoch: 16 steps: 180 / 4152 loss: 3.5632654428482056
Train Epoch: 16 steps: 190 / 4152 loss: 3.5367245435714723
Train Epoch: 16 steps: 200 / 4152 loss: 3.5876157522201537
Train Epoch: 16 steps: 210 / 4152 loss: 3.6758172035217287
Train Epoch: 16 steps: 220 / 4152 loss: 3.651607370376587
Train Epoch: 16 steps: 230 / 4152 loss: 3.626264142990112
Train Epoch: 16 steps: 240 / 4152 loss: 3.683466100692749
Train Epoch: 16 steps: 250 / 4152 loss: 3.6167962074279787
Train Epoch: 16 steps: 260 / 4152 loss: 3.6120638847351074
Train Epoch: 16 steps: 270 / 4152 loss: 3.684980368614197
Train Epoch: 16 steps: 280 / 4152 loss: 3.653423476219177
Train Epoch: 16 steps: 290 / 4152 loss: 3.5893845558166504
Train Epoch: 16 steps: 300 / 4152 loss: 3.6555662631988524
Train Epoch: 16 steps: 310 / 4152 loss: 3.527791738510132
Train Epoch: 16 steps: 320 / 4152 loss: 3.6207070112228394
Train Epoch: 16 steps: 330 / 4152 loss: 3.6668458223342895
Train Epoch: 16 steps: 340 / 4152 loss: 3.682061219215393
Train Epoch: 16 steps: 350 / 4152 loss: 3.5378324508666994
Train Epoch: 16 steps: 360 / 4152 loss: 3.570009207725525
Train Epoch: 16 steps: 370 / 4152 loss: 3.6337697744369506
Train Epoch: 16 steps: 380 / 4152 loss: 3.58369619846344
Train Epoch: 16 steps: 390 / 4152 loss: 3.6376446008682253
Train Epoch: 16 steps: 400 / 4152 loss: 3.6133413076400758
Train Epoch: 16 steps: 410 / 4152 loss: 3.701894164085388
Train Epoch: 16 steps: 420 / 4152 loss: 3.586983871459961
Train Epoch: 16 steps: 430 / 4152 loss: 3.595904517173767
Train Epoch: 16 steps: 440 / 4152 loss: 3.650735926628113
Train Epoch: 16 steps: 450 / 4152 loss: 3.5280081033706665
Train Epoch: 16 steps: 460 / 4152 loss: 3.593826699256897
Train Epoch: 16 steps: 470 / 4152 loss: 3.6454659700393677
Train Epoch: 16 steps: 480 / 4152 loss: 3.5783453702926638
Train Epoch: 16 steps: 490 / 4152 loss: 3.69671630859375
Train Epoch: 16 steps: 500 / 4152 loss: 3.6018166542053223
Train Epoch: 16 steps: 510 / 4152 loss: 3.634434223175049
Train Epoch: 16 steps: 520 / 4152 loss: 3.6590744733810423
Train Epoch: 16 steps: 530 / 4152 loss: 3.6985435485839844
Train Epoch: 16 steps: 540 / 4152 loss: 3.612546467781067
Train Epoch: 16 steps: 550 / 4152 loss: 3.6047794342041017
Train Epoch: 16 steps: 560 / 4152 loss: 3.597877526283264
Train Epoch: 16 steps: 570 / 4152 loss: 3.5951618432998655
Train Epoch: 16 steps: 580 / 4152 loss: 3.684485173225403
Train Epoch: 16 steps: 590 / 4152 loss: 3.5714139223098753
Train Epoch: 16 steps: 600 / 4152 loss: 3.69188973903656
Train Epoch: 16 steps: 610 / 4152 loss: 3.5935510635375976
Train Epoch: 16 steps: 620 / 4152 loss: 3.6086073875427247
Train Epoch: 16 steps: 630 / 4152 loss: 3.647842788696289
Train Epoch: 16 steps: 640 / 4152 loss: 3.6448201894760133
Train Epoch: 16 steps: 650 / 4152 loss: 3.6133336067199706
Train Epoch: 16 steps: 660 / 4152 loss: 3.6359601497650145
Train Epoch: 16 steps: 670 / 4152 loss: 3.654087853431702
Train Epoch: 16 steps: 680 / 4152 loss: 3.205217218399048
Train Epoch: 16 steps: 690 / 4152 loss: 3.6636382579803466
Train Epoch: 16 steps: 700 / 4152 loss: 3.5951563119888306
Train Epoch: 16 steps: 710 / 4152 loss: 3.604518747329712
Train Epoch: 16 steps: 720 / 4152 loss: 3.587407612800598
Train Epoch: 16 steps: 730 / 4152 loss: 3.6659792184829714
Train Epoch: 16 steps: 740 / 4152 loss: 3.519297695159912
Train Epoch: 16 steps: 750 / 4152 loss: 3.624956560134888
Train Epoch: 16 steps: 760 / 4152 loss: 3.6686397314071657
Train Epoch: 16 steps: 770 / 4152 loss: 3.669969415664673
Train Epoch: 16 steps: 780 / 4152 loss: 3.652017426490784
Train Epoch: 16 steps: 790 / 4152 loss: 3.545453143119812
Train Epoch: 16 steps: 800 / 4152 loss: 3.6740874528884886
Train Epoch: 16 steps: 810 / 4152 loss: 3.618242931365967
Train Epoch: 16 steps: 820 / 4152 loss: 3.6164586305618287
Train Epoch: 16 steps: 830 / 4152 loss: 3.6158401012420653
Train Epoch: 16 steps: 840 / 4152 loss: 3.642612934112549
Train Epoch: 16 steps: 850 / 4152 loss: 3.557200217247009
Train Epoch: 16 steps: 860 / 4152 loss: 3.603672003746033
Train Epoch: 16 steps: 870 / 4152 loss: 3.6582383155822753
Train Epoch: 16 steps: 880 / 4152 loss: 3.6453664541244506
Train Epoch: 16 steps: 890 / 4152 loss: 3.5691795110702516
Train Epoch: 16 steps: 900 / 4152 loss: 3.6034710884094237
Train Epoch: 16 steps: 910 / 4152 loss: 3.6629809141159058
Train Epoch: 16 steps: 920 / 4152 loss: 3.6378307342529297
Train Epoch: 16 steps: 930 / 4152 loss: 3.691073250770569
Train Epoch: 16 steps: 940 / 4152 loss: 3.615518498420715
Train Epoch: 16 steps: 950 / 4152 loss: 3.579155158996582
Train Epoch: 16 steps: 960 / 4152 loss: 3.541661763191223
Train Epoch: 16 steps: 970 / 4152 loss: 3.5919142961502075
Train Epoch: 16 steps: 980 / 4152 loss: 3.7119491577148436
Train Epoch: 16 steps: 990 / 4152 loss: 3.5824111700057983
Train Epoch: 16 steps: 1000 / 4152 loss: 3.6231741189956663
Train Epoch: 16 steps: 1010 / 4152 loss: 3.55990846157074
Train Epoch: 16 steps: 1020 / 4152 loss: 3.6394850254058837
Train Epoch: 16 steps: 1030 / 4152 loss: 3.653320288658142
Train Epoch: 16 steps: 1040 / 4152 loss: 3.6361828327178953
----------------------------------------Epoch: 17----------------------------------------
----------------------------------------Epoch: 17----------------------------------------
----------------------------------------Epoch: 17----------------------------------------
----------------------------------------Epoch: 17----------------------------------------
Train Epoch: 17 steps: 0 / 4152 loss: 0.3658243179321289
Train Epoch: 17 steps: 10 / 4152 loss: 3.582173466682434
Train Epoch: 17 steps: 20 / 4152 loss: 3.617703580856323
Train Epoch: 17 steps: 30 / 4152 loss: 3.6509281873703
Train Epoch: 17 steps: 40 / 4152 loss: 3.5595850706100465
Train Epoch: 17 steps: 50 / 4152 loss: 3.649203300476074
Train Epoch: 17 steps: 60 / 4152 loss: 3.5421913146972654
Train Epoch: 17 steps: 70 / 4152 loss: 3.6450940370559692
Train Epoch: 17 steps: 80 / 4152 loss: 3.5678017139434814
Train Epoch: 17 steps: 90 / 4152 loss: 3.6203346967697145
Train Epoch: 17 steps: 100 / 4152 loss: 3.566685104370117
Train Epoch: 17 steps: 110 / 4152 loss: 3.5842698574066163
Train Epoch: 17 steps: 120 / 4152 loss: 3.6502925634384153
Train Epoch: 17 steps: 130 / 4152 loss: 3.7058237552642823
Train Epoch: 17 steps: 140 / 4152 loss: 3.632897138595581
Train Epoch: 17 steps: 150 / 4152 loss: 3.626318669319153
Train Epoch: 17 steps: 160 / 4152 loss: 3.598676919937134
Train Epoch: 17 steps: 170 / 4152 loss: 3.6219788789749146
Train Epoch: 17 steps: 180 / 4152 loss: 3.5904391527175905
Train Epoch: 17 steps: 190 / 4152 loss: 3.6365425825119018
Train Epoch: 17 steps: 200 / 4152 loss: 3.653153920173645
Train Epoch: 17 steps: 210 / 4152 loss: 3.5561458110809325
Train Epoch: 17 steps: 220 / 4152 loss: 3.6012914180755615
Train Epoch: 17 steps: 230 / 4152 loss: 3.6567681312561033
Train Epoch: 17 steps: 240 / 4152 loss: 3.5980995655059815
Train Epoch: 17 steps: 250 / 4152 loss: 3.6060791492462156
Train Epoch: 17 steps: 260 / 4152 loss: 3.7107443809509277
Train Epoch: 17 steps: 270 / 4152 loss: 3.5956105470657347
Train Epoch: 17 steps: 280 / 4152 loss: 3.560712480545044
Train Epoch: 17 steps: 290 / 4152 loss: 3.6028878688812256
Train Epoch: 17 steps: 300 / 4152 loss: 3.5971676826477053
Train Epoch: 17 steps: 310 / 4152 loss: 3.625628614425659
Train Epoch: 17 steps: 320 / 4152 loss: 3.57951283454895
Train Epoch: 17 steps: 330 / 4152 loss: 3.5612890243530275
Train Epoch: 17 steps: 340 / 4152 loss: 3.617128586769104
Train Epoch: 17 steps: 350 / 4152 loss: 3.6375555276870726
Train Epoch: 17 steps: 360 / 4152 loss: 3.6223551273345946
Train Epoch: 17 steps: 370 / 4152 loss: 3.6941404819488524
Train Epoch: 17 steps: 380 / 4152 loss: 3.6444318294525146
Train Epoch: 17 steps: 390 / 4152 loss: 3.6811361074447633
Train Epoch: 17 steps: 400 / 4152 loss: 3.5280985593795777
Train Epoch: 17 steps: 410 / 4152 loss: 3.653804159164429
Train Epoch: 17 steps: 420 / 4152 loss: 3.6448254346847535
Train Epoch: 17 steps: 430 / 4152 loss: 3.5759138822555543
Train Epoch: 17 steps: 440 / 4152 loss: 3.590118408203125
Train Epoch: 17 steps: 450 / 4152 loss: 3.651698851585388
Train Epoch: 17 steps: 460 / 4152 loss: 3.715363025665283
Train Epoch: 17 steps: 470 / 4152 loss: 3.5744648933410645
Train Epoch: 17 steps: 480 / 4152 loss: 3.5804874658584596
Train Epoch: 17 steps: 490 / 4152 loss: 3.595375728607178
Train Epoch: 17 steps: 500 / 4152 loss: 3.5662057399749756
Train Epoch: 17 steps: 510 / 4152 loss: 3.661449360847473
Train Epoch: 17 steps: 520 / 4152 loss: 3.674079656600952
Train Epoch: 17 steps: 530 / 4152 loss: 3.600332164764404
Train Epoch: 17 steps: 540 / 4152 loss: 3.6113112688064577
Train Epoch: 17 steps: 550 / 4152 loss: 3.646534824371338
Train Epoch: 17 steps: 560 / 4152 loss: 3.556025815010071
Train Epoch: 17 steps: 570 / 4152 loss: 3.60188512802124
Train Epoch: 17 steps: 580 / 4152 loss: 3.6305394887924196
Train Epoch: 17 steps: 590 / 4152 loss: 3.5753579139709473
Train Epoch: 17 steps: 600 / 4152 loss: 3.5810988187789916
Train Epoch: 17 steps: 610 / 4152 loss: 3.5673771858215333
Train Epoch: 17 steps: 620 / 4152 loss: 3.584825277328491
Train Epoch: 17 steps: 630 / 4152 loss: 3.626960515975952
Train Epoch: 17 steps: 640 / 4152 loss: 3.517237424850464
Train Epoch: 17 steps: 650 / 4152 loss: 3.6603184938430786
Train Epoch: 17 steps: 660 / 4152 loss: 3.579069638252258
Train Epoch: 17 steps: 670 / 4152 loss: 3.5509483098983763
Train Epoch: 17 steps: 680 / 4152 loss: 3.5767408847808837
Train Epoch: 17 steps: 690 / 4152 loss: 3.5925400495529174
Train Epoch: 17 steps: 700 / 4152 loss: 3.6046571731567383
Train Epoch: 17 steps: 710 / 4152 loss: 3.625340700149536
Train Epoch: 17 steps: 720 / 4152 loss: 3.6357251405715942
Train Epoch: 17 steps: 730 / 4152 loss: 3.606276440620422
Train Epoch: 17 steps: 740 / 4152 loss: 3.1644498109817505
Train Epoch: 17 steps: 750 / 4152 loss: 3.5624505996704103
Train Epoch: 17 steps: 760 / 4152 loss: 3.718084216117859
Train Epoch: 17 steps: 770 / 4152 loss: 3.479063701629639
Train Epoch: 17 steps: 780 / 4152 loss: 3.669594407081604
Train Epoch: 17 steps: 790 / 4152 loss: 3.59303936958313
Train Epoch: 17 steps: 800 / 4152 loss: 3.6016045570373536
Train Epoch: 17 steps: 810 / 4152 loss: 3.671663522720337
Train Epoch: 17 steps: 820 / 4152 loss: 3.5797921895980833
Train Epoch: 17 steps: 830 / 4152 loss: 3.67727735042572
Train Epoch: 17 steps: 840 / 4152 loss: 3.66922287940979
Train Epoch: 17 steps: 850 / 4152 loss: 3.641847777366638
Train Epoch: 17 steps: 860 / 4152 loss: 3.665558409690857
Train Epoch: 17 steps: 870 / 4152 loss: 3.6429794311523436
Train Epoch: 17 steps: 880 / 4152 loss: 3.6744889974594117
Train Epoch: 17 steps: 890 / 4152 loss: 3.5939180135726927
Train Epoch: 17 steps: 900 / 4152 loss: 3.570231533050537
Train Epoch: 17 steps: 910 / 4152 loss: 3.5952484369277955
Train Epoch: 17 steps: 920 / 4152 loss: 3.6011837244033815
Train Epoch: 17 steps: 930 / 4152 loss: 3.5909287214279173
Train Epoch: 17 steps: 940 / 4152 loss: 3.6773757934570312
Train Epoch: 17 steps: 950 / 4152 loss: 3.5525426626205445
Train Epoch: 17 steps: 960 / 4152 loss: 3.595968818664551
Train Epoch: 17 steps: 970 / 4152 loss: 3.546501970291138
Train Epoch: 17 steps: 980 / 4152 loss: 3.6117215394973754
Train Epoch: 17 steps: 990 / 4152 loss: 3.6341351509094237
Train Epoch: 17 steps: 1000 / 4152 loss: 3.621433639526367
Train Epoch: 17 steps: 1010 / 4152 loss: 3.617649221420288
Train Epoch: 17 steps: 1020 / 4152 loss: 3.652017021179199
Train Epoch: 17 steps: 1030 / 4152 loss: 3.52918918132782
Train Epoch: 17 steps: 1040 / 4152 loss: 3.7286638736724855
----------------------------------------Epoch: 18----------------------------------------
----------------------------------------Epoch: 18----------------------------------------
----------------------------------------Epoch: 18----------------------------------------
----------------------------------------Epoch: 18----------------------------------------
Train Epoch: 18 steps: 0 / 4152 loss: 0.35287935733795167
Train Epoch: 18 steps: 10 / 4152 loss: 3.5328859806060793
Train Epoch: 18 steps: 20 / 4152 loss: 3.6539579391479493
Train Epoch: 18 steps: 30 / 4152 loss: 3.604218339920044
Train Epoch: 18 steps: 40 / 4152 loss: 3.553333044052124
Train Epoch: 18 steps: 50 / 4152 loss: 3.66135687828064
Train Epoch: 18 steps: 60 / 4152 loss: 3.6382134914398194
Train Epoch: 18 steps: 70 / 4152 loss: 3.5894483804702757
Train Epoch: 18 steps: 80 / 4152 loss: 3.5489947319030763
Train Epoch: 18 steps: 90 / 4152 loss: 3.647532892227173
Train Epoch: 18 steps: 100 / 4152 loss: 3.585870146751404
Train Epoch: 18 steps: 110 / 4152 loss: 3.515266680717468
Train Epoch: 18 steps: 120 / 4152 loss: 3.6343852519989013
Train Epoch: 18 steps: 130 / 4152 loss: 3.609733724594116
Train Epoch: 18 steps: 140 / 4152 loss: 3.6046093940734862
Train Epoch: 18 steps: 150 / 4152 loss: 3.648876953125
Train Epoch: 18 steps: 160 / 4152 loss: 3.629604625701904
Train Epoch: 18 steps: 170 / 4152 loss: 3.5877087354660033
Train Epoch: 18 steps: 180 / 4152 loss: 3.5671741008758544
Train Epoch: 18 steps: 190 / 4152 loss: 3.646744203567505
Train Epoch: 18 steps: 200 / 4152 loss: 3.612697458267212
Train Epoch: 18 steps: 210 / 4152 loss: 3.638622784614563
Train Epoch: 18 steps: 220 / 4152 loss: 3.696148324012756
Train Epoch: 18 steps: 230 / 4152 loss: 3.588176989555359
Train Epoch: 18 steps: 240 / 4152 loss: 3.582176375389099
Train Epoch: 18 steps: 250 / 4152 loss: 3.6158623456954957
Train Epoch: 18 steps: 260 / 4152 loss: 3.558564043045044
Train Epoch: 18 steps: 270 / 4152 loss: 3.6073446750640867
Train Epoch: 18 steps: 280 / 4152 loss: 3.6601038932800294
Train Epoch: 18 steps: 290 / 4152 loss: 3.6792852878570557
Train Epoch: 18 steps: 300 / 4152 loss: 3.5491475820541383
Train Epoch: 18 steps: 310 / 4152 loss: 3.5887147426605224
Train Epoch: 18 steps: 320 / 4152 loss: 3.530706524848938
Train Epoch: 18 steps: 330 / 4152 loss: 3.5987993240356446
Train Epoch: 18 steps: 340 / 4152 loss: 3.532007670402527
Train Epoch: 18 steps: 350 / 4152 loss: 3.6295462131500242
Train Epoch: 18 steps: 360 / 4152 loss: 3.5415650844573974
Train Epoch: 18 steps: 370 / 4152 loss: 3.6219287157058715
Train Epoch: 18 steps: 380 / 4152 loss: 3.523259496688843
Train Epoch: 18 steps: 390 / 4152 loss: 3.6547630071640014
Train Epoch: 18 steps: 400 / 4152 loss: 3.592627692222595
Train Epoch: 18 steps: 410 / 4152 loss: 3.614708590507507
Train Epoch: 18 steps: 420 / 4152 loss: 3.6111284732818603
Train Epoch: 18 steps: 430 / 4152 loss: 3.697079801559448
Train Epoch: 18 steps: 440 / 4152 loss: 3.5807915210723875
Train Epoch: 18 steps: 450 / 4152 loss: 3.6458443880081175
Train Epoch: 18 steps: 460 / 4152 loss: 3.614379858970642
Train Epoch: 18 steps: 470 / 4152 loss: 3.586949110031128
Train Epoch: 18 steps: 480 / 4152 loss: 3.6297921657562258
Train Epoch: 18 steps: 490 / 4152 loss: 3.579831838607788
Train Epoch: 18 steps: 500 / 4152 loss: 3.6008282899856567
Train Epoch: 18 steps: 510 / 4152 loss: 3.6185543537139893
Train Epoch: 18 steps: 520 / 4152 loss: 3.6171915769577025
Train Epoch: 18 steps: 530 / 4152 loss: 3.620669364929199
Train Epoch: 18 steps: 540 / 4152 loss: 3.5604201316833497
Train Epoch: 18 steps: 550 / 4152 loss: 3.5984118938446046
Train Epoch: 18 steps: 560 / 4152 loss: 3.6025778532028196
Train Epoch: 18 steps: 570 / 4152 loss: 3.559417700767517
Train Epoch: 18 steps: 580 / 4152 loss: 3.571899080276489
Train Epoch: 18 steps: 590 / 4152 loss: 3.585673117637634
Train Epoch: 18 steps: 600 / 4152 loss: 3.3290227890014648
Train Epoch: 18 steps: 610 / 4152 loss: 3.592847228050232
Train Epoch: 18 steps: 620 / 4152 loss: 3.623755669593811
Train Epoch: 18 steps: 630 / 4152 loss: 3.501523733139038
Train Epoch: 18 steps: 640 / 4152 loss: 3.586633062362671
Train Epoch: 18 steps: 650 / 4152 loss: 3.547481822967529
Train Epoch: 18 steps: 660 / 4152 loss: 3.634929084777832
Train Epoch: 18 steps: 670 / 4152 loss: 3.613052177429199
Train Epoch: 18 steps: 680 / 4152 loss: 3.647735595703125
Train Epoch: 18 steps: 690 / 4152 loss: 3.547504186630249
Train Epoch: 18 steps: 700 / 4152 loss: 3.6036372423171996
Train Epoch: 18 steps: 710 / 4152 loss: 3.581582951545715
Train Epoch: 18 steps: 720 / 4152 loss: 3.5670093297958374
Train Epoch: 18 steps: 730 / 4152 loss: 3.6310559511184692
Train Epoch: 18 steps: 740 / 4152 loss: 3.620338249206543
Train Epoch: 18 steps: 750 / 4152 loss: 3.57357919216156
Train Epoch: 18 steps: 760 / 4152 loss: 3.5664371252059937
Train Epoch: 18 steps: 770 / 4152 loss: 3.6429263591766357
Train Epoch: 18 steps: 780 / 4152 loss: 3.659465718269348
Train Epoch: 18 steps: 790 / 4152 loss: 3.5870672464370728
Train Epoch: 18 steps: 800 / 4152 loss: 3.6287407875061035
Train Epoch: 18 steps: 810 / 4152 loss: 3.6633737087249756
Train Epoch: 18 steps: 820 / 4152 loss: 3.627501440048218
Train Epoch: 18 steps: 830 / 4152 loss: 3.61860077381134
Train Epoch: 18 steps: 840 / 4152 loss: 3.645158386230469
Train Epoch: 18 steps: 850 / 4152 loss: 3.561354732513428
Train Epoch: 18 steps: 860 / 4152 loss: 3.585037350654602
Train Epoch: 18 steps: 870 / 4152 loss: 3.6403613328933715
Train Epoch: 18 steps: 880 / 4152 loss: 3.6145142555236816
Train Epoch: 18 steps: 890 / 4152 loss: 3.57300226688385
Train Epoch: 18 steps: 900 / 4152 loss: 3.6896378993988037
Train Epoch: 18 steps: 910 / 4152 loss: 3.6035475015640257
Train Epoch: 18 steps: 920 / 4152 loss: 3.5817717790603636
Train Epoch: 18 steps: 930 / 4152 loss: 3.620510530471802
Train Epoch: 18 steps: 940 / 4152 loss: 3.501616430282593
Train Epoch: 18 steps: 950 / 4152 loss: 3.574287462234497
Train Epoch: 18 steps: 960 / 4152 loss: 3.5389758348464966
Train Epoch: 18 steps: 970 / 4152 loss: 3.6397488117218018
Train Epoch: 18 steps: 980 / 4152 loss: 3.543512225151062
Train Epoch: 18 steps: 990 / 4152 loss: 3.5894790410995485
Train Epoch: 18 steps: 1000 / 4152 loss: 3.6322840452194214
Train Epoch: 18 steps: 1010 / 4152 loss: 3.601913499832153
Train Epoch: 18 steps: 1020 / 4152 loss: 3.665962338447571
Train Epoch: 18 steps: 1030 / 4152 loss: 3.584625506401062
Train Epoch: 18 steps: 1040 / 4152 loss: 3.5561226844787597
----------------------------------------Epoch: 19----------------------------------------
----------------------------------------Epoch: 19----------------------------------------
----------------------------------------Epoch: 19----------------------------------------
----------------------------------------Epoch: 19----------------------------------------
Train Epoch: 19 steps: 0 / 4152 loss: 0.3779935359954834
Train Epoch: 19 steps: 10 / 4152 loss: 3.5858750104904176
Train Epoch: 19 steps: 20 / 4152 loss: 3.635920453071594
Train Epoch: 19 steps: 30 / 4152 loss: 3.577707815170288
Train Epoch: 19 steps: 40 / 4152 loss: 3.5372570037841795
Train Epoch: 19 steps: 50 / 4152 loss: 3.5213121652603148
Train Epoch: 19 steps: 60 / 4152 loss: 3.5288291931152345
Train Epoch: 19 steps: 70 / 4152 loss: 3.5823753833770753
Train Epoch: 19 steps: 80 / 4152 loss: 3.6152385473251343
Train Epoch: 19 steps: 90 / 4152 loss: 3.5776573181152345
Train Epoch: 19 steps: 100 / 4152 loss: 3.58469820022583
Train Epoch: 19 steps: 110 / 4152 loss: 3.6423326253890993
Train Epoch: 19 steps: 120 / 4152 loss: 3.5488468647003173
Train Epoch: 19 steps: 130 / 4152 loss: 3.5911479949951173
Train Epoch: 19 steps: 140 / 4152 loss: 3.6223135948181153
Train Epoch: 19 steps: 150 / 4152 loss: 3.5861767768859862
Train Epoch: 19 steps: 160 / 4152 loss: 3.5728009223937987
Train Epoch: 19 steps: 170 / 4152 loss: 3.581285262107849
Train Epoch: 19 steps: 180 / 4152 loss: 3.5608706951141356
Train Epoch: 19 steps: 190 / 4152 loss: 3.637479543685913
Train Epoch: 19 steps: 200 / 4152 loss: 3.5658641338348387
Train Epoch: 19 steps: 210 / 4152 loss: 3.615676736831665
Train Epoch: 19 steps: 220 / 4152 loss: 3.556925654411316
Train Epoch: 19 steps: 230 / 4152 loss: 3.6517657041549683
Train Epoch: 19 steps: 240 / 4152 loss: 3.6090826034545898
Train Epoch: 19 steps: 250 / 4152 loss: 3.5537758588790895
Train Epoch: 19 steps: 260 / 4152 loss: 3.59749014377594
Train Epoch: 19 steps: 270 / 4152 loss: 3.5580492973327638
Train Epoch: 19 steps: 280 / 4152 loss: 3.671100211143494
Train Epoch: 19 steps: 290 / 4152 loss: 3.6201576471328734
Train Epoch: 19 steps: 300 / 4152 loss: 3.5849412202835085
Train Epoch: 19 steps: 310 / 4152 loss: 3.6246160745620726
Train Epoch: 19 steps: 320 / 4152 loss: 3.571996784210205
Train Epoch: 19 steps: 330 / 4152 loss: 3.611189675331116
Train Epoch: 19 steps: 340 / 4152 loss: 3.576267862319946
Train Epoch: 19 steps: 350 / 4152 loss: 3.6573806285858153
Train Epoch: 19 steps: 360 / 4152 loss: 3.49573757648468
Train Epoch: 19 steps: 370 / 4152 loss: 3.566668152809143
Train Epoch: 19 steps: 380 / 4152 loss: 3.5905844926834107
Train Epoch: 19 steps: 390 / 4152 loss: 3.589468240737915
Train Epoch: 19 steps: 400 / 4152 loss: 3.581196165084839
Train Epoch: 19 steps: 410 / 4152 loss: 3.6171998500823976
Train Epoch: 19 steps: 420 / 4152 loss: 3.6121371507644655
Train Epoch: 19 steps: 430 / 4152 loss: 3.5685630559921266
Train Epoch: 19 steps: 440 / 4152 loss: 3.648455023765564
Train Epoch: 19 steps: 450 / 4152 loss: 3.5284199714660645
Train Epoch: 19 steps: 460 / 4152 loss: 3.5500600814819334
Train Epoch: 19 steps: 470 / 4152 loss: 3.5269291639328
Train Epoch: 19 steps: 480 / 4152 loss: 3.6286723136901857
Train Epoch: 19 steps: 490 / 4152 loss: 3.54788224697113
Train Epoch: 19 steps: 500 / 4152 loss: 3.5344003677368163
Train Epoch: 19 steps: 510 / 4152 loss: 3.573446178436279
Train Epoch: 19 steps: 520 / 4152 loss: 3.5864353656768797
Train Epoch: 19 steps: 530 / 4152 loss: 3.5701544761657713
Train Epoch: 19 steps: 540 / 4152 loss: 3.706856346130371
Train Epoch: 19 steps: 550 / 4152 loss: 3.572164511680603
Train Epoch: 19 steps: 560 / 4152 loss: 3.6178993225097655
Train Epoch: 19 steps: 570 / 4152 loss: 3.478090500831604
Train Epoch: 19 steps: 580 / 4152 loss: 3.624514579772949
Train Epoch: 19 steps: 590 / 4152 loss: 3.603139591217041
Train Epoch: 19 steps: 600 / 4152 loss: 3.494860124588013
Train Epoch: 19 steps: 610 / 4152 loss: 3.5777877807617187
Train Epoch: 19 steps: 620 / 4152 loss: 3.5619776964187624
Train Epoch: 19 steps: 630 / 4152 loss: 3.658015561103821
Train Epoch: 19 steps: 640 / 4152 loss: 3.5961806774139404
Train Epoch: 19 steps: 650 / 4152 loss: 3.5407047271728516
Train Epoch: 19 steps: 660 / 4152 loss: 3.659238505363464
Train Epoch: 19 steps: 670 / 4152 loss: 3.670276975631714
Train Epoch: 19 steps: 680 / 4152 loss: 3.602822709083557
Train Epoch: 19 steps: 690 / 4152 loss: 3.6248364448547363
Train Epoch: 19 steps: 700 / 4152 loss: 3.644397473335266
Train Epoch: 19 steps: 710 / 4152 loss: 3.649079155921936
Train Epoch: 19 steps: 720 / 4152 loss: 3.5807520389556884
Train Epoch: 19 steps: 730 / 4152 loss: 3.6486602067947387
Train Epoch: 19 steps: 740 / 4152 loss: 3.6151010274887083
Train Epoch: 19 steps: 750 / 4152 loss: 3.2611586093902587
Train Epoch: 19 steps: 760 / 4152 loss: 3.537637710571289
Train Epoch: 19 steps: 770 / 4152 loss: 3.5683295011520384
Train Epoch: 19 steps: 780 / 4152 loss: 3.6819496870040895
Train Epoch: 19 steps: 790 / 4152 loss: 3.591214418411255
Train Epoch: 19 steps: 800 / 4152 loss: 3.608646845817566
Train Epoch: 19 steps: 810 / 4152 loss: 3.640403985977173
Train Epoch: 19 steps: 820 / 4152 loss: 3.6069814205169677
Train Epoch: 19 steps: 830 / 4152 loss: 3.5428619384765625
Train Epoch: 19 steps: 840 / 4152 loss: 3.616979694366455
Train Epoch: 19 steps: 850 / 4152 loss: 3.6205260515213014
Train Epoch: 19 steps: 860 / 4152 loss: 3.6072640419006348
Train Epoch: 19 steps: 870 / 4152 loss: 3.572794032096863
Train Epoch: 19 steps: 880 / 4152 loss: 3.5832417726516725
Train Epoch: 19 steps: 890 / 4152 loss: 3.566756081581116
Train Epoch: 19 steps: 900 / 4152 loss: 3.549327254295349
Train Epoch: 19 steps: 910 / 4152 loss: 3.5599652528762817
Train Epoch: 19 steps: 920 / 4152 loss: 3.5832760334014893
Train Epoch: 19 steps: 930 / 4152 loss: 3.5799062252044678
Train Epoch: 19 steps: 940 / 4152 loss: 3.56854407787323
Train Epoch: 19 steps: 950 / 4152 loss: 3.667625832557678
Train Epoch: 19 steps: 960 / 4152 loss: 3.6171424865722654
Train Epoch: 19 steps: 970 / 4152 loss: 3.608328628540039
Train Epoch: 19 steps: 980 / 4152 loss: 3.5907070636749268
Train Epoch: 19 steps: 990 / 4152 loss: 3.630929136276245
Train Epoch: 19 steps: 1000 / 4152 loss: 3.571840739250183
Train Epoch: 19 steps: 1010 / 4152 loss: 3.6055898904800414
Train Epoch: 19 steps: 1020 / 4152 loss: 3.5836978912353517
Train Epoch: 19 steps: 1030 / 4152 loss: 3.6371414422988892
Train Epoch: 19 steps: 1040 / 4152 loss: 3.6377448797225953
----------------------------------------Epoch: 20----------------------------------------
----------------------------------------Epoch: 20----------------------------------------
----------------------------------------Epoch: 20----------------------------------------
----------------------------------------Epoch: 20----------------------------------------
Train Epoch: 20 steps: 0 / 4152 loss: 0.3614604949951172
Train Epoch: 20 steps: 10 / 4152 loss: 3.6233784675598146
Train Epoch: 20 steps: 20 / 4152 loss: 3.6110655069351196
Train Epoch: 20 steps: 30 / 4152 loss: 3.5524322032928466
Train Epoch: 20 steps: 40 / 4152 loss: 3.5572350025177
Train Epoch: 20 steps: 50 / 4152 loss: 3.483801174163818
Train Epoch: 20 steps: 60 / 4152 loss: 3.6400590181350707
Train Epoch: 20 steps: 70 / 4152 loss: 3.5420742511749266
Train Epoch: 20 steps: 80 / 4152 loss: 3.5693595886230467
Train Epoch: 20 steps: 90 / 4152 loss: 3.5702272176742555
Train Epoch: 20 steps: 100 / 4152 loss: 3.560018467903137
Train Epoch: 20 steps: 110 / 4152 loss: 3.6031701803207397
Train Epoch: 20 steps: 120 / 4152 loss: 3.6269165515899657
Train Epoch: 20 steps: 130 / 4152 loss: 3.5706568002700805
Train Epoch: 20 steps: 140 / 4152 loss: 3.5309350728988647
Train Epoch: 20 steps: 150 / 4152 loss: 3.4944842576980593
Train Epoch: 20 steps: 160 / 4152 loss: 3.6090039014816284
Train Epoch: 20 steps: 170 / 4152 loss: 3.6292358160018923
Train Epoch: 20 steps: 180 / 4152 loss: 3.636091470718384
Train Epoch: 20 steps: 190 / 4152 loss: 3.5795774936676024
Train Epoch: 20 steps: 200 / 4152 loss: 3.574330043792725
Train Epoch: 20 steps: 210 / 4152 loss: 3.546044707298279
Train Epoch: 20 steps: 220 / 4152 loss: 3.6267008066177366
Train Epoch: 20 steps: 230 / 4152 loss: 3.5427306413650514
Train Epoch: 20 steps: 240 / 4152 loss: 3.6296667575836183
Train Epoch: 20 steps: 250 / 4152 loss: 3.5575306892395018
Train Epoch: 20 steps: 260 / 4152 loss: 3.6470505714416506
Train Epoch: 20 steps: 270 / 4152 loss: 3.6149144887924196
Train Epoch: 20 steps: 280 / 4152 loss: 3.5271281242370605
Train Epoch: 20 steps: 290 / 4152 loss: 3.597925138473511
Train Epoch: 20 steps: 300 / 4152 loss: 3.605594348907471
Train Epoch: 20 steps: 310 / 4152 loss: 3.546693730354309
Train Epoch: 20 steps: 320 / 4152 loss: 3.56665461063385
Train Epoch: 20 steps: 330 / 4152 loss: 3.5859061241149903
Train Epoch: 20 steps: 340 / 4152 loss: 3.6790874719619753
Train Epoch: 20 steps: 350 / 4152 loss: 3.522021985054016
Train Epoch: 20 steps: 360 / 4152 loss: 3.590321493148804
Train Epoch: 20 steps: 370 / 4152 loss: 3.586318612098694
Train Epoch: 20 steps: 380 / 4152 loss: 3.6162484645843507
Train Epoch: 20 steps: 390 / 4152 loss: 3.6325079441070556
Train Epoch: 20 steps: 400 / 4152 loss: 3.5394034147262574
Train Epoch: 20 steps: 410 / 4152 loss: 3.1890963315963745
Train Epoch: 20 steps: 420 / 4152 loss: 3.622065234184265
Train Epoch: 20 steps: 430 / 4152 loss: 3.64643075466156
Train Epoch: 20 steps: 440 / 4152 loss: 3.5808534383773805
Train Epoch: 20 steps: 450 / 4152 loss: 3.6247437953948975
Train Epoch: 20 steps: 460 / 4152 loss: 3.5555043458938598
Train Epoch: 20 steps: 470 / 4152 loss: 3.5794700145721436
Train Epoch: 20 steps: 480 / 4152 loss: 3.641696071624756
Train Epoch: 20 steps: 490 / 4152 loss: 3.583725166320801
Train Epoch: 20 steps: 500 / 4152 loss: 3.5584519863128663
Train Epoch: 20 steps: 510 / 4152 loss: 3.635529661178589
Train Epoch: 20 steps: 520 / 4152 loss: 3.60562481880188
Train Epoch: 20 steps: 530 / 4152 loss: 3.60575475692749
Train Epoch: 20 steps: 540 / 4152 loss: 3.5797214031219484
Train Epoch: 20 steps: 550 / 4152 loss: 3.5252926349639893
Train Epoch: 20 steps: 560 / 4152 loss: 3.6003482580184936
Train Epoch: 20 steps: 570 / 4152 loss: 3.55393533706665
Train Epoch: 20 steps: 580 / 4152 loss: 3.555480718612671
Train Epoch: 20 steps: 590 / 4152 loss: 3.626733350753784
Train Epoch: 20 steps: 600 / 4152 loss: 3.537354755401611
Train Epoch: 20 steps: 610 / 4152 loss: 3.5254619836807253
Train Epoch: 20 steps: 620 / 4152 loss: 3.554095673561096
Train Epoch: 20 steps: 630 / 4152 loss: 3.6149415731430055
Train Epoch: 20 steps: 640 / 4152 loss: 3.6548084259033202
Train Epoch: 20 steps: 650 / 4152 loss: 3.5884933471679688
Train Epoch: 20 steps: 660 / 4152 loss: 3.648782205581665
Train Epoch: 20 steps: 670 / 4152 loss: 3.589601826667786
Train Epoch: 20 steps: 680 / 4152 loss: 3.516582655906677
Train Epoch: 20 steps: 690 / 4152 loss: 3.6629964828491213
Train Epoch: 20 steps: 700 / 4152 loss: 3.580191135406494
Train Epoch: 20 steps: 710 / 4152 loss: 3.6124468564987184
Train Epoch: 20 steps: 720 / 4152 loss: 3.531765341758728
Train Epoch: 20 steps: 730 / 4152 loss: 3.52980797290802
Train Epoch: 20 steps: 740 / 4152 loss: 3.622911477088928
Train Epoch: 20 steps: 750 / 4152 loss: 3.5807024478912353
Train Epoch: 20 steps: 760 / 4152 loss: 3.554445672035217
Train Epoch: 20 steps: 770 / 4152 loss: 3.600915050506592
Train Epoch: 20 steps: 780 / 4152 loss: 3.6125608921051025
Train Epoch: 20 steps: 790 / 4152 loss: 3.5551855325698853
Train Epoch: 20 steps: 800 / 4152 loss: 3.6291301012039185
Train Epoch: 20 steps: 810 / 4152 loss: 3.522862768173218
Train Epoch: 20 steps: 820 / 4152 loss: 3.5516987800598145
Train Epoch: 20 steps: 830 / 4152 loss: 3.571791172027588
Train Epoch: 20 steps: 840 / 4152 loss: 3.5221183061599732
Train Epoch: 20 steps: 850 / 4152 loss: 3.691666507720947
Train Epoch: 20 steps: 860 / 4152 loss: 3.6789610147476197
Train Epoch: 20 steps: 870 / 4152 loss: 3.533421015739441
Train Epoch: 20 steps: 880 / 4152 loss: 3.643970084190369
Train Epoch: 20 steps: 890 / 4152 loss: 3.6195952177047728
Train Epoch: 20 steps: 900 / 4152 loss: 3.5589011192321776
Train Epoch: 20 steps: 910 / 4152 loss: 3.599516487121582
Train Epoch: 20 steps: 920 / 4152 loss: 3.5767687559127808
Train Epoch: 20 steps: 930 / 4152 loss: 3.5701332330703734
Train Epoch: 20 steps: 940 / 4152 loss: 3.5268366813659666
Train Epoch: 20 steps: 950 / 4152 loss: 3.5431852102279664
Train Epoch: 20 steps: 960 / 4152 loss: 3.5446184635162354
Train Epoch: 20 steps: 970 / 4152 loss: 3.5572678327560423
Train Epoch: 20 steps: 980 / 4152 loss: 3.536873936653137
Train Epoch: 20 steps: 990 / 4152 loss: 3.606964635848999
Train Epoch: 20 steps: 1000 / 4152 loss: 3.550877594947815
Train Epoch: 20 steps: 1010 / 4152 loss: 3.579766774177551
Train Epoch: 20 steps: 1020 / 4152 loss: 3.5211671113967897
Train Epoch: 20 steps: 1030 / 4152 loss: 3.576264262199402
Train Epoch: 20 steps: 1040 / 4152 loss: 3.597337508201599
----------------------------------------Epoch: 21----------------------------------------
----------------------------------------Epoch: 21----------------------------------------
----------------------------------------Epoch: 21----------------------------------------
----------------------------------------Epoch: 21----------------------------------------
Train Epoch: 21 steps: 0 / 4152 loss: 0.3624385356903076
Train Epoch: 21 steps: 10 / 4152 loss: 3.5925089359283446
Train Epoch: 21 steps: 20 / 4152 loss: 3.5349870204925535
Train Epoch: 21 steps: 30 / 4152 loss: 3.5326351165771483
Train Epoch: 21 steps: 40 / 4152 loss: 3.5940381288528442
Train Epoch: 21 steps: 50 / 4152 loss: 3.6017627477645875
Train Epoch: 21 steps: 60 / 4152 loss: 3.523961806297302
Train Epoch: 21 steps: 70 / 4152 loss: 3.626341700553894
Train Epoch: 21 steps: 80 / 4152 loss: 3.6193109273910524
Train Epoch: 21 steps: 90 / 4152 loss: 3.5719309568405153
Train Epoch: 21 steps: 100 / 4152 loss: 3.5745428800582886
Train Epoch: 21 steps: 110 / 4152 loss: 3.615113687515259
Train Epoch: 21 steps: 120 / 4152 loss: 3.5036932945251467
Train Epoch: 21 steps: 130 / 4152 loss: 3.6100470542907717
Train Epoch: 21 steps: 140 / 4152 loss: 3.5529083967208863
Train Epoch: 21 steps: 150 / 4152 loss: 3.586891269683838
Train Epoch: 21 steps: 160 / 4152 loss: 3.5096012115478517
Train Epoch: 21 steps: 170 / 4152 loss: 3.5948391437530516
Train Epoch: 21 steps: 180 / 4152 loss: 3.630806016921997
Train Epoch: 21 steps: 190 / 4152 loss: 3.5942814111709596
Train Epoch: 21 steps: 200 / 4152 loss: 3.4982433319091797
Train Epoch: 21 steps: 210 / 4152 loss: 3.5840766191482545
Train Epoch: 21 steps: 220 / 4152 loss: 3.5666332244873047
Train Epoch: 21 steps: 230 / 4152 loss: 3.533987593650818
Train Epoch: 21 steps: 240 / 4152 loss: 3.5908646821975707
Train Epoch: 21 steps: 250 / 4152 loss: 3.5808592081069945
Train Epoch: 21 steps: 260 / 4152 loss: 3.5261358261108398
Train Epoch: 21 steps: 270 / 4152 loss: 3.5636157989501953
Train Epoch: 21 steps: 280 / 4152 loss: 3.5873847723007204
Train Epoch: 21 steps: 290 / 4152 loss: 3.537916374206543
Train Epoch: 21 steps: 300 / 4152 loss: 3.5728630781173707
Train Epoch: 21 steps: 310 / 4152 loss: 3.528573441505432
Train Epoch: 21 steps: 320 / 4152 loss: 3.62785062789917
Train Epoch: 21 steps: 330 / 4152 loss: 3.5907124280929565
Train Epoch: 21 steps: 340 / 4152 loss: 3.5547569513320925
Train Epoch: 21 steps: 350 / 4152 loss: 3.6194445133209228
Train Epoch: 21 steps: 360 / 4152 loss: 3.6162715196609496
Train Epoch: 21 steps: 370 / 4152 loss: 3.627774214744568
Train Epoch: 21 steps: 380 / 4152 loss: 3.5677783489227295
Train Epoch: 21 steps: 390 / 4152 loss: 3.5627237796783446
Train Epoch: 21 steps: 400 / 4152 loss: 3.6230340242385863
Train Epoch: 21 steps: 410 / 4152 loss: 3.542031669616699
Train Epoch: 21 steps: 420 / 4152 loss: 3.1705108165740965
Train Epoch: 21 steps: 430 / 4152 loss: 3.5545351982116697
Train Epoch: 21 steps: 440 / 4152 loss: 3.620073652267456
Train Epoch: 21 steps: 450 / 4152 loss: 3.581336498260498
Train Epoch: 21 steps: 460 / 4152 loss: 3.5454482316970823
Train Epoch: 21 steps: 470 / 4152 loss: 3.504833388328552
Train Epoch: 21 steps: 480 / 4152 loss: 3.586556386947632
Train Epoch: 21 steps: 490 / 4152 loss: 3.6343844175338744
Train Epoch: 21 steps: 500 / 4152 loss: 3.607405972480774
Train Epoch: 21 steps: 510 / 4152 loss: 3.5363975524902345
Train Epoch: 21 steps: 520 / 4152 loss: 3.5979609966278074
Train Epoch: 21 steps: 530 / 4152 loss: 3.5421191453933716
Train Epoch: 21 steps: 540 / 4152 loss: 3.568102550506592
Train Epoch: 21 steps: 550 / 4152 loss: 3.595194411277771
Train Epoch: 21 steps: 560 / 4152 loss: 3.5605767488479616
Train Epoch: 21 steps: 570 / 4152 loss: 3.5664909362792967
Train Epoch: 21 steps: 580 / 4152 loss: 3.62336642742157
Train Epoch: 21 steps: 590 / 4152 loss: 3.5881964445114134
Train Epoch: 21 steps: 600 / 4152 loss: 3.5925828218460083
Train Epoch: 21 steps: 610 / 4152 loss: 3.544802522659302
Train Epoch: 21 steps: 620 / 4152 loss: 3.6283521175384523
Train Epoch: 21 steps: 630 / 4152 loss: 3.623042869567871
Train Epoch: 21 steps: 640 / 4152 loss: 3.492069363594055
Train Epoch: 21 steps: 650 / 4152 loss: 3.5905650854110718
Train Epoch: 21 steps: 660 / 4152 loss: 3.5898309469223024
Train Epoch: 21 steps: 670 / 4152 loss: 3.542665433883667
Train Epoch: 21 steps: 680 / 4152 loss: 3.583121657371521
Train Epoch: 21 steps: 690 / 4152 loss: 3.6736135959625242
Train Epoch: 21 steps: 700 / 4152 loss: 3.5514082670211793
Train Epoch: 21 steps: 710 / 4152 loss: 3.544284129142761
Train Epoch: 21 steps: 720 / 4152 loss: 3.562063956260681
Train Epoch: 21 steps: 730 / 4152 loss: 3.586150789260864
Train Epoch: 21 steps: 740 / 4152 loss: 3.52005774974823
Train Epoch: 21 steps: 750 / 4152 loss: 3.5712060213088987
Train Epoch: 21 steps: 760 / 4152 loss: 3.537373971939087
Train Epoch: 21 steps: 770 / 4152 loss: 3.602424740791321
Train Epoch: 21 steps: 780 / 4152 loss: 3.653683876991272
Train Epoch: 21 steps: 790 / 4152 loss: 3.5458024978637694
Train Epoch: 21 steps: 800 / 4152 loss: 3.482620024681091
Train Epoch: 21 steps: 810 / 4152 loss: 3.5872230529785156
Train Epoch: 21 steps: 820 / 4152 loss: 3.522671413421631
Train Epoch: 21 steps: 830 / 4152 loss: 3.587026023864746
Train Epoch: 21 steps: 840 / 4152 loss: 3.6477886199951173
Train Epoch: 21 steps: 850 / 4152 loss: 3.549889898300171
Train Epoch: 21 steps: 860 / 4152 loss: 3.5766648292541503
Train Epoch: 21 steps: 870 / 4152 loss: 3.568276834487915
Train Epoch: 21 steps: 880 / 4152 loss: 3.5803751945495605
Train Epoch: 21 steps: 890 / 4152 loss: 3.629817175865173
Train Epoch: 21 steps: 900 / 4152 loss: 3.5733230113983154
Train Epoch: 21 steps: 910 / 4152 loss: 3.6188377857208254
Train Epoch: 21 steps: 920 / 4152 loss: 3.495691919326782
Train Epoch: 21 steps: 930 / 4152 loss: 3.5664953708648683
Train Epoch: 21 steps: 940 / 4152 loss: 3.5839806318283083
Train Epoch: 21 steps: 950 / 4152 loss: 3.591952180862427
Train Epoch: 21 steps: 960 / 4152 loss: 3.654272222518921
Train Epoch: 21 steps: 970 / 4152 loss: 3.5727283477783205
Train Epoch: 21 steps: 980 / 4152 loss: 3.530983567237854
Train Epoch: 21 steps: 990 / 4152 loss: 3.608028936386108
Train Epoch: 21 steps: 1000 / 4152 loss: 3.635900616645813
Train Epoch: 21 steps: 1010 / 4152 loss: 3.5036696195602417
Train Epoch: 21 steps: 1020 / 4152 loss: 3.5499209642410277
Train Epoch: 21 steps: 1030 / 4152 loss: 3.6237088680267333
Train Epoch: 21 steps: 1040 / 4152 loss: 3.5301380157470703
----------------------------------------Epoch: 22----------------------------------------
----------------------------------------Epoch: 22----------------------------------------
----------------------------------------Epoch: 22----------------------------------------
----------------------------------------Epoch: 22----------------------------------------
Train Epoch: 22 steps: 0 / 4152 loss: 0.3641226053237915
Train Epoch: 22 steps: 10 / 4152 loss: 3.66788387298584
Train Epoch: 22 steps: 20 / 4152 loss: 3.5786055088043214
Train Epoch: 22 steps: 30 / 4152 loss: 3.587373447418213
Train Epoch: 22 steps: 40 / 4152 loss: 3.5873640298843386
Train Epoch: 22 steps: 50 / 4152 loss: 3.5294186592102053
Train Epoch: 22 steps: 60 / 4152 loss: 3.526643896102905
Train Epoch: 22 steps: 70 / 4152 loss: 3.63580801486969
Train Epoch: 22 steps: 80 / 4152 loss: 3.500170421600342
Train Epoch: 22 steps: 90 / 4152 loss: 3.5827741384506226
Train Epoch: 22 steps: 100 / 4152 loss: 3.6175851583480836
Train Epoch: 22 steps: 110 / 4152 loss: 3.64454391002655
Train Epoch: 22 steps: 120 / 4152 loss: 3.5622228622436523
Train Epoch: 22 steps: 130 / 4152 loss: 3.5366690397262572
Train Epoch: 22 steps: 140 / 4152 loss: 3.539881634712219
Train Epoch: 22 steps: 150 / 4152 loss: 3.5930608034133913
Train Epoch: 22 steps: 160 / 4152 loss: 3.5082511425018312
Train Epoch: 22 steps: 170 / 4152 loss: 3.570367431640625
Train Epoch: 22 steps: 180 / 4152 loss: 3.579821801185608
Train Epoch: 22 steps: 190 / 4152 loss: 3.440585994720459
Train Epoch: 22 steps: 200 / 4152 loss: 3.5306774616241454
Train Epoch: 22 steps: 210 / 4152 loss: 3.5272279500961305
Train Epoch: 22 steps: 220 / 4152 loss: 3.560556936264038
Train Epoch: 22 steps: 230 / 4152 loss: 3.5695491075515746
Train Epoch: 22 steps: 240 / 4152 loss: 3.5998467922210695
Train Epoch: 22 steps: 250 / 4152 loss: 3.5392053842544557
Train Epoch: 22 steps: 260 / 4152 loss: 3.577472615242004
Train Epoch: 22 steps: 270 / 4152 loss: 3.550364089012146
Train Epoch: 22 steps: 280 / 4152 loss: 3.514715003967285
Train Epoch: 22 steps: 290 / 4152 loss: 3.5734215259552
Train Epoch: 22 steps: 300 / 4152 loss: 3.580204463005066
Train Epoch: 22 steps: 310 / 4152 loss: 3.6010926485061647
Train Epoch: 22 steps: 320 / 4152 loss: 3.604862022399902
Train Epoch: 22 steps: 330 / 4152 loss: 3.615453267097473
Train Epoch: 22 steps: 340 / 4152 loss: 3.5790796995162966
Train Epoch: 22 steps: 350 / 4152 loss: 3.640570044517517
Train Epoch: 22 steps: 360 / 4152 loss: 3.5458836793899535
Train Epoch: 22 steps: 370 / 4152 loss: 3.5395411968231203
Train Epoch: 22 steps: 380 / 4152 loss: 3.6028180599212645
Train Epoch: 22 steps: 390 / 4152 loss: 3.5814297437667846
Train Epoch: 22 steps: 400 / 4152 loss: 3.4889125347137453
Train Epoch: 22 steps: 410 / 4152 loss: 3.5481248617172243
Train Epoch: 22 steps: 420 / 4152 loss: 3.571009135246277
Train Epoch: 22 steps: 430 / 4152 loss: 3.5703863143920898
Train Epoch: 22 steps: 440 / 4152 loss: 3.624006462097168
Train Epoch: 22 steps: 450 / 4152 loss: 3.532628798484802
Train Epoch: 22 steps: 460 / 4152 loss: 3.5784875392913817
Train Epoch: 22 steps: 470 / 4152 loss: 3.5720023632049562
Train Epoch: 22 steps: 480 / 4152 loss: 3.5844529390335085
Train Epoch: 22 steps: 490 / 4152 loss: 3.5501990795135496
Train Epoch: 22 steps: 500 / 4152 loss: 3.6166350126266478
Train Epoch: 22 steps: 510 / 4152 loss: 3.568443036079407
Train Epoch: 22 steps: 520 / 4152 loss: 3.6383481502532957
Train Epoch: 22 steps: 530 / 4152 loss: 3.5568510055541993
Train Epoch: 22 steps: 540 / 4152 loss: 3.607560396194458
Train Epoch: 22 steps: 550 / 4152 loss: 3.5305049896240233
Train Epoch: 22 steps: 560 / 4152 loss: 3.6424941301345823
Train Epoch: 22 steps: 570 / 4152 loss: 3.5657130241394044
Train Epoch: 22 steps: 580 / 4152 loss: 3.587135887145996
Train Epoch: 22 steps: 590 / 4152 loss: 3.566392183303833
Train Epoch: 22 steps: 600 / 4152 loss: 3.6142526865005493
Train Epoch: 22 steps: 610 / 4152 loss: 3.535059595108032
Train Epoch: 22 steps: 620 / 4152 loss: 3.496408295631409
Train Epoch: 22 steps: 630 / 4152 loss: 3.5735746383666993
Train Epoch: 22 steps: 640 / 4152 loss: 3.535541844367981
Train Epoch: 22 steps: 650 / 4152 loss: 3.5216341733932497
Train Epoch: 22 steps: 660 / 4152 loss: 3.573895287513733
Train Epoch: 22 steps: 670 / 4152 loss: 3.600329852104187
Train Epoch: 22 steps: 680 / 4152 loss: 3.5241989374160765
Train Epoch: 22 steps: 690 / 4152 loss: 3.5776655673980713
Train Epoch: 22 steps: 700 / 4152 loss: 3.488375949859619
Train Epoch: 22 steps: 710 / 4152 loss: 3.5976548910140993
Train Epoch: 22 steps: 720 / 4152 loss: 3.540137219429016
Train Epoch: 22 steps: 730 / 4152 loss: 3.5215779066085817
Train Epoch: 22 steps: 740 / 4152 loss: 3.573209524154663
Train Epoch: 22 steps: 750 / 4152 loss: 3.59583842754364
Train Epoch: 22 steps: 760 / 4152 loss: 3.5374417304992676
Train Epoch: 22 steps: 770 / 4152 loss: 3.596936821937561
Train Epoch: 22 steps: 780 / 4152 loss: 3.5655407905578613
Train Epoch: 22 steps: 790 / 4152 loss: 3.5573500871658323
Train Epoch: 22 steps: 800 / 4152 loss: 3.5406262636184693
Train Epoch: 22 steps: 810 / 4152 loss: 3.6699556589126585
Train Epoch: 22 steps: 820 / 4152 loss: 3.496366333961487
Train Epoch: 22 steps: 830 / 4152 loss: 3.507573676109314
Train Epoch: 22 steps: 840 / 4152 loss: 3.612937664985657
Train Epoch: 22 steps: 850 / 4152 loss: 3.4974538326263427
Train Epoch: 22 steps: 860 / 4152 loss: 3.6756351947784425
Train Epoch: 22 steps: 870 / 4152 loss: 3.5651561498641966
Train Epoch: 22 steps: 880 / 4152 loss: 3.5469513654708864
Train Epoch: 22 steps: 890 / 4152 loss: 3.640229058265686
Train Epoch: 22 steps: 900 / 4152 loss: 3.554844093322754
Train Epoch: 22 steps: 910 / 4152 loss: 3.552457642555237
Train Epoch: 22 steps: 920 / 4152 loss: 3.2221999645233153
Train Epoch: 22 steps: 930 / 4152 loss: 3.5802244901657105
Train Epoch: 22 steps: 940 / 4152 loss: 3.566723370552063
Train Epoch: 22 steps: 950 / 4152 loss: 3.586291193962097
Train Epoch: 22 steps: 960 / 4152 loss: 3.578418493270874
Train Epoch: 22 steps: 970 / 4152 loss: 3.5732444524765015
Train Epoch: 22 steps: 980 / 4152 loss: 3.511447238922119
Train Epoch: 22 steps: 990 / 4152 loss: 3.5897167921066284
Train Epoch: 22 steps: 1000 / 4152 loss: 3.5499101638793946
Train Epoch: 22 steps: 1010 / 4152 loss: 3.5585770845413207
Train Epoch: 22 steps: 1020 / 4152 loss: 3.6228508234024046
Train Epoch: 22 steps: 1030 / 4152 loss: 3.597353529930115
Train Epoch: 22 steps: 1040 / 4152 loss: 3.6522612810134887
----------------------------------------Epoch: 23----------------------------------------
----------------------------------------Epoch: 23----------------------------------------
----------------------------------------Epoch: 23----------------------------------------
----------------------------------------Epoch: 23----------------------------------------
Train Epoch: 23 steps: 0 / 4152 loss: 0.3367975473403931
Train Epoch: 23 steps: 10 / 4152 loss: 3.598332095146179
Train Epoch: 23 steps: 20 / 4152 loss: 3.5206153631210326
Train Epoch: 23 steps: 30 / 4152 loss: 3.5931164264678954
Train Epoch: 23 steps: 40 / 4152 loss: 3.5271154165267946
Train Epoch: 23 steps: 50 / 4152 loss: 3.586511492729187
Train Epoch: 23 steps: 60 / 4152 loss: 3.5634899377822875
Train Epoch: 23 steps: 70 / 4152 loss: 3.576149892807007
Train Epoch: 23 steps: 80 / 4152 loss: 3.5684038162231446
Train Epoch: 23 steps: 90 / 4152 loss: 3.5334430932998657
Train Epoch: 23 steps: 100 / 4152 loss: 3.591913032531738
Train Epoch: 23 steps: 110 / 4152 loss: 3.4919132232666015
Train Epoch: 23 steps: 120 / 4152 loss: 3.5839845895767213
Train Epoch: 23 steps: 130 / 4152 loss: 3.4389933586120605
Train Epoch: 23 steps: 140 / 4152 loss: 3.561548614501953
Train Epoch: 23 steps: 150 / 4152 loss: 3.595835876464844
Train Epoch: 23 steps: 160 / 4152 loss: 3.563697004318237
Train Epoch: 23 steps: 170 / 4152 loss: 3.5036672592163085
Train Epoch: 23 steps: 180 / 4152 loss: 3.5672155380249024
Train Epoch: 23 steps: 190 / 4152 loss: 3.5852228164672852
Train Epoch: 23 steps: 200 / 4152 loss: 3.5561008214950562
Train Epoch: 23 steps: 210 / 4152 loss: 3.465835523605347
Train Epoch: 23 steps: 220 / 4152 loss: 3.552525210380554
Train Epoch: 23 steps: 230 / 4152 loss: 3.617600202560425
Train Epoch: 23 steps: 240 / 4152 loss: 3.4961360931396483
Train Epoch: 23 steps: 250 / 4152 loss: 3.613075041770935
Train Epoch: 23 steps: 260 / 4152 loss: 3.536740946769714
Train Epoch: 23 steps: 270 / 4152 loss: 3.5257900238037108
Train Epoch: 23 steps: 280 / 4152 loss: 3.464850974082947
Train Epoch: 23 steps: 290 / 4152 loss: 3.5822637557983397
Train Epoch: 23 steps: 300 / 4152 loss: 3.5803997039794924
Train Epoch: 23 steps: 310 / 4152 loss: 3.6533840894699097
Train Epoch: 23 steps: 320 / 4152 loss: 3.64305260181427
Train Epoch: 23 steps: 330 / 4152 loss: 3.5475637674331666
Train Epoch: 23 steps: 340 / 4152 loss: 3.4993237257003784
Train Epoch: 23 steps: 350 / 4152 loss: 3.5876506567001343
Train Epoch: 23 steps: 360 / 4152 loss: 3.614241623878479
Train Epoch: 23 steps: 370 / 4152 loss: 3.5537590265274046
Train Epoch: 23 steps: 380 / 4152 loss: 3.5989534139633177
Train Epoch: 23 steps: 390 / 4152 loss: 3.565681982040405
Train Epoch: 23 steps: 400 / 4152 loss: 3.58823082447052
Train Epoch: 23 steps: 410 / 4152 loss: 3.572325277328491
Train Epoch: 23 steps: 420 / 4152 loss: 3.6265467405319214
Train Epoch: 23 steps: 430 / 4152 loss: 3.565376138687134
Train Epoch: 23 steps: 440 / 4152 loss: 3.6032377958297728
Train Epoch: 23 steps: 450 / 4152 loss: 3.523617672920227
Train Epoch: 23 steps: 460 / 4152 loss: 3.512053680419922
Train Epoch: 23 steps: 470 / 4152 loss: 3.6082711935043337
Train Epoch: 23 steps: 480 / 4152 loss: 3.5694296836853026
Train Epoch: 23 steps: 490 / 4152 loss: 3.663879895210266
Train Epoch: 23 steps: 500 / 4152 loss: 3.570334267616272
Train Epoch: 23 steps: 510 / 4152 loss: 3.5845370531082152
Train Epoch: 23 steps: 520 / 4152 loss: 3.5752155065536497
Train Epoch: 23 steps: 530 / 4152 loss: 3.564360427856445
Train Epoch: 23 steps: 540 / 4152 loss: 3.581082558631897
Train Epoch: 23 steps: 550 / 4152 loss: 3.556054878234863
Train Epoch: 23 steps: 560 / 4152 loss: 3.541380190849304
Train Epoch: 23 steps: 570 / 4152 loss: 3.570939564704895
Train Epoch: 23 steps: 580 / 4152 loss: 3.598869490623474
Train Epoch: 23 steps: 590 / 4152 loss: 3.555590271949768
Train Epoch: 23 steps: 600 / 4152 loss: 3.5571889162063597
Train Epoch: 23 steps: 610 / 4152 loss: 3.5648699760437013
Train Epoch: 23 steps: 620 / 4152 loss: 3.6015835046768188
Train Epoch: 23 steps: 630 / 4152 loss: 3.6171586513519287
Train Epoch: 23 steps: 640 / 4152 loss: 3.539509320259094
Train Epoch: 23 steps: 650 / 4152 loss: 3.5734519958496094
Train Epoch: 23 steps: 660 / 4152 loss: 3.6258346796035767
Train Epoch: 23 steps: 670 / 4152 loss: 3.500392460823059
Train Epoch: 23 steps: 680 / 4152 loss: 3.602070450782776
Train Epoch: 23 steps: 690 / 4152 loss: 3.6009753942489624
Train Epoch: 23 steps: 700 / 4152 loss: 3.232880210876465
Train Epoch: 23 steps: 710 / 4152 loss: 3.556638312339783
Train Epoch: 23 steps: 720 / 4152 loss: 3.550281453132629
Train Epoch: 23 steps: 730 / 4152 loss: 3.5402764797210695
Train Epoch: 23 steps: 740 / 4152 loss: 3.508171725273132
Train Epoch: 23 steps: 750 / 4152 loss: 3.644187903404236
Train Epoch: 23 steps: 760 / 4152 loss: 3.562027430534363
Train Epoch: 23 steps: 770 / 4152 loss: 3.61720187664032
Train Epoch: 23 steps: 780 / 4152 loss: 3.548146438598633
Train Epoch: 23 steps: 790 / 4152 loss: 3.6211048364639282
Train Epoch: 23 steps: 800 / 4152 loss: 3.5963737964630127
Train Epoch: 23 steps: 810 / 4152 loss: 3.5040018796920775
Train Epoch: 23 steps: 820 / 4152 loss: 3.5455274105072023
Train Epoch: 23 steps: 830 / 4152 loss: 3.4682358741760253
Train Epoch: 23 steps: 840 / 4152 loss: 3.6098795175552367
Train Epoch: 23 steps: 850 / 4152 loss: 3.596267008781433
Train Epoch: 23 steps: 860 / 4152 loss: 3.573684477806091
Train Epoch: 23 steps: 870 / 4152 loss: 3.6058053493499758
Train Epoch: 23 steps: 880 / 4152 loss: 3.5536954164505006
Train Epoch: 23 steps: 890 / 4152 loss: 3.633314609527588
Train Epoch: 23 steps: 900 / 4152 loss: 3.546531057357788
Train Epoch: 23 steps: 910 / 4152 loss: 3.518236494064331
Train Epoch: 23 steps: 920 / 4152 loss: 3.5564762115478517
Train Epoch: 23 steps: 930 / 4152 loss: 3.528309535980225
Train Epoch: 23 steps: 940 / 4152 loss: 3.5695852041244507
Train Epoch: 23 steps: 950 / 4152 loss: 3.5753628492355345
Train Epoch: 23 steps: 960 / 4152 loss: 3.52985258102417
Train Epoch: 23 steps: 970 / 4152 loss: 3.5373649120330812
Train Epoch: 23 steps: 980 / 4152 loss: 3.5947444677352904
Train Epoch: 23 steps: 990 / 4152 loss: 3.545833921432495
Train Epoch: 23 steps: 1000 / 4152 loss: 3.555498147010803
Train Epoch: 23 steps: 1010 / 4152 loss: 3.584235668182373
Train Epoch: 23 steps: 1020 / 4152 loss: 3.566376805305481
Train Epoch: 23 steps: 1030 / 4152 loss: 3.562089371681213
Train Epoch: 23 steps: 1040 / 4152 loss: 3.583078169822693
----------------------------------------Epoch: 24----------------------------------------
----------------------------------------Epoch: 24----------------------------------------
----------------------------------------Epoch: 24----------------------------------------
----------------------------------------Epoch: 24----------------------------------------
Train Epoch: 24 steps: 0 / 4152 loss: 0.36018760204315187
Train Epoch: 24 steps: 10 / 4152 loss: 3.476374363899231
Train Epoch: 24 steps: 20 / 4152 loss: 3.5330111980438232
Train Epoch: 24 steps: 30 / 4152 loss: 3.5287405252456665
Train Epoch: 24 steps: 40 / 4152 loss: 3.538110280036926
Train Epoch: 24 steps: 50 / 4152 loss: 3.5233500719070436
Train Epoch: 24 steps: 60 / 4152 loss: 3.6117283582687376
Train Epoch: 24 steps: 70 / 4152 loss: 3.498232197761536
Train Epoch: 24 steps: 80 / 4152 loss: 3.602231526374817
Train Epoch: 24 steps: 90 / 4152 loss: 3.525730752944946
Train Epoch: 24 steps: 100 / 4152 loss: 3.601080822944641
Train Epoch: 24 steps: 110 / 4152 loss: 3.557157826423645
Train Epoch: 24 steps: 120 / 4152 loss: 3.568451976776123
Train Epoch: 24 steps: 130 / 4152 loss: 3.559100079536438
Train Epoch: 24 steps: 140 / 4152 loss: 3.552877926826477
Train Epoch: 24 steps: 150 / 4152 loss: 3.553189730644226
Train Epoch: 24 steps: 160 / 4152 loss: 3.558367943763733
Train Epoch: 24 steps: 170 / 4152 loss: 3.5418969869613646
Train Epoch: 24 steps: 180 / 4152 loss: 3.5314425945281984
Train Epoch: 24 steps: 190 / 4152 loss: 3.586090159416199
Train Epoch: 24 steps: 200 / 4152 loss: 3.4790612936019896
Train Epoch: 24 steps: 210 / 4152 loss: 3.620462965965271
Train Epoch: 24 steps: 220 / 4152 loss: 3.544643449783325
Train Epoch: 24 steps: 230 / 4152 loss: 3.5260109663009644
Train Epoch: 24 steps: 240 / 4152 loss: 3.5946229696273804
Train Epoch: 24 steps: 250 / 4152 loss: 3.5702778816223146
Train Epoch: 24 steps: 260 / 4152 loss: 3.509857940673828
Train Epoch: 24 steps: 270 / 4152 loss: 3.6095189571380617
Train Epoch: 24 steps: 280 / 4152 loss: 3.5921839475631714
Train Epoch: 24 steps: 290 / 4152 loss: 3.6023595333099365
Train Epoch: 24 steps: 300 / 4152 loss: 3.5773053646087645
Train Epoch: 24 steps: 310 / 4152 loss: 3.560053277015686
Train Epoch: 24 steps: 320 / 4152 loss: 3.5388631582260133
Train Epoch: 24 steps: 330 / 4152 loss: 3.5899405241012574
Train Epoch: 24 steps: 340 / 4152 loss: 3.5560870885849
Train Epoch: 24 steps: 350 / 4152 loss: 3.5304545402526855
Train Epoch: 24 steps: 360 / 4152 loss: 3.536448049545288
Train Epoch: 24 steps: 370 / 4152 loss: 3.5853291511535645
Train Epoch: 24 steps: 380 / 4152 loss: 3.449872851371765
Train Epoch: 24 steps: 390 / 4152 loss: 3.5738173484802247
Train Epoch: 24 steps: 400 / 4152 loss: 3.6008284091949463
Train Epoch: 24 steps: 410 / 4152 loss: 3.5401651859283447
Train Epoch: 24 steps: 420 / 4152 loss: 3.601632308959961
Train Epoch: 24 steps: 430 / 4152 loss: 3.5685535192489626
Train Epoch: 24 steps: 440 / 4152 loss: 3.6548964262008665
Train Epoch: 24 steps: 450 / 4152 loss: 3.461490511894226
Train Epoch: 24 steps: 460 / 4152 loss: 3.5347193241119386
Train Epoch: 24 steps: 470 / 4152 loss: 3.6004225969314576
Train Epoch: 24 steps: 480 / 4152 loss: 3.6253491163253786
Train Epoch: 24 steps: 490 / 4152 loss: 3.437325644493103
Train Epoch: 24 steps: 500 / 4152 loss: 3.5305064916610718
Train Epoch: 24 steps: 510 / 4152 loss: 3.5884634256362915
Train Epoch: 24 steps: 520 / 4152 loss: 3.5057715654373167
Train Epoch: 24 steps: 530 / 4152 loss: 3.558809924125671
Train Epoch: 24 steps: 540 / 4152 loss: 3.567875051498413
Train Epoch: 24 steps: 550 / 4152 loss: 3.4789210081100466
Train Epoch: 24 steps: 560 / 4152 loss: 3.5544551372528077
Train Epoch: 24 steps: 570 / 4152 loss: 3.597116732597351
Train Epoch: 24 steps: 580 / 4152 loss: 3.5481621742248537
Train Epoch: 24 steps: 590 / 4152 loss: 3.531812286376953
Train Epoch: 24 steps: 600 / 4152 loss: 3.461054491996765
Train Epoch: 24 steps: 610 / 4152 loss: 3.4876153230667115
Train Epoch: 24 steps: 620 / 4152 loss: 3.4751880884170534
Train Epoch: 24 steps: 630 / 4152 loss: 3.608999752998352
Train Epoch: 24 steps: 640 / 4152 loss: 3.4874614000320436
Train Epoch: 24 steps: 650 / 4152 loss: 3.5487053394317627
Train Epoch: 24 steps: 660 / 4152 loss: 3.6486886024475096
Train Epoch: 24 steps: 670 / 4152 loss: 3.545806384086609
Train Epoch: 24 steps: 680 / 4152 loss: 3.581821393966675
Train Epoch: 24 steps: 690 / 4152 loss: 3.4765938997268675
Train Epoch: 24 steps: 700 / 4152 loss: 3.5761818885803223
Train Epoch: 24 steps: 710 / 4152 loss: 3.571239161491394
Train Epoch: 24 steps: 720 / 4152 loss: 3.5831289529800414
Train Epoch: 24 steps: 730 / 4152 loss: 3.5377944469451905
Train Epoch: 24 steps: 740 / 4152 loss: 3.583868145942688
Train Epoch: 24 steps: 750 / 4152 loss: 3.5737084627151487
Train Epoch: 24 steps: 760 / 4152 loss: 3.6360177040100097
Train Epoch: 24 steps: 770 / 4152 loss: 3.526691198348999
Train Epoch: 24 steps: 780 / 4152 loss: 3.5666404724121095
Train Epoch: 24 steps: 790 / 4152 loss: 3.6266191482543944
Train Epoch: 24 steps: 800 / 4152 loss: 3.56492395401001
Train Epoch: 24 steps: 810 / 4152 loss: 3.5113144397735594
Train Epoch: 24 steps: 820 / 4152 loss: 3.531312274932861
Train Epoch: 24 steps: 830 / 4152 loss: 3.6128865003585817
Train Epoch: 24 steps: 840 / 4152 loss: 3.504330277442932
Train Epoch: 24 steps: 850 / 4152 loss: 3.550990867614746
Train Epoch: 24 steps: 860 / 4152 loss: 3.5464852809906007
Train Epoch: 24 steps: 870 / 4152 loss: 3.5996318817138673
Train Epoch: 24 steps: 880 / 4152 loss: 3.501877856254578
Train Epoch: 24 steps: 890 / 4152 loss: 3.578328776359558
Train Epoch: 24 steps: 900 / 4152 loss: 3.56970796585083
Train Epoch: 24 steps: 910 / 4152 loss: 3.6259618282318113
Train Epoch: 24 steps: 920 / 4152 loss: 3.4880829811096192
Train Epoch: 24 steps: 930 / 4152 loss: 3.587596964836121
Train Epoch: 24 steps: 940 / 4152 loss: 3.4776867151260378
Train Epoch: 24 steps: 950 / 4152 loss: 3.589734363555908
Train Epoch: 24 steps: 960 / 4152 loss: 3.5489666223526
Train Epoch: 24 steps: 970 / 4152 loss: 3.5771886825561525
Train Epoch: 24 steps: 980 / 4152 loss: 3.489658737182617
Train Epoch: 24 steps: 990 / 4152 loss: 3.521705985069275
Train Epoch: 24 steps: 1000 / 4152 loss: 3.5703609228134154
Train Epoch: 24 steps: 1010 / 4152 loss: 3.6266916513442995
Train Epoch: 24 steps: 1020 / 4152 loss: 3.54024133682251
Train Epoch: 24 steps: 1030 / 4152 loss: 3.536249279975891
Train Epoch: 24 steps: 1040 / 4152 loss: 3.5115554094314576
----------------------------------------Epoch: 25----------------------------------------
----------------------------------------Epoch: 25----------------------------------------
----------------------------------------Epoch: 25----------------------------------------
----------------------------------------Epoch: 25----------------------------------------
Train Epoch: 25 steps: 0 / 4152 loss: 0.36356377601623535
Train Epoch: 25 steps: 10 / 4152 loss: 3.6231605052947997
Train Epoch: 25 steps: 20 / 4152 loss: 3.510283589363098
Train Epoch: 25 steps: 30 / 4152 loss: 3.56285240650177
Train Epoch: 25 steps: 40 / 4152 loss: 3.581836295127869
Train Epoch: 25 steps: 50 / 4152 loss: 3.5107600688934326
Train Epoch: 25 steps: 60 / 4152 loss: 3.5736555576324465
Train Epoch: 25 steps: 70 / 4152 loss: 3.547884440422058
Train Epoch: 25 steps: 80 / 4152 loss: 3.57179114818573
Train Epoch: 25 steps: 90 / 4152 loss: 3.2049041032791137
Train Epoch: 25 steps: 100 / 4152 loss: 3.5775912046432494
Train Epoch: 25 steps: 110 / 4152 loss: 3.5271822452545165
Train Epoch: 25 steps: 120 / 4152 loss: 3.5350718259811402
Train Epoch: 25 steps: 130 / 4152 loss: 3.510428619384766
Train Epoch: 25 steps: 140 / 4152 loss: 3.6089181423187258
Train Epoch: 25 steps: 150 / 4152 loss: 3.5024230003356935
Train Epoch: 25 steps: 160 / 4152 loss: 3.6260449409484865
Train Epoch: 25 steps: 170 / 4152 loss: 3.5890883445739745
Train Epoch: 25 steps: 180 / 4152 loss: 3.5786561489105226
Train Epoch: 25 steps: 190 / 4152 loss: 3.536812353134155
Train Epoch: 25 steps: 200 / 4152 loss: 3.5959240436553954
Train Epoch: 25 steps: 210 / 4152 loss: 3.45365891456604
Train Epoch: 25 steps: 220 / 4152 loss: 3.4687032461166383
Train Epoch: 25 steps: 230 / 4152 loss: 3.5930166721343992
Train Epoch: 25 steps: 240 / 4152 loss: 3.578024077415466
Train Epoch: 25 steps: 250 / 4152 loss: 3.5672043323516847
Train Epoch: 25 steps: 260 / 4152 loss: 3.5577528953552244
Train Epoch: 25 steps: 270 / 4152 loss: 3.595037889480591
Train Epoch: 25 steps: 280 / 4152 loss: 3.5441128730773928
Train Epoch: 25 steps: 290 / 4152 loss: 3.5630843877792358
Train Epoch: 25 steps: 300 / 4152 loss: 3.5173145532608032
Train Epoch: 25 steps: 310 / 4152 loss: 3.56566846370697
Train Epoch: 25 steps: 320 / 4152 loss: 3.5851353883743284
Train Epoch: 25 steps: 330 / 4152 loss: 3.4888574838638307
Train Epoch: 25 steps: 340 / 4152 loss: 3.585702967643738
Train Epoch: 25 steps: 350 / 4152 loss: 3.537517285346985
Train Epoch: 25 steps: 360 / 4152 loss: 3.6074732065200807
Train Epoch: 25 steps: 370 / 4152 loss: 3.518929100036621
Train Epoch: 25 steps: 380 / 4152 loss: 3.615441846847534
Train Epoch: 25 steps: 390 / 4152 loss: 3.587075924873352
Train Epoch: 25 steps: 400 / 4152 loss: 3.552867388725281
Train Epoch: 25 steps: 410 / 4152 loss: 3.5878490447998046
Train Epoch: 25 steps: 420 / 4152 loss: 3.454202342033386
Train Epoch: 25 steps: 430 / 4152 loss: 3.598438334465027
Train Epoch: 25 steps: 440 / 4152 loss: 3.60846266746521
Train Epoch: 25 steps: 450 / 4152 loss: 3.5852991580963134
Train Epoch: 25 steps: 460 / 4152 loss: 3.5711883783340452
Train Epoch: 25 steps: 470 / 4152 loss: 3.508747673034668
Train Epoch: 25 steps: 480 / 4152 loss: 3.4785327434539797
Train Epoch: 25 steps: 490 / 4152 loss: 3.536074924468994
Train Epoch: 25 steps: 500 / 4152 loss: 3.5056546926498413
Train Epoch: 25 steps: 510 / 4152 loss: 3.5231173276901244
Train Epoch: 25 steps: 520 / 4152 loss: 3.46499285697937
Train Epoch: 25 steps: 530 / 4152 loss: 3.5199117422103883
Train Epoch: 25 steps: 540 / 4152 loss: 3.4940049409866334
Train Epoch: 25 steps: 550 / 4152 loss: 3.5084328651428223
Train Epoch: 25 steps: 560 / 4152 loss: 3.5236974239349363
Train Epoch: 25 steps: 570 / 4152 loss: 3.5411113262176515
Train Epoch: 25 steps: 580 / 4152 loss: 3.5284563302993774
Train Epoch: 25 steps: 590 / 4152 loss: 3.4996673583984377
Train Epoch: 25 steps: 600 / 4152 loss: 3.5568039655685424
Train Epoch: 25 steps: 610 / 4152 loss: 3.489267420768738
Train Epoch: 25 steps: 620 / 4152 loss: 3.505811357498169
Train Epoch: 25 steps: 630 / 4152 loss: 3.6211466073989866
Train Epoch: 25 steps: 640 / 4152 loss: 3.5782581329345704
Train Epoch: 25 steps: 650 / 4152 loss: 3.526720476150513
Train Epoch: 25 steps: 660 / 4152 loss: 3.5596214294433595
Train Epoch: 25 steps: 670 / 4152 loss: 3.5778699636459352
Train Epoch: 25 steps: 680 / 4152 loss: 3.553518223762512
Train Epoch: 25 steps: 690 / 4152 loss: 3.535218024253845
Train Epoch: 25 steps: 700 / 4152 loss: 3.523477292060852
Train Epoch: 25 steps: 710 / 4152 loss: 3.574947214126587
Train Epoch: 25 steps: 720 / 4152 loss: 3.545582485198975
Train Epoch: 25 steps: 730 / 4152 loss: 3.53835985660553
Train Epoch: 25 steps: 740 / 4152 loss: 3.584697794914246
Train Epoch: 25 steps: 750 / 4152 loss: 3.5138854503631594
Train Epoch: 25 steps: 760 / 4152 loss: 3.593681287765503
Train Epoch: 25 steps: 770 / 4152 loss: 3.5357967138290407
Train Epoch: 25 steps: 780 / 4152 loss: 3.6148984909057615
Train Epoch: 25 steps: 790 / 4152 loss: 3.5294109344482423
Train Epoch: 25 steps: 800 / 4152 loss: 3.5516289949417112
Train Epoch: 25 steps: 810 / 4152 loss: 3.5577395439147947
Train Epoch: 25 steps: 820 / 4152 loss: 3.480940747261047
Train Epoch: 25 steps: 830 / 4152 loss: 3.530324912071228
Train Epoch: 25 steps: 840 / 4152 loss: 3.550637459754944
Train Epoch: 25 steps: 850 / 4152 loss: 3.549661111831665
Train Epoch: 25 steps: 860 / 4152 loss: 3.5872281312942507
Train Epoch: 25 steps: 870 / 4152 loss: 3.579835081100464
Train Epoch: 25 steps: 880 / 4152 loss: 3.5102169513702393
Train Epoch: 25 steps: 890 / 4152 loss: 3.515934467315674
Train Epoch: 25 steps: 900 / 4152 loss: 3.5469382286071776
Train Epoch: 25 steps: 910 / 4152 loss: 3.526877737045288
Train Epoch: 25 steps: 920 / 4152 loss: 3.480751872062683
Train Epoch: 25 steps: 930 / 4152 loss: 3.559701442718506
Train Epoch: 25 steps: 940 / 4152 loss: 3.5355872392654417
Train Epoch: 25 steps: 950 / 4152 loss: 3.5560036420822145
Train Epoch: 25 steps: 960 / 4152 loss: 3.630420422554016
Train Epoch: 25 steps: 970 / 4152 loss: 3.5283801794052123
Train Epoch: 25 steps: 980 / 4152 loss: 3.6009051322937013
Train Epoch: 25 steps: 990 / 4152 loss: 3.5369386196136476
Train Epoch: 25 steps: 1000 / 4152 loss: 3.5829488039016724
Train Epoch: 25 steps: 1010 / 4152 loss: 3.559815454483032
Train Epoch: 25 steps: 1020 / 4152 loss: 3.5528202772140505
Train Epoch: 25 steps: 1030 / 4152 loss: 3.5756749153137206
Train Epoch: 25 steps: 1040 / 4152 loss: 3.1649139881134034
----------------------------------------Epoch: 26----------------------------------------
----------------------------------------Epoch: 26----------------------------------------
----------------------------------------Epoch: 26----------------------------------------
----------------------------------------Epoch: 26----------------------------------------
Train Epoch: 26 steps: 0 / 4152 loss: 0.3568332433700562
Train Epoch: 26 steps: 10 / 4152 loss: 3.5246248960494997
Train Epoch: 26 steps: 20 / 4152 loss: 3.5336150884628297
Train Epoch: 26 steps: 30 / 4152 loss: 3.4777821779251097
Train Epoch: 26 steps: 40 / 4152 loss: 3.569090151786804
Train Epoch: 26 steps: 50 / 4152 loss: 3.501389241218567
Train Epoch: 26 steps: 60 / 4152 loss: 3.5182179689407347
Train Epoch: 26 steps: 70 / 4152 loss: 3.5590124130249023
Train Epoch: 26 steps: 80 / 4152 loss: 3.520037031173706
Train Epoch: 26 steps: 90 / 4152 loss: 3.5331769704818727
Train Epoch: 26 steps: 100 / 4152 loss: 3.43424129486084
Train Epoch: 26 steps: 110 / 4152 loss: 3.5364456176757812
Train Epoch: 26 steps: 120 / 4152 loss: 3.572805333137512
Train Epoch: 26 steps: 130 / 4152 loss: 3.498985934257507
Train Epoch: 26 steps: 140 / 4152 loss: 3.5161874532699584
Train Epoch: 26 steps: 150 / 4152 loss: 3.544389748573303
Train Epoch: 26 steps: 160 / 4152 loss: 3.544973850250244
Train Epoch: 26 steps: 170 / 4152 loss: 3.5926316738128663
Train Epoch: 26 steps: 180 / 4152 loss: 3.5731439113616945
Train Epoch: 26 steps: 190 / 4152 loss: 3.556320309638977
Train Epoch: 26 steps: 200 / 4152 loss: 3.5277740716934205
Train Epoch: 26 steps: 210 / 4152 loss: 3.5065741539001465
Train Epoch: 26 steps: 220 / 4152 loss: 3.4736255645751952
Train Epoch: 26 steps: 230 / 4152 loss: 3.589181923866272
Train Epoch: 26 steps: 240 / 4152 loss: 3.469897174835205
Train Epoch: 26 steps: 250 / 4152 loss: 3.5442259073257447
Train Epoch: 26 steps: 260 / 4152 loss: 3.5445111989974976
Train Epoch: 26 steps: 270 / 4152 loss: 3.5452621936798097
Train Epoch: 26 steps: 280 / 4152 loss: 3.5774729013442994
Train Epoch: 26 steps: 290 / 4152 loss: 3.5370515823364257
Train Epoch: 26 steps: 300 / 4152 loss: 3.5845881700515747
Train Epoch: 26 steps: 310 / 4152 loss: 3.545142483711243
Train Epoch: 26 steps: 320 / 4152 loss: 3.4415141105651856
Train Epoch: 26 steps: 330 / 4152 loss: 3.5272074937820435
Train Epoch: 26 steps: 340 / 4152 loss: 3.644363284111023
Train Epoch: 26 steps: 350 / 4152 loss: 3.603762698173523
Train Epoch: 26 steps: 360 / 4152 loss: 3.560452103614807
Train Epoch: 26 steps: 370 / 4152 loss: 3.4861222743988036
Train Epoch: 26 steps: 380 / 4152 loss: 3.633788275718689
Train Epoch: 26 steps: 390 / 4152 loss: 3.5309470891952515
Train Epoch: 26 steps: 400 / 4152 loss: 3.5373024702072144
Train Epoch: 26 steps: 410 / 4152 loss: 3.6528412342071532
Train Epoch: 26 steps: 420 / 4152 loss: 3.605366039276123
Train Epoch: 26 steps: 430 / 4152 loss: 3.4832865953445435
Train Epoch: 26 steps: 440 / 4152 loss: 3.5847636699676513
Train Epoch: 26 steps: 450 / 4152 loss: 3.5803901672363283
Train Epoch: 26 steps: 460 / 4152 loss: 3.5894354343414308
Train Epoch: 26 steps: 470 / 4152 loss: 3.5609084606170653
Train Epoch: 26 steps: 480 / 4152 loss: 3.4754411697387697
Train Epoch: 26 steps: 490 / 4152 loss: 3.6582712650299074
Train Epoch: 26 steps: 500 / 4152 loss: 3.5791313648223877
Train Epoch: 26 steps: 510 / 4152 loss: 3.610128879547119
Train Epoch: 26 steps: 520 / 4152 loss: 3.4910315036773683
Train Epoch: 26 steps: 530 / 4152 loss: 3.548736071586609
Train Epoch: 26 steps: 540 / 4152 loss: 3.5462807416915894
Train Epoch: 26 steps: 550 / 4152 loss: 3.5049118041992187
Train Epoch: 26 steps: 560 / 4152 loss: 3.538613963127136
Train Epoch: 26 steps: 570 / 4152 loss: 3.575408172607422
Train Epoch: 26 steps: 580 / 4152 loss: 3.512008237838745
Train Epoch: 26 steps: 590 / 4152 loss: 3.534389019012451
Train Epoch: 26 steps: 600 / 4152 loss: 3.541405439376831
Train Epoch: 26 steps: 610 / 4152 loss: 3.4584527969360352
Train Epoch: 26 steps: 620 / 4152 loss: 3.618944025039673
Train Epoch: 26 steps: 630 / 4152 loss: 3.5624983072280885
Train Epoch: 26 steps: 640 / 4152 loss: 3.5451058387756347
Train Epoch: 26 steps: 650 / 4152 loss: 3.5248054027557374
Train Epoch: 26 steps: 660 / 4152 loss: 3.545680356025696
Train Epoch: 26 steps: 670 / 4152 loss: 3.577826642990112
Train Epoch: 26 steps: 680 / 4152 loss: 3.5250339984893797
Train Epoch: 26 steps: 690 / 4152 loss: 3.5326732635498046
Train Epoch: 26 steps: 700 / 4152 loss: 3.536503553390503
Train Epoch: 26 steps: 710 / 4152 loss: 3.596687912940979
Train Epoch: 26 steps: 720 / 4152 loss: 3.5510209798812866
Train Epoch: 26 steps: 730 / 4152 loss: 3.5090694427490234
Train Epoch: 26 steps: 740 / 4152 loss: 3.5352906942367555
Train Epoch: 26 steps: 750 / 4152 loss: 3.5108702898025514
Train Epoch: 26 steps: 760 / 4152 loss: 3.5386305332183836
Train Epoch: 26 steps: 770 / 4152 loss: 3.6243019104003906
Train Epoch: 26 steps: 780 / 4152 loss: 3.4967524766922
Train Epoch: 26 steps: 790 / 4152 loss: 3.4594783544540406
Train Epoch: 26 steps: 800 / 4152 loss: 3.534740924835205
Train Epoch: 26 steps: 810 / 4152 loss: 3.565959095954895
Train Epoch: 26 steps: 820 / 4152 loss: 3.514355707168579
Train Epoch: 26 steps: 830 / 4152 loss: 3.5104780197143555
Train Epoch: 26 steps: 840 / 4152 loss: 3.479897475242615
Train Epoch: 26 steps: 850 / 4152 loss: 3.517866778373718
Train Epoch: 26 steps: 860 / 4152 loss: 3.5253165006637572
Train Epoch: 26 steps: 870 / 4152 loss: 3.547466850280762
Train Epoch: 26 steps: 880 / 4152 loss: 3.458703374862671
Train Epoch: 26 steps: 890 / 4152 loss: 3.5654988050460816
Train Epoch: 26 steps: 900 / 4152 loss: 3.4705351114273073
Train Epoch: 26 steps: 910 / 4152 loss: 3.581259322166443
Train Epoch: 26 steps: 920 / 4152 loss: 3.52611448764801
Train Epoch: 26 steps: 930 / 4152 loss: 3.5432883501052856
Train Epoch: 26 steps: 940 / 4152 loss: 3.551259708404541
Train Epoch: 26 steps: 950 / 4152 loss: 3.5388890504837036
Train Epoch: 26 steps: 960 / 4152 loss: 3.504829668998718
Train Epoch: 26 steps: 970 / 4152 loss: 3.5374124526977537
Train Epoch: 26 steps: 980 / 4152 loss: 3.5555406332015993
Train Epoch: 26 steps: 990 / 4152 loss: 3.490633153915405
Train Epoch: 26 steps: 1000 / 4152 loss: 3.5078667640686034
Train Epoch: 26 steps: 1010 / 4152 loss: 3.6174959421157835
Train Epoch: 26 steps: 1020 / 4152 loss: 3.5142343997955323
Train Epoch: 26 steps: 1030 / 4152 loss: 3.510953259468079
Train Epoch: 26 steps: 1040 / 4152 loss: 3.5044410467147826
----------------------------------------Epoch: 27----------------------------------------
----------------------------------------Epoch: 27----------------------------------------
----------------------------------------Epoch: 27----------------------------------------
----------------------------------------Epoch: 27----------------------------------------
Train Epoch: 27 steps: 0 / 4152 loss: 0.3461734771728516
Train Epoch: 27 steps: 10 / 4152 loss: 3.519465613365173
Train Epoch: 27 steps: 20 / 4152 loss: 3.4503843069076536
Train Epoch: 27 steps: 30 / 4152 loss: 3.534962224960327
Train Epoch: 27 steps: 40 / 4152 loss: 3.540834164619446
Train Epoch: 27 steps: 50 / 4152 loss: 3.4970395803451537
Train Epoch: 27 steps: 60 / 4152 loss: 3.4887422561645507
Train Epoch: 27 steps: 70 / 4152 loss: 3.5065632820129395
Train Epoch: 27 steps: 80 / 4152 loss: 3.554018974304199
Train Epoch: 27 steps: 90 / 4152 loss: 3.4341283082962035
Train Epoch: 27 steps: 100 / 4152 loss: 3.5711718797683716
Train Epoch: 27 steps: 110 / 4152 loss: 3.5599480152130125
Train Epoch: 27 steps: 120 / 4152 loss: 3.5339950561523437
Train Epoch: 27 steps: 130 / 4152 loss: 3.5384618282318114
Train Epoch: 27 steps: 140 / 4152 loss: 3.5853811502456665
Train Epoch: 27 steps: 150 / 4152 loss: 3.455272936820984
Train Epoch: 27 steps: 160 / 4152 loss: 3.4956408977508544
Train Epoch: 27 steps: 170 / 4152 loss: 3.608073616027832
Train Epoch: 27 steps: 180 / 4152 loss: 3.6075331449508665
Train Epoch: 27 steps: 190 / 4152 loss: 3.5681267738342286
Train Epoch: 27 steps: 200 / 4152 loss: 3.4958744049072266
Train Epoch: 27 steps: 210 / 4152 loss: 3.5127507209777833
Train Epoch: 27 steps: 220 / 4152 loss: 3.5270626544952393
Train Epoch: 27 steps: 230 / 4152 loss: 3.5209551811218263
Train Epoch: 27 steps: 240 / 4152 loss: 3.5349966526031493
Train Epoch: 27 steps: 250 / 4152 loss: 3.5070358991622923
Train Epoch: 27 steps: 260 / 4152 loss: 3.580477404594421
Train Epoch: 27 steps: 270 / 4152 loss: 3.573258471488953
Train Epoch: 27 steps: 280 / 4152 loss: 3.1036933183670046
Train Epoch: 27 steps: 290 / 4152 loss: 3.5399341106414797
Train Epoch: 27 steps: 300 / 4152 loss: 3.5769057989120485
Train Epoch: 27 steps: 310 / 4152 loss: 3.4974908590316773
Train Epoch: 27 steps: 320 / 4152 loss: 3.624483585357666
Train Epoch: 27 steps: 330 / 4152 loss: 3.5038218021392824
Train Epoch: 27 steps: 340 / 4152 loss: 3.493655776977539
Train Epoch: 27 steps: 350 / 4152 loss: 3.4922189235687258
Train Epoch: 27 steps: 360 / 4152 loss: 3.5400938987731934
Train Epoch: 27 steps: 370 / 4152 loss: 3.5784502983093263
Train Epoch: 27 steps: 380 / 4152 loss: 3.5579919815063477
Train Epoch: 27 steps: 390 / 4152 loss: 3.5337482213974
Train Epoch: 27 steps: 400 / 4152 loss: 3.429992651939392
Train Epoch: 27 steps: 410 / 4152 loss: 3.5049263715744017
Train Epoch: 27 steps: 420 / 4152 loss: 3.565420079231262
Train Epoch: 27 steps: 430 / 4152 loss: 3.4866071224212645
Train Epoch: 27 steps: 440 / 4152 loss: 3.529446339607239
Train Epoch: 27 steps: 450 / 4152 loss: 3.5348624706268312
Train Epoch: 27 steps: 460 / 4152 loss: 3.58145272731781
Train Epoch: 27 steps: 470 / 4152 loss: 3.4482317209243774
Train Epoch: 27 steps: 480 / 4152 loss: 3.461688923835754
Train Epoch: 27 steps: 490 / 4152 loss: 3.5968638181686403
Train Epoch: 27 steps: 500 / 4152 loss: 3.5832252502441406
Train Epoch: 27 steps: 510 / 4152 loss: 3.5201627731323244
Train Epoch: 27 steps: 520 / 4152 loss: 3.576048994064331
Train Epoch: 27 steps: 530 / 4152 loss: 3.5398754119873046
Train Epoch: 27 steps: 540 / 4152 loss: 3.53626754283905
Train Epoch: 27 steps: 550 / 4152 loss: 3.5526071310043337
Train Epoch: 27 steps: 560 / 4152 loss: 3.502385687828064
Train Epoch: 27 steps: 570 / 4152 loss: 3.58507399559021
Train Epoch: 27 steps: 580 / 4152 loss: 3.50574049949646
Train Epoch: 27 steps: 590 / 4152 loss: 3.5325685024261473
Train Epoch: 27 steps: 600 / 4152 loss: 3.5669083833694457
Train Epoch: 27 steps: 610 / 4152 loss: 3.560060906410217
Train Epoch: 27 steps: 620 / 4152 loss: 3.5041446685791016
Train Epoch: 27 steps: 630 / 4152 loss: 3.5538820743560793
Train Epoch: 27 steps: 640 / 4152 loss: 3.485663914680481
Train Epoch: 27 steps: 650 / 4152 loss: 3.5353039026260378
Train Epoch: 27 steps: 660 / 4152 loss: 3.5430989503860473
Train Epoch: 27 steps: 670 / 4152 loss: 3.5649676084518434
Train Epoch: 27 steps: 680 / 4152 loss: 3.4998459815979004
Train Epoch: 27 steps: 690 / 4152 loss: 3.556769871711731
Train Epoch: 27 steps: 700 / 4152 loss: 3.558930492401123
Train Epoch: 27 steps: 710 / 4152 loss: 3.531001877784729
Train Epoch: 27 steps: 720 / 4152 loss: 3.563757395744324
Train Epoch: 27 steps: 730 / 4152 loss: 3.4616823196411133
Train Epoch: 27 steps: 740 / 4152 loss: 3.5639793157577513
Train Epoch: 27 steps: 750 / 4152 loss: 3.577029514312744
Train Epoch: 27 steps: 760 / 4152 loss: 3.565347146987915
Train Epoch: 27 steps: 770 / 4152 loss: 3.547202944755554
Train Epoch: 27 steps: 780 / 4152 loss: 3.5686602354049684
Train Epoch: 27 steps: 790 / 4152 loss: 3.560694694519043
Train Epoch: 27 steps: 800 / 4152 loss: 3.6588388681411743
Train Epoch: 27 steps: 810 / 4152 loss: 3.4835746049880982
Train Epoch: 27 steps: 820 / 4152 loss: 3.5708614110946657
Train Epoch: 27 steps: 830 / 4152 loss: 3.5669136524200438
Train Epoch: 27 steps: 840 / 4152 loss: 3.534248948097229
Train Epoch: 27 steps: 850 / 4152 loss: 3.5957561254501345
Train Epoch: 27 steps: 860 / 4152 loss: 3.5535668611526487
Train Epoch: 27 steps: 870 / 4152 loss: 3.547461414337158
Train Epoch: 27 steps: 880 / 4152 loss: 3.486138844490051
Train Epoch: 27 steps: 890 / 4152 loss: 3.5561370134353636
Train Epoch: 27 steps: 900 / 4152 loss: 3.5486292839050293
Train Epoch: 27 steps: 910 / 4152 loss: 3.513983726501465
Train Epoch: 27 steps: 920 / 4152 loss: 3.5870850801467897
Train Epoch: 27 steps: 930 / 4152 loss: 3.484698677062988
Train Epoch: 27 steps: 940 / 4152 loss: 3.5295204877853394
Train Epoch: 27 steps: 950 / 4152 loss: 3.513881874084473
Train Epoch: 27 steps: 960 / 4152 loss: 3.557368445396423
Train Epoch: 27 steps: 970 / 4152 loss: 3.567720150947571
Train Epoch: 27 steps: 980 / 4152 loss: 3.462387943267822
Train Epoch: 27 steps: 990 / 4152 loss: 3.498203182220459
Train Epoch: 27 steps: 1000 / 4152 loss: 3.565359878540039
Train Epoch: 27 steps: 1010 / 4152 loss: 3.543574810028076
Train Epoch: 27 steps: 1020 / 4152 loss: 3.5281469583511353
Train Epoch: 27 steps: 1030 / 4152 loss: 3.5368595123291016
Train Epoch: 27 steps: 1040 / 4152 loss: 3.486422610282898
----------------------------------------Epoch: 28----------------------------------------
----------------------------------------Epoch: 28----------------------------------------
----------------------------------------Epoch: 28----------------------------------------
----------------------------------------Epoch: 28----------------------------------------
Train Epoch: 28 steps: 0 / 4152 loss: 0.32083654403686523
Train Epoch: 28 steps: 10 / 4152 loss: 3.474472165107727
Train Epoch: 28 steps: 20 / 4152 loss: 3.479485821723938
Train Epoch: 28 steps: 30 / 4152 loss: 3.5004512548446653
Train Epoch: 28 steps: 40 / 4152 loss: 3.563386011123657
Train Epoch: 28 steps: 50 / 4152 loss: 3.53321487903595
Train Epoch: 28 steps: 60 / 4152 loss: 3.5497693061828612
Train Epoch: 28 steps: 70 / 4152 loss: 3.4658782958984373
Train Epoch: 28 steps: 80 / 4152 loss: 3.556250786781311
Train Epoch: 28 steps: 90 / 4152 loss: 3.492657923698425
Train Epoch: 28 steps: 100 / 4152 loss: 3.612021255493164
Train Epoch: 28 steps: 110 / 4152 loss: 3.527673435211182
Train Epoch: 28 steps: 120 / 4152 loss: 3.486099195480347
Train Epoch: 28 steps: 130 / 4152 loss: 3.514552283287048
Train Epoch: 28 steps: 140 / 4152 loss: 3.579541015625
Train Epoch: 28 steps: 150 / 4152 loss: 3.5789703130722046
Train Epoch: 28 steps: 160 / 4152 loss: 3.5541415214538574
Train Epoch: 28 steps: 170 / 4152 loss: 3.4359128952026365
Train Epoch: 28 steps: 180 / 4152 loss: 3.5759225130081176
Train Epoch: 28 steps: 190 / 4152 loss: 3.5287719488143923
Train Epoch: 28 steps: 200 / 4152 loss: 3.5254876375198365
Train Epoch: 28 steps: 210 / 4152 loss: 3.5164504051208496
Train Epoch: 28 steps: 220 / 4152 loss: 3.5057539701461793
Train Epoch: 28 steps: 230 / 4152 loss: 3.5895613193511964
Train Epoch: 28 steps: 240 / 4152 loss: 3.5955236196517943
Train Epoch: 28 steps: 250 / 4152 loss: 3.570358395576477
Train Epoch: 28 steps: 260 / 4152 loss: 3.4849770307540893
Train Epoch: 28 steps: 270 / 4152 loss: 3.5777759313583375
Train Epoch: 28 steps: 280 / 4152 loss: 3.4620687484741213
Train Epoch: 28 steps: 290 / 4152 loss: 3.554377031326294
Train Epoch: 28 steps: 300 / 4152 loss: 3.5355388164520263
Train Epoch: 28 steps: 310 / 4152 loss: 3.5675631761550903
Train Epoch: 28 steps: 320 / 4152 loss: 3.5181716442108155
Train Epoch: 28 steps: 330 / 4152 loss: 3.547022891044617
Train Epoch: 28 steps: 340 / 4152 loss: 3.511897087097168
Train Epoch: 28 steps: 350 / 4152 loss: 3.553509759902954
Train Epoch: 28 steps: 360 / 4152 loss: 3.5405041456222532
Train Epoch: 28 steps: 370 / 4152 loss: 3.5758416414260865
Train Epoch: 28 steps: 380 / 4152 loss: 3.4713699579238892
Train Epoch: 28 steps: 390 / 4152 loss: 3.539879894256592
Train Epoch: 28 steps: 400 / 4152 loss: 3.5023000478744506
Train Epoch: 28 steps: 410 / 4152 loss: 3.5248456954956056
Train Epoch: 28 steps: 420 / 4152 loss: 3.4547030210494993
Train Epoch: 28 steps: 430 / 4152 loss: 3.550767922401428
Train Epoch: 28 steps: 440 / 4152 loss: 3.5089207887649536
Train Epoch: 28 steps: 450 / 4152 loss: 3.50498628616333
Train Epoch: 28 steps: 460 / 4152 loss: 3.495539927482605
Train Epoch: 28 steps: 470 / 4152 loss: 3.5650964736938477
Train Epoch: 28 steps: 480 / 4152 loss: 3.5064351558685303
Train Epoch: 28 steps: 490 / 4152 loss: 3.5194395542144776
Train Epoch: 28 steps: 500 / 4152 loss: 3.5270677328109743
Train Epoch: 28 steps: 510 / 4152 loss: 3.4651885747909548
Train Epoch: 28 steps: 520 / 4152 loss: 3.55864839553833
Train Epoch: 28 steps: 530 / 4152 loss: 3.51759192943573
Train Epoch: 28 steps: 540 / 4152 loss: 3.4684277057647703
Train Epoch: 28 steps: 550 / 4152 loss: 3.5627574920654297
Train Epoch: 28 steps: 560 / 4152 loss: 3.5402403354644774
Train Epoch: 28 steps: 570 / 4152 loss: 3.4727645397186278
Train Epoch: 28 steps: 580 / 4152 loss: 3.5749351263046263
Train Epoch: 28 steps: 590 / 4152 loss: 3.506777858734131
Train Epoch: 28 steps: 600 / 4152 loss: 3.635114645957947
Train Epoch: 28 steps: 610 / 4152 loss: 3.507144021987915
Train Epoch: 28 steps: 620 / 4152 loss: 3.5551682233810427
Train Epoch: 28 steps: 630 / 4152 loss: 3.5526378870010378
Train Epoch: 28 steps: 640 / 4152 loss: 3.520512318611145
Train Epoch: 28 steps: 650 / 4152 loss: 3.5618273973464967
Train Epoch: 28 steps: 660 / 4152 loss: 3.5593698978424073
Train Epoch: 28 steps: 670 / 4152 loss: 3.4557339906692506
Train Epoch: 28 steps: 680 / 4152 loss: 3.5305010080337524
Train Epoch: 28 steps: 690 / 4152 loss: 3.5110004901885987
Train Epoch: 28 steps: 700 / 4152 loss: 3.4472317934036254
Train Epoch: 28 steps: 710 / 4152 loss: 3.5949981927871706
Train Epoch: 28 steps: 720 / 4152 loss: 3.553967833518982
Train Epoch: 28 steps: 730 / 4152 loss: 3.5750492334365847
Train Epoch: 28 steps: 740 / 4152 loss: 3.5832463026046755
Train Epoch: 28 steps: 750 / 4152 loss: 3.5418825149536133
Train Epoch: 28 steps: 760 / 4152 loss: 3.546860361099243
Train Epoch: 28 steps: 770 / 4152 loss: 3.430387854576111
Train Epoch: 28 steps: 780 / 4152 loss: 3.4822569370269774
Train Epoch: 28 steps: 790 / 4152 loss: 3.4764352083206176
Train Epoch: 28 steps: 800 / 4152 loss: 3.5464612007141114
Train Epoch: 28 steps: 810 / 4152 loss: 3.4776169061660767
Train Epoch: 28 steps: 820 / 4152 loss: 3.5000966787338257
Train Epoch: 28 steps: 830 / 4152 loss: 3.558369827270508
Train Epoch: 28 steps: 840 / 4152 loss: 3.5234087705612183
Train Epoch: 28 steps: 850 / 4152 loss: 3.528001093864441
Train Epoch: 28 steps: 860 / 4152 loss: 3.552256679534912
Train Epoch: 28 steps: 870 / 4152 loss: 3.593617296218872
Train Epoch: 28 steps: 880 / 4152 loss: 3.533455228805542
Train Epoch: 28 steps: 890 / 4152 loss: 3.5676897287368776
Train Epoch: 28 steps: 900 / 4152 loss: 3.454090404510498
Train Epoch: 28 steps: 910 / 4152 loss: 3.5714993238449098
Train Epoch: 28 steps: 920 / 4152 loss: 3.502271604537964
Train Epoch: 28 steps: 930 / 4152 loss: 3.4081453561782835
Train Epoch: 28 steps: 940 / 4152 loss: 3.5949370145797728
Train Epoch: 28 steps: 950 / 4152 loss: 3.5464502811431884
Train Epoch: 28 steps: 960 / 4152 loss: 3.5267999887466432
Train Epoch: 28 steps: 970 / 4152 loss: 3.5457393169403075
Train Epoch: 28 steps: 980 / 4152 loss: 3.5535431623458864
Train Epoch: 28 steps: 990 / 4152 loss: 3.4400246858596804
Train Epoch: 28 steps: 1000 / 4152 loss: 3.517531991004944
Train Epoch: 28 steps: 1010 / 4152 loss: 3.4832480907440186
Train Epoch: 28 steps: 1020 / 4152 loss: 3.5468103885650635
Train Epoch: 28 steps: 1030 / 4152 loss: 3.517764711380005
Train Epoch: 28 steps: 1040 / 4152 loss: 3.547989320755005
----------------------------------------Epoch: 29----------------------------------------
----------------------------------------Epoch: 29----------------------------------------
----------------------------------------Epoch: 29----------------------------------------
----------------------------------------Epoch: 29----------------------------------------
Train Epoch: 29 steps: 0 / 4152 loss: 0.3367168664932251
Train Epoch: 29 steps: 10 / 4152 loss: 3.537105345726013
Train Epoch: 29 steps: 20 / 4152 loss: 3.570822072029114
Train Epoch: 29 steps: 30 / 4152 loss: 3.5200506448745728
Train Epoch: 29 steps: 40 / 4152 loss: 3.486477589607239
Train Epoch: 29 steps: 50 / 4152 loss: 3.533394289016724
Train Epoch: 29 steps: 60 / 4152 loss: 3.487625479698181
Train Epoch: 29 steps: 70 / 4152 loss: 3.504548501968384
Train Epoch: 29 steps: 80 / 4152 loss: 3.576548862457275
Train Epoch: 29 steps: 90 / 4152 loss: 3.50291588306427
Train Epoch: 29 steps: 100 / 4152 loss: 3.531013822555542
Train Epoch: 29 steps: 110 / 4152 loss: 3.507724475860596
Train Epoch: 29 steps: 120 / 4152 loss: 3.512830138206482
Train Epoch: 29 steps: 130 / 4152 loss: 3.4868969202041624
Train Epoch: 29 steps: 140 / 4152 loss: 3.4968242168426515
Train Epoch: 29 steps: 150 / 4152 loss: 3.4937088966369627
Train Epoch: 29 steps: 160 / 4152 loss: 3.5379217624664308
Train Epoch: 29 steps: 170 / 4152 loss: 3.4986236095428467
Train Epoch: 29 steps: 180 / 4152 loss: 3.515807795524597
Train Epoch: 29 steps: 190 / 4152 loss: 3.521799993515015
Train Epoch: 29 steps: 200 / 4152 loss: 3.510484981536865
Train Epoch: 29 steps: 210 / 4152 loss: 3.594795298576355
Train Epoch: 29 steps: 220 / 4152 loss: 3.540394830703735
Train Epoch: 29 steps: 230 / 4152 loss: 3.508623170852661
Train Epoch: 29 steps: 240 / 4152 loss: 3.528013801574707
Train Epoch: 29 steps: 250 / 4152 loss: 3.4865986108779907
Train Epoch: 29 steps: 260 / 4152 loss: 3.4578765630722046
Train Epoch: 29 steps: 270 / 4152 loss: 3.408481979370117
Train Epoch: 29 steps: 280 / 4152 loss: 3.4626462697982787
Train Epoch: 29 steps: 290 / 4152 loss: 3.495475244522095
Train Epoch: 29 steps: 300 / 4152 loss: 3.4467746734619142
Train Epoch: 29 steps: 310 / 4152 loss: 3.5819836378097536
Train Epoch: 29 steps: 320 / 4152 loss: 3.5415737628936768
Train Epoch: 29 steps: 330 / 4152 loss: 3.54201021194458
Train Epoch: 29 steps: 340 / 4152 loss: 3.534021091461182
Train Epoch: 29 steps: 350 / 4152 loss: 3.532643365859985
Train Epoch: 29 steps: 360 / 4152 loss: 3.6325877904891968
Train Epoch: 29 steps: 370 / 4152 loss: 3.5391390800476072
Train Epoch: 29 steps: 380 / 4152 loss: 3.500300574302673
Train Epoch: 29 steps: 390 / 4152 loss: 3.5701722860336305
Train Epoch: 29 steps: 400 / 4152 loss: 3.5359308242797853
Train Epoch: 29 steps: 410 / 4152 loss: 3.5436316251754763
Train Epoch: 29 steps: 420 / 4152 loss: 3.5400909423828124
Train Epoch: 29 steps: 430 / 4152 loss: 3.497488760948181
Train Epoch: 29 steps: 440 / 4152 loss: 3.5476139545440675
Train Epoch: 29 steps: 450 / 4152 loss: 3.5480799674987793
Train Epoch: 29 steps: 460 / 4152 loss: 3.5804085731506348
Train Epoch: 29 steps: 470 / 4152 loss: 3.511829113960266
Train Epoch: 29 steps: 480 / 4152 loss: 3.47592511177063
Train Epoch: 29 steps: 490 / 4152 loss: 3.569082570075989
Train Epoch: 29 steps: 500 / 4152 loss: 3.4991228103637697
Train Epoch: 29 steps: 510 / 4152 loss: 3.5366605520248413
Train Epoch: 29 steps: 520 / 4152 loss: 3.494689607620239
Train Epoch: 29 steps: 530 / 4152 loss: 3.4909193992614744
Train Epoch: 29 steps: 540 / 4152 loss: 3.5169047594070433
Train Epoch: 29 steps: 550 / 4152 loss: 3.509880256652832
Train Epoch: 29 steps: 560 / 4152 loss: 3.397751212120056
Train Epoch: 29 steps: 570 / 4152 loss: 3.5440382242202757
Train Epoch: 29 steps: 580 / 4152 loss: 3.593397521972656
Train Epoch: 29 steps: 590 / 4152 loss: 3.5299596071243284
Train Epoch: 29 steps: 600 / 4152 loss: 3.5358982563018797
Train Epoch: 29 steps: 610 / 4152 loss: 3.5229650020599363
Train Epoch: 29 steps: 620 / 4152 loss: 3.501601243019104
Train Epoch: 29 steps: 630 / 4152 loss: 3.5869898080825804
Train Epoch: 29 steps: 640 / 4152 loss: 3.52942099571228
Train Epoch: 29 steps: 650 / 4152 loss: 3.5199235916137694
Train Epoch: 29 steps: 660 / 4152 loss: 3.5273080110549926
Train Epoch: 29 steps: 670 / 4152 loss: 3.5001349210739137
Train Epoch: 29 steps: 680 / 4152 loss: 3.511334943771362
Train Epoch: 29 steps: 690 / 4152 loss: 3.5057065010070803
Train Epoch: 29 steps: 700 / 4152 loss: 3.501529407501221
Train Epoch: 29 steps: 710 / 4152 loss: 3.539197826385498
Train Epoch: 29 steps: 720 / 4152 loss: 3.525902533531189
Train Epoch: 29 steps: 730 / 4152 loss: 3.4930354595184325
Train Epoch: 29 steps: 740 / 4152 loss: 3.5324214935302733
Train Epoch: 29 steps: 750 / 4152 loss: 3.4681864261627195
Train Epoch: 29 steps: 760 / 4152 loss: 3.449580669403076
Train Epoch: 29 steps: 770 / 4152 loss: 3.50701904296875
Train Epoch: 29 steps: 780 / 4152 loss: 3.5584479570388794
Train Epoch: 29 steps: 790 / 4152 loss: 3.542491984367371
Train Epoch: 29 steps: 800 / 4152 loss: 3.5139886856079103
Train Epoch: 29 steps: 810 / 4152 loss: 3.5567644357681276
Train Epoch: 29 steps: 820 / 4152 loss: 3.510538196563721
Train Epoch: 29 steps: 830 / 4152 loss: 3.5085037469863893
Train Epoch: 29 steps: 840 / 4152 loss: 3.4721151113510134
Train Epoch: 29 steps: 850 / 4152 loss: 3.5485983371734617
Train Epoch: 29 steps: 860 / 4152 loss: 3.4934738636016847
Train Epoch: 29 steps: 870 / 4152 loss: 3.50834641456604
Train Epoch: 29 steps: 880 / 4152 loss: 3.5100035429000855
Train Epoch: 29 steps: 890 / 4152 loss: 3.6195663690567015
Train Epoch: 29 steps: 900 / 4152 loss: 3.536823582649231
Train Epoch: 29 steps: 910 / 4152 loss: 3.412529182434082
Train Epoch: 29 steps: 920 / 4152 loss: 3.5303707838058473
Train Epoch: 29 steps: 930 / 4152 loss: 3.5525295972824096
Train Epoch: 29 steps: 940 / 4152 loss: 3.462277364730835
Train Epoch: 29 steps: 950 / 4152 loss: 3.542918252944946
Train Epoch: 29 steps: 960 / 4152 loss: 3.4329585790634156
Train Epoch: 29 steps: 970 / 4152 loss: 3.4686536312103273
Train Epoch: 29 steps: 980 / 4152 loss: 3.5804771900177004
Train Epoch: 29 steps: 990 / 4152 loss: 3.5142502307891847
Train Epoch: 29 steps: 1000 / 4152 loss: 3.5640323877334597
Train Epoch: 29 steps: 1010 / 4152 loss: 3.5685590744018554
Train Epoch: 29 steps: 1020 / 4152 loss: 3.4835508823394776
Train Epoch: 29 steps: 1030 / 4152 loss: 3.510762333869934
Train Epoch: 29 steps: 1040 / 4152 loss: 3.548930859565735
----------------------------------------Epoch: 30----------------------------------------
----------------------------------------Epoch: 30----------------------------------------
----------------------------------------Epoch: 30----------------------------------------
----------------------------------------Epoch: 30----------------------------------------
Train Epoch: 30 steps: 0 / 4152 loss: 0.33785927295684814
Train Epoch: 30 steps: 10 / 4152 loss: 3.5463306427001955
Train Epoch: 30 steps: 20 / 4152 loss: 3.531804394721985
Train Epoch: 30 steps: 30 / 4152 loss: 3.4890849351882935
Train Epoch: 30 steps: 40 / 4152 loss: 3.606093978881836
Train Epoch: 30 steps: 50 / 4152 loss: 3.542271280288696
Train Epoch: 30 steps: 60 / 4152 loss: 3.458210825920105
Train Epoch: 30 steps: 70 / 4152 loss: 3.545273542404175
Train Epoch: 30 steps: 80 / 4152 loss: 3.533284640312195
Train Epoch: 30 steps: 90 / 4152 loss: 3.6073296070098877
Train Epoch: 30 steps: 100 / 4152 loss: 3.549502229690552
Train Epoch: 30 steps: 110 / 4152 loss: 3.460502505302429
Train Epoch: 30 steps: 120 / 4152 loss: 3.4183626890182497
Train Epoch: 30 steps: 130 / 4152 loss: 3.463706851005554
Train Epoch: 30 steps: 140 / 4152 loss: 3.4981776237487794
Train Epoch: 30 steps: 150 / 4152 loss: 3.5449796676635743
Train Epoch: 30 steps: 160 / 4152 loss: 3.567853593826294
Train Epoch: 30 steps: 170 / 4152 loss: 3.507911729812622
Train Epoch: 30 steps: 180 / 4152 loss: 3.544487738609314
Train Epoch: 30 steps: 190 / 4152 loss: 3.575115466117859
Train Epoch: 30 steps: 200 / 4152 loss: 3.539822506904602
Train Epoch: 30 steps: 210 / 4152 loss: 3.575538659095764
Train Epoch: 30 steps: 220 / 4152 loss: 3.5949070930480955
Train Epoch: 30 steps: 230 / 4152 loss: 3.476360011100769
Train Epoch: 30 steps: 240 / 4152 loss: 3.567991280555725
Train Epoch: 30 steps: 250 / 4152 loss: 3.5153873443603514
Train Epoch: 30 steps: 260 / 4152 loss: 3.541285753250122
Train Epoch: 30 steps: 270 / 4152 loss: 3.522655487060547
Train Epoch: 30 steps: 280 / 4152 loss: 3.4857407808303833
Train Epoch: 30 steps: 290 / 4152 loss: 3.5310625314712523
Train Epoch: 30 steps: 300 / 4152 loss: 3.5010729789733888
Train Epoch: 30 steps: 310 / 4152 loss: 3.5119102001190186
Train Epoch: 30 steps: 320 / 4152 loss: 3.4380404472351076
Train Epoch: 30 steps: 330 / 4152 loss: 3.4884812355041506
Train Epoch: 30 steps: 340 / 4152 loss: 3.496330189704895
Train Epoch: 30 steps: 350 / 4152 loss: 3.555197548866272
Train Epoch: 30 steps: 360 / 4152 loss: 3.578181838989258
Train Epoch: 30 steps: 370 / 4152 loss: 3.5491148471832275
Train Epoch: 30 steps: 380 / 4152 loss: 3.4853334426879883
Train Epoch: 30 steps: 390 / 4152 loss: 3.4168906211853027
Train Epoch: 30 steps: 400 / 4152 loss: 3.5379713773727417
Train Epoch: 30 steps: 410 / 4152 loss: 3.421897530555725
Train Epoch: 30 steps: 420 / 4152 loss: 3.5277973413467407
Train Epoch: 30 steps: 430 / 4152 loss: 3.5473719120025633
Train Epoch: 30 steps: 440 / 4152 loss: 3.51870379447937
Train Epoch: 30 steps: 450 / 4152 loss: 3.5050063133239746
Train Epoch: 30 steps: 460 / 4152 loss: 3.6253310203552247
Train Epoch: 30 steps: 470 / 4152 loss: 3.5143303155899046
Train Epoch: 30 steps: 480 / 4152 loss: 3.4725093126296995
Train Epoch: 30 steps: 490 / 4152 loss: 3.55222110748291
Train Epoch: 30 steps: 500 / 4152 loss: 3.4475482940673827
Train Epoch: 30 steps: 510 / 4152 loss: 3.5693341493606567
Train Epoch: 30 steps: 520 / 4152 loss: 3.4576449394226074
Train Epoch: 30 steps: 530 / 4152 loss: 3.575169229507446
Train Epoch: 30 steps: 540 / 4152 loss: 3.497979187965393
Train Epoch: 30 steps: 550 / 4152 loss: 3.5683367967605593
Train Epoch: 30 steps: 560 / 4152 loss: 3.4678457498550417
Train Epoch: 30 steps: 570 / 4152 loss: 3.5298043489456177
Train Epoch: 30 steps: 580 / 4152 loss: 3.452237367630005
Train Epoch: 30 steps: 590 / 4152 loss: 3.4525283575057983
Train Epoch: 30 steps: 600 / 4152 loss: 3.564530777931213
Train Epoch: 30 steps: 610 / 4152 loss: 3.5147157430648805
Train Epoch: 30 steps: 620 / 4152 loss: 3.538009834289551
Train Epoch: 30 steps: 630 / 4152 loss: 3.5498592138290403
Train Epoch: 30 steps: 640 / 4152 loss: 3.473596978187561
Train Epoch: 30 steps: 650 / 4152 loss: 3.4996803283691404
Train Epoch: 30 steps: 660 / 4152 loss: 3.493126106262207
Train Epoch: 30 steps: 670 / 4152 loss: 3.582352638244629
Train Epoch: 30 steps: 680 / 4152 loss: 3.5686352491378783
Train Epoch: 30 steps: 690 / 4152 loss: 3.5811494827270507
Train Epoch: 30 steps: 700 / 4152 loss: 3.602624607086182
Train Epoch: 30 steps: 710 / 4152 loss: 3.1966946125030518
Train Epoch: 30 steps: 720 / 4152 loss: 3.5061437129974364
Train Epoch: 30 steps: 730 / 4152 loss: 3.472869610786438
Train Epoch: 30 steps: 740 / 4152 loss: 3.461843800544739
Train Epoch: 30 steps: 750 / 4152 loss: 3.541356420516968
Train Epoch: 30 steps: 760 / 4152 loss: 3.4626335382461546
Train Epoch: 30 steps: 770 / 4152 loss: 3.5786575794219972
Train Epoch: 30 steps: 780 / 4152 loss: 3.4870782852172852
Train Epoch: 30 steps: 790 / 4152 loss: 3.516347312927246
Train Epoch: 30 steps: 800 / 4152 loss: 3.528718590736389
Train Epoch: 30 steps: 810 / 4152 loss: 3.5555907249450684
Train Epoch: 30 steps: 820 / 4152 loss: 3.5769720315933227
Train Epoch: 30 steps: 830 / 4152 loss: 3.47460081577301
Train Epoch: 30 steps: 840 / 4152 loss: 3.5543378353118897
Train Epoch: 30 steps: 850 / 4152 loss: 3.4365413665771483
Train Epoch: 30 steps: 860 / 4152 loss: 3.5279143333435057
Train Epoch: 30 steps: 870 / 4152 loss: 3.489828014373779
Train Epoch: 30 steps: 880 / 4152 loss: 3.50205135345459
Train Epoch: 30 steps: 890 / 4152 loss: 3.600314974784851
Train Epoch: 30 steps: 900 / 4152 loss: 3.5067052364349367
Train Epoch: 30 steps: 910 / 4152 loss: 3.4473093509674073
Train Epoch: 30 steps: 920 / 4152 loss: 3.4908684730529784
Train Epoch: 30 steps: 930 / 4152 loss: 3.528879904747009
Train Epoch: 30 steps: 940 / 4152 loss: 3.59688560962677
Train Epoch: 30 steps: 950 / 4152 loss: 3.535082244873047
Train Epoch: 30 steps: 960 / 4152 loss: 3.4789621353149416
Train Epoch: 30 steps: 970 / 4152 loss: 3.535421895980835
Train Epoch: 30 steps: 980 / 4152 loss: 3.5381982564926147
Train Epoch: 30 steps: 990 / 4152 loss: 3.5314724922180174
Train Epoch: 30 steps: 1000 / 4152 loss: 3.5518031120300293
Train Epoch: 30 steps: 1010 / 4152 loss: 3.576024889945984
Train Epoch: 30 steps: 1020 / 4152 loss: 3.4565030097961427
Train Epoch: 30 steps: 1030 / 4152 loss: 3.5665059089660645
Train Epoch: 30 steps: 1040 / 4152 loss: 3.4582958698272703
----------------------------------------Epoch: 31----------------------------------------
----------------------------------------Epoch: 31----------------------------------------
----------------------------------------Epoch: 31----------------------------------------
----------------------------------------Epoch: 31----------------------------------------
Train Epoch: 31 steps: 0 / 4152 loss: 0.32447936534881594
Train Epoch: 31 steps: 10 / 4152 loss: 3.5214046239852905
Train Epoch: 31 steps: 20 / 4152 loss: 3.4499494314193724
Train Epoch: 31 steps: 30 / 4152 loss: 3.445916843414307
Train Epoch: 31 steps: 40 / 4152 loss: 3.531366395950317
Train Epoch: 31 steps: 50 / 4152 loss: 3.4890209913253782
Train Epoch: 31 steps: 60 / 4152 loss: 3.539113759994507
Train Epoch: 31 steps: 70 / 4152 loss: 3.5099565505981447
Train Epoch: 31 steps: 80 / 4152 loss: 3.5365259647369385
Train Epoch: 31 steps: 90 / 4152 loss: 3.5281784772872924
Train Epoch: 31 steps: 100 / 4152 loss: 3.523481822013855
Train Epoch: 31 steps: 110 / 4152 loss: 3.5501594305038453
Train Epoch: 31 steps: 120 / 4152 loss: 3.5635876655578613
Train Epoch: 31 steps: 130 / 4152 loss: 3.451521706581116
Train Epoch: 31 steps: 140 / 4152 loss: 3.5551358461380005
Train Epoch: 31 steps: 150 / 4152 loss: 3.463333988189697
Train Epoch: 31 steps: 160 / 4152 loss: 3.5328133344650268
Train Epoch: 31 steps: 170 / 4152 loss: 3.5091596126556395
Train Epoch: 31 steps: 180 / 4152 loss: 3.5427584886550902
Train Epoch: 31 steps: 190 / 4152 loss: 3.55483136177063
Train Epoch: 31 steps: 200 / 4152 loss: 3.407236409187317
Train Epoch: 31 steps: 210 / 4152 loss: 3.5474135637283326
Train Epoch: 31 steps: 220 / 4152 loss: 3.483598470687866
Train Epoch: 31 steps: 230 / 4152 loss: 3.4480702877044678
Train Epoch: 31 steps: 240 / 4152 loss: 3.4694303274154663
Train Epoch: 31 steps: 250 / 4152 loss: 3.5818598747253416
Train Epoch: 31 steps: 260 / 4152 loss: 3.507670450210571
Train Epoch: 31 steps: 270 / 4152 loss: 3.380688452720642
Train Epoch: 31 steps: 280 / 4152 loss: 3.5329715490341185
Train Epoch: 31 steps: 290 / 4152 loss: 3.461278462409973
Train Epoch: 31 steps: 300 / 4152 loss: 3.469182515144348
Train Epoch: 31 steps: 310 / 4152 loss: 3.4760573148727416
Train Epoch: 31 steps: 320 / 4152 loss: 3.5572018146514894
Train Epoch: 31 steps: 330 / 4152 loss: 3.4420945167541506
Train Epoch: 31 steps: 340 / 4152 loss: 3.53600914478302
Train Epoch: 31 steps: 350 / 4152 loss: 3.579011631011963
Train Epoch: 31 steps: 360 / 4152 loss: 3.455804228782654
Train Epoch: 31 steps: 370 / 4152 loss: 3.532136869430542
Train Epoch: 31 steps: 380 / 4152 loss: 3.528435468673706
Train Epoch: 31 steps: 390 / 4152 loss: 3.535773515701294
Train Epoch: 31 steps: 400 / 4152 loss: 3.475942087173462
Train Epoch: 31 steps: 410 / 4152 loss: 3.5624750375747682
Train Epoch: 31 steps: 420 / 4152 loss: 3.510266423225403
Train Epoch: 31 steps: 430 / 4152 loss: 3.508108639717102
Train Epoch: 31 steps: 440 / 4152 loss: 3.5567981243133544
Train Epoch: 31 steps: 450 / 4152 loss: 3.48820424079895
Train Epoch: 31 steps: 460 / 4152 loss: 3.5166611433029176
Train Epoch: 31 steps: 470 / 4152 loss: 3.4937264204025267
Train Epoch: 31 steps: 480 / 4152 loss: 3.6012298822402955
Train Epoch: 31 steps: 490 / 4152 loss: 3.552026653289795
Train Epoch: 31 steps: 500 / 4152 loss: 3.5639357566833496
Train Epoch: 31 steps: 510 / 4152 loss: 3.574821352958679
Train Epoch: 31 steps: 520 / 4152 loss: 3.525277924537659
Train Epoch: 31 steps: 530 / 4152 loss: 3.592604732513428
Train Epoch: 31 steps: 540 / 4152 loss: 3.576968240737915
Train Epoch: 31 steps: 550 / 4152 loss: 3.52191801071167
Train Epoch: 31 steps: 560 / 4152 loss: 3.475919985771179
Train Epoch: 31 steps: 570 / 4152 loss: 3.480562710762024
Train Epoch: 31 steps: 580 / 4152 loss: 3.5241469860076906
Train Epoch: 31 steps: 590 / 4152 loss: 3.4460529088974
Train Epoch: 31 steps: 600 / 4152 loss: 3.508434462547302
Train Epoch: 31 steps: 610 / 4152 loss: 3.5208460330963134
Train Epoch: 31 steps: 620 / 4152 loss: 3.481596660614014
Train Epoch: 31 steps: 630 / 4152 loss: 3.5181352376937864
Train Epoch: 31 steps: 640 / 4152 loss: 3.524728536605835
Train Epoch: 31 steps: 650 / 4152 loss: 3.493642973899841
Train Epoch: 31 steps: 660 / 4152 loss: 3.589310336112976
Train Epoch: 31 steps: 670 / 4152 loss: 3.430564045906067
Train Epoch: 31 steps: 680 / 4152 loss: 3.5617412090301515
Train Epoch: 31 steps: 690 / 4152 loss: 3.416811490058899
Train Epoch: 31 steps: 700 / 4152 loss: 3.5140459537506104
Train Epoch: 31 steps: 710 / 4152 loss: 3.5759268283843992
Train Epoch: 31 steps: 720 / 4152 loss: 3.473373603820801
Train Epoch: 31 steps: 730 / 4152 loss: 3.5079845666885374
Train Epoch: 31 steps: 740 / 4152 loss: 3.5435885906219484
Train Epoch: 31 steps: 750 / 4152 loss: 3.558965826034546
Train Epoch: 31 steps: 760 / 4152 loss: 3.473382496833801
Train Epoch: 31 steps: 770 / 4152 loss: 3.532600474357605
Train Epoch: 31 steps: 790 / 4152 loss: 6.688537073135376
Train Epoch: 31 steps: 800 / 4152 loss: 3.4659140348434447
Train Epoch: 31 steps: 810 / 4152 loss: 3.5130455255508424
Train Epoch: 31 steps: 820 / 4152 loss: 3.5559486389160155
Train Epoch: 31 steps: 830 / 4152 loss: 3.4850377082824706
Train Epoch: 31 steps: 840 / 4152 loss: 3.5926814794540407
Train Epoch: 31 steps: 850 / 4152 loss: 3.4889216661453246
Train Epoch: 31 steps: 860 / 4152 loss: 3.4413755893707276
Train Epoch: 31 steps: 870 / 4152 loss: 3.4526330709457396
Train Epoch: 31 steps: 880 / 4152 loss: 3.571068811416626
Train Epoch: 31 steps: 890 / 4152 loss: 3.481049823760986
Train Epoch: 31 steps: 900 / 4152 loss: 3.5430282831192015
Train Epoch: 31 steps: 910 / 4152 loss: 3.536132645606995
Train Epoch: 31 steps: 920 / 4152 loss: 3.4866002798080444
Train Epoch: 31 steps: 930 / 4152 loss: 3.5332448482513428
Train Epoch: 31 steps: 940 / 4152 loss: 3.566152477264404
Train Epoch: 31 steps: 950 / 4152 loss: 3.5847768545150758
Train Epoch: 31 steps: 960 / 4152 loss: 3.5122755765914917
Train Epoch: 31 steps: 970 / 4152 loss: 3.466891956329346
Train Epoch: 31 steps: 980 / 4152 loss: 3.5996827602386476
Train Epoch: 31 steps: 990 / 4152 loss: 3.4885037660598757
Train Epoch: 31 steps: 1000 / 4152 loss: 3.484381818771362
Train Epoch: 31 steps: 1010 / 4152 loss: 3.5187419176101686
Train Epoch: 31 steps: 1020 / 4152 loss: 3.510285973548889
Train Epoch: 31 steps: 1030 / 4152 loss: 3.471257185935974
Train Epoch: 31 steps: 1040 / 4152 loss: 3.481661820411682
----------------------------------------Epoch: 32----------------------------------------
----------------------------------------Epoch: 32----------------------------------------
----------------------------------------Epoch: 32----------------------------------------
----------------------------------------Epoch: 32----------------------------------------
Train Epoch: 32 steps: 0 / 4152 loss: 0.34974853992462157
Train Epoch: 32 steps: 10 / 4152 loss: 3.5557554006576537
Train Epoch: 32 steps: 20 / 4152 loss: 3.4573742389678954
Train Epoch: 32 steps: 30 / 4152 loss: 3.516001749038696
Train Epoch: 32 steps: 40 / 4152 loss: 3.470916676521301
Train Epoch: 32 steps: 50 / 4152 loss: 3.588476371765137
Train Epoch: 32 steps: 60 / 4152 loss: 3.573826789855957
Train Epoch: 32 steps: 70 / 4152 loss: 3.5276543378829954
Train Epoch: 32 steps: 80 / 4152 loss: 3.485204982757568
Train Epoch: 32 steps: 90 / 4152 loss: 3.524131917953491
Train Epoch: 32 steps: 100 / 4152 loss: 3.515184426307678
Train Epoch: 32 steps: 110 / 4152 loss: 3.567981743812561
Train Epoch: 32 steps: 120 / 4152 loss: 3.5253838777542112
Train Epoch: 32 steps: 130 / 4152 loss: 3.412151598930359
Train Epoch: 32 steps: 140 / 4152 loss: 3.474768328666687
Train Epoch: 32 steps: 150 / 4152 loss: 3.538277339935303
Train Epoch: 32 steps: 160 / 4152 loss: 3.421558165550232
Train Epoch: 32 steps: 170 / 4152 loss: 3.424707555770874
Train Epoch: 32 steps: 180 / 4152 loss: 3.1527336120605467
Train Epoch: 32 steps: 190 / 4152 loss: 3.4617961406707765
Train Epoch: 32 steps: 200 / 4152 loss: 3.5689011573791505
Train Epoch: 32 steps: 210 / 4152 loss: 3.486577296257019
Train Epoch: 32 steps: 220 / 4152 loss: 3.562790584564209
Train Epoch: 32 steps: 230 / 4152 loss: 3.532972311973572
Train Epoch: 32 steps: 240 / 4152 loss: 3.5348258018493652
Train Epoch: 32 steps: 250 / 4152 loss: 3.4620164394378663
Train Epoch: 32 steps: 260 / 4152 loss: 3.529964566230774
Train Epoch: 32 steps: 270 / 4152 loss: 3.5151705026626585
Train Epoch: 32 steps: 280 / 4152 loss: 3.552357721328735
Train Epoch: 32 steps: 290 / 4152 loss: 3.48523952960968
Train Epoch: 32 steps: 300 / 4152 loss: 3.4431548357009887
Train Epoch: 32 steps: 310 / 4152 loss: 3.566739249229431
Train Epoch: 32 steps: 320 / 4152 loss: 3.486361575126648
Train Epoch: 32 steps: 330 / 4152 loss: 3.594854998588562
Train Epoch: 32 steps: 340 / 4152 loss: 3.508907699584961
Train Epoch: 32 steps: 350 / 4152 loss: 3.578223729133606
Train Epoch: 32 steps: 360 / 4152 loss: 3.4810699701309202
Train Epoch: 32 steps: 370 / 4152 loss: 3.4674824237823487
Train Epoch: 32 steps: 380 / 4152 loss: 3.535795497894287
Train Epoch: 32 steps: 390 / 4152 loss: 3.509860634803772
Train Epoch: 32 steps: 400 / 4152 loss: 3.491453838348389
Train Epoch: 32 steps: 410 / 4152 loss: 3.515374493598938
Train Epoch: 32 steps: 420 / 4152 loss: 3.523060369491577
Train Epoch: 32 steps: 430 / 4152 loss: 3.5446502685546877
Train Epoch: 32 steps: 440 / 4152 loss: 3.4667037963867187
Train Epoch: 32 steps: 450 / 4152 loss: 3.488994264602661
Train Epoch: 32 steps: 460 / 4152 loss: 3.50930016040802
Train Epoch: 32 steps: 470 / 4152 loss: 3.4823965311050413
Train Epoch: 32 steps: 480 / 4152 loss: 3.4509870290756224
Train Epoch: 32 steps: 490 / 4152 loss: 3.4680116891860964
Train Epoch: 32 steps: 500 / 4152 loss: 3.5327235221862794
Train Epoch: 32 steps: 510 / 4152 loss: 3.4024717569351197
Train Epoch: 32 steps: 520 / 4152 loss: 3.569683647155762
Train Epoch: 32 steps: 530 / 4152 loss: 3.5229105949401855
Train Epoch: 32 steps: 540 / 4152 loss: 3.514041614532471
Train Epoch: 32 steps: 550 / 4152 loss: 3.565751385688782
Train Epoch: 32 steps: 560 / 4152 loss: 3.5239255666732787
Train Epoch: 32 steps: 570 / 4152 loss: 3.5072389125823973
Train Epoch: 32 steps: 580 / 4152 loss: 3.479224181175232
Train Epoch: 32 steps: 590 / 4152 loss: 3.5497315883636475
Train Epoch: 32 steps: 600 / 4152 loss: 3.5362037658691405
Train Epoch: 32 steps: 610 / 4152 loss: 3.4653177738189695
Train Epoch: 32 steps: 620 / 4152 loss: 3.422519016265869
Train Epoch: 32 steps: 630 / 4152 loss: 3.5505541801452636
Train Epoch: 32 steps: 640 / 4152 loss: 3.4955987215042112
Train Epoch: 32 steps: 650 / 4152 loss: 3.4747277736663817
Train Epoch: 32 steps: 660 / 4152 loss: 3.4712181091308594
Train Epoch: 32 steps: 670 / 4152 loss: 3.5484844207763673
Train Epoch: 32 steps: 680 / 4152 loss: 3.55855016708374
Train Epoch: 32 steps: 690 / 4152 loss: 3.564727807044983
Train Epoch: 32 steps: 700 / 4152 loss: 3.5487668752670287
Train Epoch: 32 steps: 710 / 4152 loss: 3.4755522489547728
Train Epoch: 32 steps: 720 / 4152 loss: 3.5170292377471926
Train Epoch: 32 steps: 730 / 4152 loss: 3.4994931697845457
Train Epoch: 32 steps: 740 / 4152 loss: 3.562693691253662
Train Epoch: 32 steps: 750 / 4152 loss: 3.518550181388855
Train Epoch: 32 steps: 760 / 4152 loss: 3.4825510025024413
Train Epoch: 32 steps: 770 / 4152 loss: 3.4991656064987184
Train Epoch: 32 steps: 780 / 4152 loss: 3.5333824157714844
Train Epoch: 32 steps: 790 / 4152 loss: 3.580795955657959
Train Epoch: 32 steps: 800 / 4152 loss: 3.4914828062057497
Train Epoch: 32 steps: 810 / 4152 loss: 3.484501075744629
Train Epoch: 32 steps: 820 / 4152 loss: 3.528078866004944
Train Epoch: 32 steps: 830 / 4152 loss: 3.5335922241210938
Train Epoch: 32 steps: 840 / 4152 loss: 3.6138943433761597
Train Epoch: 32 steps: 850 / 4152 loss: 3.501571798324585
Train Epoch: 32 steps: 860 / 4152 loss: 3.5473665952682496
Train Epoch: 32 steps: 870 / 4152 loss: 3.4845548629760743
Train Epoch: 32 steps: 880 / 4152 loss: 3.468284845352173
Train Epoch: 32 steps: 890 / 4152 loss: 3.424137759208679
Train Epoch: 32 steps: 900 / 4152 loss: 3.49107985496521
Train Epoch: 32 steps: 910 / 4152 loss: 3.473400521278381
Train Epoch: 32 steps: 920 / 4152 loss: 3.457555913925171
Train Epoch: 32 steps: 930 / 4152 loss: 3.498989391326904
Train Epoch: 32 steps: 940 / 4152 loss: 3.45145206451416
Train Epoch: 32 steps: 950 / 4152 loss: 3.4759594440460204
Train Epoch: 32 steps: 960 / 4152 loss: 3.4582009315490723
Train Epoch: 32 steps: 970 / 4152 loss: 3.5531132221221924
Train Epoch: 32 steps: 980 / 4152 loss: 3.4428759813308716
Train Epoch: 32 steps: 990 / 4152 loss: 3.461422562599182
Train Epoch: 32 steps: 1000 / 4152 loss: 3.519629955291748
Train Epoch: 32 steps: 1010 / 4152 loss: 3.5045217275619507
Train Epoch: 32 steps: 1020 / 4152 loss: 3.5039039134979246
Train Epoch: 32 steps: 1030 / 4152 loss: 3.5329132080078125
Train Epoch: 32 steps: 1040 / 4152 loss: 3.590614891052246
----------------------------------------Epoch: 33----------------------------------------
----------------------------------------Epoch: 33----------------------------------------
----------------------------------------Epoch: 33----------------------------------------
----------------------------------------Epoch: 33----------------------------------------
Train Epoch: 33 steps: 0 / 4152 loss: 0.3512296438217163
Train Epoch: 33 steps: 10 / 4152 loss: 3.4862757205963133
Train Epoch: 33 steps: 20 / 4152 loss: 3.59227032661438
Train Epoch: 33 steps: 30 / 4152 loss: 3.41929669380188
Train Epoch: 33 steps: 40 / 4152 loss: 3.484246301651001
Train Epoch: 33 steps: 50 / 4152 loss: 3.517987036705017
Train Epoch: 33 steps: 60 / 4152 loss: 3.4219656229019164
Train Epoch: 33 steps: 70 / 4152 loss: 3.5377845287323
Train Epoch: 33 steps: 80 / 4152 loss: 3.5555199146270753
Train Epoch: 33 steps: 90 / 4152 loss: 3.4811933279037475
Train Epoch: 33 steps: 100 / 4152 loss: 3.5215110301971437
Train Epoch: 33 steps: 110 / 4152 loss: 3.5554104328155516
Train Epoch: 33 steps: 120 / 4152 loss: 3.490752029418945
Train Epoch: 33 steps: 130 / 4152 loss: 3.536569333076477
Train Epoch: 33 steps: 140 / 4152 loss: 3.6128821849822996
Train Epoch: 33 steps: 150 / 4152 loss: 3.4646132707595827
Train Epoch: 33 steps: 160 / 4152 loss: 3.4894731521606444
Train Epoch: 33 steps: 170 / 4152 loss: 3.54952871799469
Train Epoch: 33 steps: 180 / 4152 loss: 3.572749376296997
Train Epoch: 33 steps: 190 / 4152 loss: 3.5414144515991213
Train Epoch: 33 steps: 200 / 4152 loss: 3.4829265117645263
Train Epoch: 33 steps: 210 / 4152 loss: 3.547107529640198
Train Epoch: 33 steps: 220 / 4152 loss: 3.5519392490386963
Train Epoch: 33 steps: 230 / 4152 loss: 3.4508612632751463
Train Epoch: 33 steps: 240 / 4152 loss: 3.340061831474304
Train Epoch: 33 steps: 250 / 4152 loss: 3.485665702819824
Train Epoch: 33 steps: 260 / 4152 loss: 3.4940685510635374
Train Epoch: 33 steps: 270 / 4152 loss: 3.480586218833923
Train Epoch: 33 steps: 280 / 4152 loss: 3.5087069272994995
Train Epoch: 33 steps: 290 / 4152 loss: 3.532708692550659
Train Epoch: 33 steps: 300 / 4152 loss: 3.4948693752288817
Train Epoch: 33 steps: 310 / 4152 loss: 3.4822309970855714
Train Epoch: 33 steps: 320 / 4152 loss: 3.5243170738220213
Train Epoch: 33 steps: 330 / 4152 loss: 3.525891160964966
Train Epoch: 33 steps: 340 / 4152 loss: 3.4319251537323
Train Epoch: 33 steps: 350 / 4152 loss: 3.4878164768218993
Train Epoch: 33 steps: 360 / 4152 loss: 3.45745267868042
Train Epoch: 33 steps: 370 / 4152 loss: 3.490522050857544
Train Epoch: 33 steps: 380 / 4152 loss: 3.495444345474243
Train Epoch: 33 steps: 390 / 4152 loss: 3.5447837352752685
Train Epoch: 33 steps: 400 / 4152 loss: 3.4293498754501344
Train Epoch: 33 steps: 410 / 4152 loss: 3.477312755584717
Train Epoch: 33 steps: 420 / 4152 loss: 3.455277442932129
Train Epoch: 33 steps: 430 / 4152 loss: 3.5448935508728026
Train Epoch: 33 steps: 440 / 4152 loss: 3.4897324800491334
Train Epoch: 33 steps: 450 / 4152 loss: 3.4879987716674803
Train Epoch: 33 steps: 460 / 4152 loss: 3.475113606452942
Train Epoch: 33 steps: 470 / 4152 loss: 3.5479629755020143
Train Epoch: 33 steps: 480 / 4152 loss: 3.473229002952576
Train Epoch: 33 steps: 490 / 4152 loss: 3.5405051708221436
Train Epoch: 33 steps: 500 / 4152 loss: 3.430726718902588
Train Epoch: 33 steps: 510 / 4152 loss: 3.5106820583343508
Train Epoch: 33 steps: 520 / 4152 loss: 3.4657343864440917
Train Epoch: 33 steps: 530 / 4152 loss: 3.401194190979004
Train Epoch: 33 steps: 540 / 4152 loss: 3.5340115070343017
Train Epoch: 33 steps: 550 / 4152 loss: 3.629131627082825
Train Epoch: 33 steps: 560 / 4152 loss: 3.4650911331176757
Train Epoch: 33 steps: 570 / 4152 loss: 3.5296372175216675
Train Epoch: 33 steps: 580 / 4152 loss: 3.479753017425537
Train Epoch: 33 steps: 590 / 4152 loss: 3.455105495452881
Train Epoch: 33 steps: 600 / 4152 loss: 3.4892998695373536
Train Epoch: 33 steps: 610 / 4152 loss: 3.451781702041626
Train Epoch: 33 steps: 620 / 4152 loss: 3.454446721076965
Train Epoch: 33 steps: 630 / 4152 loss: 3.4982038497924806
Train Epoch: 33 steps: 640 / 4152 loss: 3.570791149139404
Train Epoch: 33 steps: 650 / 4152 loss: 3.575191688537598
Train Epoch: 33 steps: 660 / 4152 loss: 3.542480993270874
Train Epoch: 33 steps: 670 / 4152 loss: 3.4869892835617065
Train Epoch: 33 steps: 680 / 4152 loss: 3.553237795829773
Train Epoch: 33 steps: 690 / 4152 loss: 3.57671537399292
Train Epoch: 33 steps: 700 / 4152 loss: 3.5283484935760496
Train Epoch: 33 steps: 710 / 4152 loss: 3.4808791399002077
Train Epoch: 33 steps: 720 / 4152 loss: 3.4188366174697875
Train Epoch: 33 steps: 730 / 4152 loss: 3.5568121910095214
Train Epoch: 33 steps: 740 / 4152 loss: 3.55259747505188
Train Epoch: 33 steps: 750 / 4152 loss: 3.505173683166504
Train Epoch: 33 steps: 760 / 4152 loss: 3.4791239500045776
Train Epoch: 33 steps: 770 / 4152 loss: 3.5789207220077515
Train Epoch: 33 steps: 780 / 4152 loss: 3.4936256647109984
Train Epoch: 33 steps: 790 / 4152 loss: 3.5063199758529664
Train Epoch: 33 steps: 800 / 4152 loss: 3.5719648361206056
Train Epoch: 33 steps: 810 / 4152 loss: 3.5497782945632936
Train Epoch: 33 steps: 820 / 4152 loss: 3.511875033378601
Train Epoch: 33 steps: 830 / 4152 loss: 3.5064645290374754
Train Epoch: 33 steps: 840 / 4152 loss: 3.5750011444091796
Train Epoch: 33 steps: 850 / 4152 loss: 3.499967169761658
Train Epoch: 33 steps: 860 / 4152 loss: 3.508286380767822
Train Epoch: 33 steps: 870 / 4152 loss: 3.536199426651001
Train Epoch: 33 steps: 880 / 4152 loss: 3.4695528745651245
Train Epoch: 33 steps: 890 / 4152 loss: 3.5026049852371215
Train Epoch: 33 steps: 900 / 4152 loss: 3.529763174057007
Train Epoch: 33 steps: 910 / 4152 loss: 3.5038934707641602
Train Epoch: 33 steps: 920 / 4152 loss: 3.489726758003235
Train Epoch: 33 steps: 930 / 4152 loss: 3.4683765411376952
Train Epoch: 33 steps: 940 / 4152 loss: 3.530487394332886
Train Epoch: 33 steps: 950 / 4152 loss: 3.5405327796936037
Train Epoch: 33 steps: 960 / 4152 loss: 3.524784255027771
Train Epoch: 33 steps: 970 / 4152 loss: 3.4908584117889405
Train Epoch: 33 steps: 980 / 4152 loss: 3.497091817855835
Train Epoch: 33 steps: 990 / 4152 loss: 3.502079725265503
Train Epoch: 33 steps: 1000 / 4152 loss: 3.5201359510421755
Train Epoch: 33 steps: 1010 / 4152 loss: 3.5457481384277343
Train Epoch: 33 steps: 1020 / 4152 loss: 3.4997376441955566
Train Epoch: 33 steps: 1030 / 4152 loss: 3.4268622398376465
Train Epoch: 33 steps: 1040 / 4152 loss: 3.4672311544418335
----------------------------------------Epoch: 34----------------------------------------
----------------------------------------Epoch: 34----------------------------------------
----------------------------------------Epoch: 34----------------------------------------
----------------------------------------Epoch: 34----------------------------------------
Train Epoch: 34 steps: 0 / 4152 loss: 0.3536702871322632
Train Epoch: 34 steps: 10 / 4152 loss: 3.458811330795288
Train Epoch: 34 steps: 20 / 4152 loss: 3.5116265535354616
Train Epoch: 34 steps: 30 / 4152 loss: 3.5523150682449343
Train Epoch: 34 steps: 40 / 4152 loss: 3.4603505611419676
Train Epoch: 34 steps: 50 / 4152 loss: 3.4798492670059202
Train Epoch: 34 steps: 60 / 4152 loss: 3.464567756652832
Train Epoch: 34 steps: 70 / 4152 loss: 3.4690237760543825
Train Epoch: 34 steps: 80 / 4152 loss: 3.5020107984542848
Train Epoch: 34 steps: 90 / 4152 loss: 3.5530163049697876
Train Epoch: 34 steps: 100 / 4152 loss: 3.4811723709106444
Train Epoch: 34 steps: 110 / 4152 loss: 3.1302785158157347
Train Epoch: 34 steps: 120 / 4152 loss: 3.439812159538269
Train Epoch: 34 steps: 130 / 4152 loss: 3.5233957767486572
Train Epoch: 34 steps: 140 / 4152 loss: 3.4908636808395386
Train Epoch: 34 steps: 150 / 4152 loss: 3.551560950279236
Train Epoch: 34 steps: 160 / 4152 loss: 3.4518709897994997
Train Epoch: 34 steps: 170 / 4152 loss: 3.4541136264801025
Train Epoch: 34 steps: 180 / 4152 loss: 3.5036805391311647
Train Epoch: 34 steps: 190 / 4152 loss: 3.503347086906433
Train Epoch: 34 steps: 200 / 4152 loss: 3.5668365240097044
Train Epoch: 34 steps: 210 / 4152 loss: 3.54997923374176
Train Epoch: 34 steps: 220 / 4152 loss: 3.530049467086792
Train Epoch: 34 steps: 230 / 4152 loss: 3.447919464111328
Train Epoch: 34 steps: 240 / 4152 loss: 3.553116512298584
Train Epoch: 34 steps: 250 / 4152 loss: 3.441473126411438
Train Epoch: 34 steps: 260 / 4152 loss: 3.480308938026428
Train Epoch: 34 steps: 270 / 4152 loss: 3.53493869304657
Train Epoch: 34 steps: 280 / 4152 loss: 3.442955660820007
Train Epoch: 34 steps: 290 / 4152 loss: 3.4418689727783205
Train Epoch: 34 steps: 300 / 4152 loss: 3.511100244522095
Train Epoch: 34 steps: 310 / 4152 loss: 3.4552937269210817
Train Epoch: 34 steps: 320 / 4152 loss: 3.4963001012802124
Train Epoch: 34 steps: 330 / 4152 loss: 3.605818247795105
Train Epoch: 34 steps: 340 / 4152 loss: 3.4313468456268312
Train Epoch: 34 steps: 350 / 4152 loss: 3.506968450546265
Train Epoch: 34 steps: 360 / 4152 loss: 3.500186896324158
Train Epoch: 34 steps: 370 / 4152 loss: 3.498815417289734
Train Epoch: 34 steps: 380 / 4152 loss: 3.5381607532501222
Train Epoch: 34 steps: 390 / 4152 loss: 3.570409870147705
Train Epoch: 34 steps: 400 / 4152 loss: 3.4979908943176268
Train Epoch: 34 steps: 410 / 4152 loss: 3.539379358291626
Train Epoch: 34 steps: 420 / 4152 loss: 3.529748558998108
Train Epoch: 34 steps: 430 / 4152 loss: 3.4009009838104247
Train Epoch: 34 steps: 440 / 4152 loss: 3.4637611150741576
Train Epoch: 34 steps: 450 / 4152 loss: 3.5231257915496825
Train Epoch: 34 steps: 460 / 4152 loss: 3.5198906898498534
Train Epoch: 34 steps: 470 / 4152 loss: 3.549320030212402
Train Epoch: 34 steps: 480 / 4152 loss: 3.491536355018616
Train Epoch: 34 steps: 490 / 4152 loss: 3.5428353548049927
Train Epoch: 34 steps: 500 / 4152 loss: 3.5146514654159544
Train Epoch: 34 steps: 510 / 4152 loss: 3.481720733642578
Train Epoch: 34 steps: 520 / 4152 loss: 3.5032418012619018
Train Epoch: 34 steps: 530 / 4152 loss: 3.5126791477203367
Train Epoch: 34 steps: 540 / 4152 loss: 3.3846468925476074
Train Epoch: 34 steps: 550 / 4152 loss: 3.5142842531204224
Train Epoch: 34 steps: 560 / 4152 loss: 3.417666459083557
Train Epoch: 34 steps: 570 / 4152 loss: 3.5535237550735475
Train Epoch: 34 steps: 580 / 4152 loss: 3.458946394920349
Train Epoch: 34 steps: 590 / 4152 loss: 3.4206228494644164
Train Epoch: 34 steps: 600 / 4152 loss: 3.500299406051636
Train Epoch: 34 steps: 610 / 4152 loss: 3.528429460525513
Train Epoch: 34 steps: 620 / 4152 loss: 3.51202552318573
Train Epoch: 34 steps: 630 / 4152 loss: 3.431439733505249
Train Epoch: 34 steps: 640 / 4152 loss: 3.495440936088562
Train Epoch: 34 steps: 650 / 4152 loss: 3.5383287906646728
Train Epoch: 34 steps: 660 / 4152 loss: 3.4676734447479247
Train Epoch: 34 steps: 670 / 4152 loss: 3.503987741470337
Train Epoch: 34 steps: 680 / 4152 loss: 3.544600248336792
Train Epoch: 34 steps: 690 / 4152 loss: 3.4193355321884153
Train Epoch: 34 steps: 700 / 4152 loss: 3.5428290128707887
Train Epoch: 34 steps: 710 / 4152 loss: 3.439988875389099
Train Epoch: 34 steps: 720 / 4152 loss: 3.49565269947052
Train Epoch: 34 steps: 730 / 4152 loss: 3.4122760772705076
Train Epoch: 34 steps: 740 / 4152 loss: 3.5204049825668333
Train Epoch: 34 steps: 750 / 4152 loss: 3.4903726816177367
Train Epoch: 34 steps: 760 / 4152 loss: 3.5160249948501585
Train Epoch: 34 steps: 770 / 4152 loss: 3.5503334999084473
Train Epoch: 34 steps: 780 / 4152 loss: 3.526292848587036
Train Epoch: 34 steps: 790 / 4152 loss: 3.540721082687378
Train Epoch: 34 steps: 800 / 4152 loss: 3.5337701797485352
Train Epoch: 34 steps: 810 / 4152 loss: 3.5287065267562867
Train Epoch: 34 steps: 820 / 4152 loss: 3.5370100259780886
Train Epoch: 34 steps: 830 / 4152 loss: 3.5713890314102175
Train Epoch: 34 steps: 840 / 4152 loss: 3.5061503410339356
Train Epoch: 34 steps: 850 / 4152 loss: 3.5155210971832274
Train Epoch: 34 steps: 860 / 4152 loss: 3.4587514400482178
Train Epoch: 34 steps: 870 / 4152 loss: 3.4763111114501952
Train Epoch: 34 steps: 880 / 4152 loss: 3.4135104417800903
Train Epoch: 34 steps: 890 / 4152 loss: 3.503926730155945
Train Epoch: 34 steps: 900 / 4152 loss: 3.4430179357528687
Train Epoch: 34 steps: 910 / 4152 loss: 3.5303412437438966
Train Epoch: 34 steps: 920 / 4152 loss: 3.501004695892334
Train Epoch: 34 steps: 930 / 4152 loss: 3.52472665309906
Train Epoch: 34 steps: 940 / 4152 loss: 3.5383375883102417
Train Epoch: 34 steps: 950 / 4152 loss: 3.4460494756698608
Train Epoch: 34 steps: 960 / 4152 loss: 3.4342337131500242
Train Epoch: 34 steps: 970 / 4152 loss: 3.494566488265991
Train Epoch: 34 steps: 980 / 4152 loss: 3.461768460273743
Train Epoch: 34 steps: 990 / 4152 loss: 3.532514476776123
Train Epoch: 34 steps: 1000 / 4152 loss: 3.5103633403778076
Train Epoch: 34 steps: 1010 / 4152 loss: 3.511674690246582
Train Epoch: 34 steps: 1020 / 4152 loss: 3.530177593231201
Train Epoch: 34 steps: 1030 / 4152 loss: 3.4590192317962645
Train Epoch: 34 steps: 1040 / 4152 loss: 3.493050479888916
----------------------------------------Epoch: 35----------------------------------------
----------------------------------------Epoch: 35----------------------------------------
----------------------------------------Epoch: 35----------------------------------------
----------------------------------------Epoch: 35----------------------------------------
Train Epoch: 35 steps: 0 / 4152 loss: 0.3004267692565918
Train Epoch: 35 steps: 10 / 4152 loss: 3.480164957046509
Train Epoch: 35 steps: 20 / 4152 loss: 3.4718191385269166
Train Epoch: 35 steps: 30 / 4152 loss: 3.500213313102722
Train Epoch: 35 steps: 40 / 4152 loss: 3.4984419107437135
Train Epoch: 35 steps: 50 / 4152 loss: 3.4179158449172973
Train Epoch: 35 steps: 60 / 4152 loss: 3.3576499938964846
Train Epoch: 35 steps: 70 / 4152 loss: 3.4079887866973877
Train Epoch: 35 steps: 80 / 4152 loss: 3.525915575027466
Train Epoch: 35 steps: 90 / 4152 loss: 3.524898362159729
Train Epoch: 35 steps: 100 / 4152 loss: 3.4650556087493896
Train Epoch: 35 steps: 110 / 4152 loss: 3.5367283821105957
Train Epoch: 35 steps: 120 / 4152 loss: 3.4822903156280516
Train Epoch: 35 steps: 130 / 4152 loss: 3.4829770803451536
Train Epoch: 35 steps: 140 / 4152 loss: 3.5121530055999757
Train Epoch: 35 steps: 150 / 4152 loss: 3.5611392974853517
Train Epoch: 35 steps: 160 / 4152 loss: 3.47298002243042
Train Epoch: 35 steps: 170 / 4152 loss: 3.4217559099197388
Train Epoch: 35 steps: 180 / 4152 loss: 3.53361976146698
Train Epoch: 35 steps: 190 / 4152 loss: 3.4983203411102295
Train Epoch: 35 steps: 200 / 4152 loss: 3.4706676483154295
Train Epoch: 35 steps: 210 / 4152 loss: 3.4817526578903197
Train Epoch: 35 steps: 220 / 4152 loss: 3.4640260457992555
Train Epoch: 35 steps: 230 / 4152 loss: 3.480903172492981
Train Epoch: 35 steps: 240 / 4152 loss: 3.4601789712905884
Train Epoch: 35 steps: 250 / 4152 loss: 3.5009477615356444
Train Epoch: 35 steps: 260 / 4152 loss: 3.449469470977783
Train Epoch: 35 steps: 270 / 4152 loss: 3.4455438613891602
Train Epoch: 35 steps: 280 / 4152 loss: 3.4674649000167848
Train Epoch: 35 steps: 290 / 4152 loss: 3.49969277381897
Train Epoch: 35 steps: 300 / 4152 loss: 3.4928733587265013
Train Epoch: 35 steps: 310 / 4152 loss: 3.401359748840332
Train Epoch: 35 steps: 320 / 4152 loss: 3.4886483430862425
Train Epoch: 35 steps: 330 / 4152 loss: 3.523855519294739
Train Epoch: 35 steps: 340 / 4152 loss: 3.5178961992263793
Train Epoch: 35 steps: 350 / 4152 loss: 3.4349498987197875
Train Epoch: 35 steps: 360 / 4152 loss: 3.505716633796692
Train Epoch: 35 steps: 370 / 4152 loss: 3.528621768951416
Train Epoch: 35 steps: 380 / 4152 loss: 3.53910436630249
Train Epoch: 35 steps: 390 / 4152 loss: 3.5143815994262697
Train Epoch: 35 steps: 400 / 4152 loss: 3.538534235954285
Train Epoch: 35 steps: 410 / 4152 loss: 3.5302195072174074
Train Epoch: 35 steps: 420 / 4152 loss: 3.572779655456543
Train Epoch: 35 steps: 430 / 4152 loss: 3.49143807888031
Train Epoch: 35 steps: 440 / 4152 loss: 3.427340292930603
Train Epoch: 35 steps: 450 / 4152 loss: 3.492189121246338
Train Epoch: 35 steps: 460 / 4152 loss: 3.506734013557434
Train Epoch: 35 steps: 470 / 4152 loss: 3.4349011182785034
Train Epoch: 35 steps: 480 / 4152 loss: 3.3986860513687134
Train Epoch: 35 steps: 490 / 4152 loss: 3.507771944999695
Train Epoch: 35 steps: 500 / 4152 loss: 3.492908072471619
Train Epoch: 35 steps: 510 / 4152 loss: 3.5521212816238403
Train Epoch: 35 steps: 520 / 4152 loss: 3.4307594537734984
Train Epoch: 35 steps: 530 / 4152 loss: 3.461986517906189
Train Epoch: 35 steps: 540 / 4152 loss: 3.456652569770813
Train Epoch: 35 steps: 550 / 4152 loss: 3.5343741178512573
Train Epoch: 35 steps: 560 / 4152 loss: 3.5430260181427
Train Epoch: 35 steps: 570 / 4152 loss: 3.5029032945632936
Train Epoch: 35 steps: 580 / 4152 loss: 3.456373119354248
Train Epoch: 35 steps: 590 / 4152 loss: 3.447181558609009
Train Epoch: 35 steps: 600 / 4152 loss: 3.5526931524276733
Train Epoch: 35 steps: 610 / 4152 loss: 3.4995857954025267
Train Epoch: 35 steps: 620 / 4152 loss: 3.562376832962036
Train Epoch: 35 steps: 630 / 4152 loss: 3.520985412597656
Train Epoch: 35 steps: 640 / 4152 loss: 3.514663314819336
Train Epoch: 35 steps: 650 / 4152 loss: 3.4981032609939575
Train Epoch: 35 steps: 660 / 4152 loss: 3.4845762252807617
Train Epoch: 35 steps: 670 / 4152 loss: 3.4739360332489015
Train Epoch: 35 steps: 680 / 4152 loss: 3.478149747848511
Train Epoch: 35 steps: 690 / 4152 loss: 3.5261664152145387
Train Epoch: 35 steps: 700 / 4152 loss: 3.5334906816482543
Train Epoch: 35 steps: 710 / 4152 loss: 3.5047361612319947
Train Epoch: 35 steps: 720 / 4152 loss: 3.518443965911865
Train Epoch: 35 steps: 730 / 4152 loss: 3.501348924636841
Train Epoch: 35 steps: 740 / 4152 loss: 3.4991848945617674
Train Epoch: 35 steps: 750 / 4152 loss: 3.4482545137405394
Train Epoch: 35 steps: 760 / 4152 loss: 3.56788330078125
Train Epoch: 35 steps: 770 / 4152 loss: 3.5411870956420897
Train Epoch: 35 steps: 780 / 4152 loss: 3.573747158050537
Train Epoch: 35 steps: 790 / 4152 loss: 3.503392481803894
Train Epoch: 35 steps: 800 / 4152 loss: 3.4982298374176026
Train Epoch: 35 steps: 810 / 4152 loss: 3.460006308555603
Train Epoch: 35 steps: 820 / 4152 loss: 3.5571927785873414
Train Epoch: 35 steps: 830 / 4152 loss: 3.461394691467285
Train Epoch: 35 steps: 840 / 4152 loss: 3.6161945343017576
Train Epoch: 35 steps: 850 / 4152 loss: 3.517688775062561
Train Epoch: 35 steps: 860 / 4152 loss: 3.4421274423599244
Train Epoch: 35 steps: 870 / 4152 loss: 3.419969654083252
Train Epoch: 35 steps: 880 / 4152 loss: 3.5647310495376585
Train Epoch: 35 steps: 890 / 4152 loss: 3.523126792907715
Train Epoch: 35 steps: 900 / 4152 loss: 3.4734407901763915
Train Epoch: 35 steps: 910 / 4152 loss: 3.633208441734314
Train Epoch: 35 steps: 920 / 4152 loss: 3.4629836082458496
Train Epoch: 35 steps: 930 / 4152 loss: 3.43795268535614
Train Epoch: 35 steps: 940 / 4152 loss: 3.502423048019409
Train Epoch: 35 steps: 950 / 4152 loss: 3.5349657773971557
Train Epoch: 35 steps: 960 / 4152 loss: 3.48499596118927
Train Epoch: 35 steps: 970 / 4152 loss: 3.4914903163909914
Train Epoch: 35 steps: 980 / 4152 loss: 3.531538486480713
Train Epoch: 35 steps: 990 / 4152 loss: 3.5750606536865233
Train Epoch: 35 steps: 1000 / 4152 loss: 3.490760064125061
Train Epoch: 35 steps: 1010 / 4152 loss: 3.3994765996932985
Train Epoch: 35 steps: 1020 / 4152 loss: 3.5152475595474244
Train Epoch: 35 steps: 1030 / 4152 loss: 3.4985093593597414
Train Epoch: 35 steps: 1040 / 4152 loss: 3.45934579372406
----------------------------------------Epoch: 36----------------------------------------
----------------------------------------Epoch: 36----------------------------------------
----------------------------------------Epoch: 36----------------------------------------
----------------------------------------Epoch: 36----------------------------------------
Train Epoch: 36 steps: 0 / 4152 loss: 0.3315270185470581
Train Epoch: 36 steps: 10 / 4152 loss: 3.484564518928528
Train Epoch: 36 steps: 20 / 4152 loss: 3.44769024848938
Train Epoch: 36 steps: 30 / 4152 loss: 3.521116352081299
Train Epoch: 36 steps: 40 / 4152 loss: 3.5172847747802733
Train Epoch: 36 steps: 50 / 4152 loss: 3.5136520147323607
Train Epoch: 36 steps: 60 / 4152 loss: 3.5069488763809202
Train Epoch: 36 steps: 70 / 4152 loss: 3.4574565410614015
Train Epoch: 36 steps: 80 / 4152 loss: 3.544776272773743
Train Epoch: 36 steps: 90 / 4152 loss: 3.543786716461182
Train Epoch: 36 steps: 100 / 4152 loss: 3.3669934272766113
Train Epoch: 36 steps: 110 / 4152 loss: 3.5269066095352173
Train Epoch: 36 steps: 120 / 4152 loss: 3.5252894878387453
Train Epoch: 36 steps: 130 / 4152 loss: 3.5262760639190676
Train Epoch: 36 steps: 140 / 4152 loss: 3.515887665748596
Train Epoch: 36 steps: 150 / 4152 loss: 3.493765354156494
Train Epoch: 36 steps: 160 / 4152 loss: 3.4382660388946533
Train Epoch: 36 steps: 170 / 4152 loss: 3.4685848474502565
Train Epoch: 36 steps: 180 / 4152 loss: 3.5229752540588377
Train Epoch: 36 steps: 190 / 4152 loss: 3.3739383220672607
Train Epoch: 36 steps: 200 / 4152 loss: 3.488476848602295
Train Epoch: 36 steps: 210 / 4152 loss: 3.4900119066238404
Train Epoch: 36 steps: 220 / 4152 loss: 3.5275413751602174
Train Epoch: 36 steps: 230 / 4152 loss: 3.5423961639404298
Train Epoch: 36 steps: 240 / 4152 loss: 3.497292923927307
Train Epoch: 36 steps: 250 / 4152 loss: 3.4836345911026
Train Epoch: 36 steps: 260 / 4152 loss: 3.518664836883545
Train Epoch: 36 steps: 270 / 4152 loss: 3.4945111751556395
Train Epoch: 36 steps: 280 / 4152 loss: 3.515823149681091
Train Epoch: 36 steps: 290 / 4152 loss: 3.4284361600875854
Train Epoch: 36 steps: 300 / 4152 loss: 3.4877419471740723
Train Epoch: 36 steps: 310 / 4152 loss: 3.5426873683929445
Train Epoch: 36 steps: 320 / 4152 loss: 3.499360370635986
Train Epoch: 36 steps: 330 / 4152 loss: 3.45711932182312
Train Epoch: 36 steps: 340 / 4152 loss: 3.54388689994812
Train Epoch: 36 steps: 350 / 4152 loss: 3.489234781265259
Train Epoch: 36 steps: 360 / 4152 loss: 3.486454892158508
Train Epoch: 36 steps: 370 / 4152 loss: 3.5426700830459597
Train Epoch: 36 steps: 380 / 4152 loss: 3.485703873634338
Train Epoch: 36 steps: 390 / 4152 loss: 3.440684604644775
Train Epoch: 36 steps: 400 / 4152 loss: 3.501731848716736
Train Epoch: 36 steps: 410 / 4152 loss: 3.4972315549850466
Train Epoch: 36 steps: 420 / 4152 loss: 3.595218563079834
Train Epoch: 36 steps: 430 / 4152 loss: 3.440600800514221
Train Epoch: 36 steps: 440 / 4152 loss: 3.56956889629364
Train Epoch: 36 steps: 450 / 4152 loss: 3.472660279273987
Train Epoch: 36 steps: 460 / 4152 loss: 3.4691574335098267
Train Epoch: 36 steps: 470 / 4152 loss: 3.5452766180038453
Train Epoch: 36 steps: 480 / 4152 loss: 3.449410891532898
Train Epoch: 36 steps: 490 / 4152 loss: 3.523926115036011
Train Epoch: 36 steps: 500 / 4152 loss: 3.466748332977295
Train Epoch: 36 steps: 510 / 4152 loss: 3.468191361427307
Train Epoch: 36 steps: 520 / 4152 loss: 3.482933187484741
Train Epoch: 36 steps: 530 / 4152 loss: 3.54331521987915
Train Epoch: 36 steps: 540 / 4152 loss: 3.500547432899475
Train Epoch: 36 steps: 550 / 4152 loss: 3.5042046785354612
Train Epoch: 36 steps: 560 / 4152 loss: 3.491154599189758
Train Epoch: 36 steps: 570 / 4152 loss: 3.535522150993347
Train Epoch: 36 steps: 580 / 4152 loss: 3.544374370574951
Train Epoch: 36 steps: 590 / 4152 loss: 3.5158840656280517
Train Epoch: 36 steps: 600 / 4152 loss: 3.545657157897949
Train Epoch: 36 steps: 610 / 4152 loss: 3.5656718492507933
Train Epoch: 36 steps: 620 / 4152 loss: 3.4624833345413206
Train Epoch: 36 steps: 630 / 4152 loss: 3.4764250993728636
Train Epoch: 36 steps: 640 / 4152 loss: 3.5001746654510497
Train Epoch: 36 steps: 650 / 4152 loss: 3.5496567726135253
Train Epoch: 36 steps: 660 / 4152 loss: 3.5207351446151733
Train Epoch: 36 steps: 670 / 4152 loss: 3.5396006107330322
Train Epoch: 36 steps: 680 / 4152 loss: 3.479399561882019
Train Epoch: 36 steps: 690 / 4152 loss: 3.510449004173279
Train Epoch: 36 steps: 700 / 4152 loss: 3.5091673612594603
Train Epoch: 36 steps: 710 / 4152 loss: 3.5500182628631594
Train Epoch: 36 steps: 720 / 4152 loss: 3.526204824447632
Train Epoch: 36 steps: 730 / 4152 loss: 3.534294605255127
Train Epoch: 36 steps: 740 / 4152 loss: 3.464635491371155
Train Epoch: 36 steps: 750 / 4152 loss: 3.4725658893585205
Train Epoch: 36 steps: 760 / 4152 loss: 3.513404107093811
Train Epoch: 36 steps: 770 / 4152 loss: 3.5018320083618164
Train Epoch: 36 steps: 780 / 4152 loss: 3.509475660324097
Train Epoch: 36 steps: 790 / 4152 loss: 3.5009750843048097
Train Epoch: 36 steps: 800 / 4152 loss: 3.496211814880371
Train Epoch: 36 steps: 810 / 4152 loss: 3.4104422330856323
Train Epoch: 36 steps: 820 / 4152 loss: 3.5211681127548218
Train Epoch: 36 steps: 830 / 4152 loss: 3.0792937755584715
Train Epoch: 36 steps: 840 / 4152 loss: 3.51349618434906
Train Epoch: 36 steps: 850 / 4152 loss: 3.463427186012268
Train Epoch: 36 steps: 860 / 4152 loss: 3.4920188665390013
Train Epoch: 36 steps: 870 / 4152 loss: 3.5164039611816404
Train Epoch: 36 steps: 880 / 4152 loss: 3.4588079690933227
Train Epoch: 36 steps: 890 / 4152 loss: 3.5106970071792603
Train Epoch: 36 steps: 900 / 4152 loss: 3.469040131568909
Train Epoch: 36 steps: 910 / 4152 loss: 3.4899330615997313
Train Epoch: 36 steps: 920 / 4152 loss: 3.471265697479248
Train Epoch: 36 steps: 930 / 4152 loss: 3.4376117467880247
Train Epoch: 36 steps: 940 / 4152 loss: 3.5034088850021363
Train Epoch: 36 steps: 950 / 4152 loss: 3.59901442527771
Train Epoch: 36 steps: 960 / 4152 loss: 3.5959004163742065
Train Epoch: 36 steps: 970 / 4152 loss: 3.517953896522522
Train Epoch: 36 steps: 980 / 4152 loss: 3.502150058746338
Train Epoch: 36 steps: 990 / 4152 loss: 3.500355863571167
Train Epoch: 36 steps: 1000 / 4152 loss: 3.4506848096847533
Train Epoch: 36 steps: 1010 / 4152 loss: 3.462638807296753
Train Epoch: 36 steps: 1020 / 4152 loss: 3.4712849140167235
Train Epoch: 36 steps: 1030 / 4152 loss: 3.4098110437393188
Train Epoch: 36 steps: 1040 / 4152 loss: 3.4879111289978026
----------------------------------------Epoch: 37----------------------------------------
----------------------------------------Epoch: 37----------------------------------------
----------------------------------------Epoch: 37----------------------------------------
----------------------------------------Epoch: 37----------------------------------------
Train Epoch: 37 steps: 0 / 4152 loss: 0.34002389907836916
Train Epoch: 37 steps: 10 / 4152 loss: 3.4000381946563722
Train Epoch: 37 steps: 20 / 4152 loss: 3.5443284034729006
Train Epoch: 37 steps: 30 / 4152 loss: 3.471717429161072
Train Epoch: 37 steps: 40 / 4152 loss: 3.5432501554489138
Train Epoch: 37 steps: 50 / 4152 loss: 3.522928309440613
Train Epoch: 37 steps: 60 / 4152 loss: 3.478448176383972
Train Epoch: 37 steps: 70 / 4152 loss: 3.4440558671951296
Train Epoch: 37 steps: 80 / 4152 loss: 3.4785131931304933
Train Epoch: 37 steps: 90 / 4152 loss: 3.472387599945068
Train Epoch: 37 steps: 100 / 4152 loss: 3.4754730224609376
Train Epoch: 37 steps: 110 / 4152 loss: 3.502138090133667
Train Epoch: 37 steps: 120 / 4152 loss: 3.49206006526947
Train Epoch: 37 steps: 130 / 4152 loss: 3.576359581947327
Train Epoch: 37 steps: 140 / 4152 loss: 3.480583834648132
Train Epoch: 37 steps: 150 / 4152 loss: 3.4755952835083006
Train Epoch: 37 steps: 160 / 4152 loss: 3.502635288238525
Train Epoch: 37 steps: 170 / 4152 loss: 3.5186312675476072
Train Epoch: 37 steps: 180 / 4152 loss: 3.471478486061096
Train Epoch: 37 steps: 190 / 4152 loss: 3.4792152404785157
Train Epoch: 37 steps: 200 / 4152 loss: 3.471851277351379
Train Epoch: 37 steps: 210 / 4152 loss: 3.518224859237671
Train Epoch: 37 steps: 220 / 4152 loss: 3.5366586446762085
Train Epoch: 37 steps: 230 / 4152 loss: 3.547705364227295
Train Epoch: 37 steps: 240 / 4152 loss: 3.494239902496338
Train Epoch: 37 steps: 250 / 4152 loss: 3.466743493080139
Train Epoch: 37 steps: 260 / 4152 loss: 3.466091537475586
Train Epoch: 37 steps: 270 / 4152 loss: 3.4530714988708495
Train Epoch: 37 steps: 280 / 4152 loss: 3.4531527280807497
Train Epoch: 37 steps: 290 / 4152 loss: 3.477683258056641
Train Epoch: 37 steps: 300 / 4152 loss: 3.5240004777908327
Train Epoch: 37 steps: 310 / 4152 loss: 3.4827948570251466
Train Epoch: 37 steps: 320 / 4152 loss: 3.446879434585571
Train Epoch: 37 steps: 330 / 4152 loss: 3.5131059646606446
Train Epoch: 37 steps: 340 / 4152 loss: 3.558310294151306
Train Epoch: 37 steps: 350 / 4152 loss: 3.4976975679397584
Train Epoch: 37 steps: 360 / 4152 loss: 3.5759276866912844
Train Epoch: 37 steps: 370 / 4152 loss: 3.5027779579162597
Train Epoch: 37 steps: 380 / 4152 loss: 3.487238907814026
Train Epoch: 37 steps: 390 / 4152 loss: 3.5058191061019897
Train Epoch: 37 steps: 400 / 4152 loss: 3.464453434944153
Train Epoch: 37 steps: 410 / 4152 loss: 3.412738251686096
Train Epoch: 37 steps: 420 / 4152 loss: 3.637924599647522
Train Epoch: 37 steps: 430 / 4152 loss: 3.4664269208908083
Train Epoch: 37 steps: 440 / 4152 loss: 3.423332452774048
Train Epoch: 37 steps: 450 / 4152 loss: 3.46936354637146
Train Epoch: 37 steps: 460 / 4152 loss: 3.52480685710907
Train Epoch: 37 steps: 470 / 4152 loss: 3.515923094749451
Train Epoch: 37 steps: 480 / 4152 loss: 3.452277326583862
Train Epoch: 37 steps: 490 / 4152 loss: 3.4372681856155394
Train Epoch: 37 steps: 500 / 4152 loss: 3.461787748336792
Train Epoch: 37 steps: 510 / 4152 loss: 3.5717668771743774
Train Epoch: 37 steps: 520 / 4152 loss: 3.4583951234817505
Train Epoch: 37 steps: 530 / 4152 loss: 3.46862370967865
Train Epoch: 37 steps: 540 / 4152 loss: 3.516017460823059
Train Epoch: 37 steps: 550 / 4152 loss: 3.4646284341812135
Train Epoch: 37 steps: 560 / 4152 loss: 3.5575798988342284
Train Epoch: 37 steps: 570 / 4152 loss: 3.4754724502563477
Train Epoch: 37 steps: 580 / 4152 loss: 3.458776044845581
Train Epoch: 37 steps: 590 / 4152 loss: 3.515884780883789
Train Epoch: 37 steps: 600 / 4152 loss: 3.516382908821106
Train Epoch: 37 steps: 610 / 4152 loss: 3.4898892641067505
Train Epoch: 37 steps: 620 / 4152 loss: 3.445287299156189
Train Epoch: 37 steps: 630 / 4152 loss: 3.4544135332107544
Train Epoch: 37 steps: 640 / 4152 loss: 3.4635536670684814
Train Epoch: 37 steps: 650 / 4152 loss: 3.5521843910217283
Train Epoch: 37 steps: 660 / 4152 loss: 3.4764994382858276
Train Epoch: 37 steps: 670 / 4152 loss: 3.4578761577606203
Train Epoch: 37 steps: 680 / 4152 loss: 3.4717617511749266
Train Epoch: 37 steps: 690 / 4152 loss: 3.47499680519104
Train Epoch: 37 steps: 700 / 4152 loss: 3.4458796977996826
Train Epoch: 37 steps: 710 / 4152 loss: 3.459665560722351
Train Epoch: 37 steps: 720 / 4152 loss: 3.450976610183716
Train Epoch: 37 steps: 730 / 4152 loss: 3.484573984146118
Train Epoch: 37 steps: 740 / 4152 loss: 3.4389355421066283
Train Epoch: 37 steps: 750 / 4152 loss: 3.458920955657959
Train Epoch: 37 steps: 760 / 4152 loss: 3.576152729988098
Train Epoch: 37 steps: 770 / 4152 loss: 3.5139004468917845
Train Epoch: 37 steps: 780 / 4152 loss: 3.4992411613464354
Train Epoch: 37 steps: 790 / 4152 loss: 3.49225332736969
Train Epoch: 37 steps: 800 / 4152 loss: 3.4833974123001097
Train Epoch: 37 steps: 810 / 4152 loss: 3.166393351554871
Train Epoch: 37 steps: 820 / 4152 loss: 3.432893228530884
Train Epoch: 37 steps: 830 / 4152 loss: 3.5114299774169924
Train Epoch: 37 steps: 840 / 4152 loss: 3.560696077346802
Train Epoch: 37 steps: 850 / 4152 loss: 3.5190558671951293
Train Epoch: 37 steps: 860 / 4152 loss: 3.4787540197372437
Train Epoch: 37 steps: 870 / 4152 loss: 3.443661904335022
Train Epoch: 37 steps: 880 / 4152 loss: 3.491478204727173
Train Epoch: 37 steps: 890 / 4152 loss: 3.397983264923096
Train Epoch: 37 steps: 900 / 4152 loss: 3.4988334655761717
Train Epoch: 37 steps: 910 / 4152 loss: 3.486993145942688
Train Epoch: 37 steps: 920 / 4152 loss: 3.4771979093551635
Train Epoch: 37 steps: 930 / 4152 loss: 3.520482611656189
Train Epoch: 37 steps: 940 / 4152 loss: 3.4947861194610597
Train Epoch: 37 steps: 950 / 4152 loss: 3.511550784111023
Train Epoch: 37 steps: 960 / 4152 loss: 3.510523772239685
Train Epoch: 37 steps: 970 / 4152 loss: 3.424443984031677
Train Epoch: 37 steps: 980 / 4152 loss: 3.510641598701477
Train Epoch: 37 steps: 990 / 4152 loss: 3.5018147945404055
Train Epoch: 37 steps: 1000 / 4152 loss: 3.4626508951187134
Train Epoch: 37 steps: 1010 / 4152 loss: 3.463435339927673
Train Epoch: 37 steps: 1020 / 4152 loss: 3.5897766590118407
Train Epoch: 37 steps: 1030 / 4152 loss: 3.5392420291900635
Train Epoch: 37 steps: 1040 / 4152 loss: 3.48040452003479
----------------------------------------Epoch: 38----------------------------------------
----------------------------------------Epoch: 38----------------------------------------
----------------------------------------Epoch: 38----------------------------------------
----------------------------------------Epoch: 38----------------------------------------
Train Epoch: 38 steps: 0 / 4152 loss: 0.3434263229370117
Train Epoch: 38 steps: 10 / 4152 loss: 3.4825586557388304
Train Epoch: 38 steps: 20 / 4152 loss: 3.523359513282776
Train Epoch: 38 steps: 30 / 4152 loss: 3.363396739959717
Train Epoch: 38 steps: 40 / 4152 loss: 3.521252179145813
Train Epoch: 38 steps: 50 / 4152 loss: 3.5167199850082396
Train Epoch: 38 steps: 60 / 4152 loss: 3.5225008726119995
Train Epoch: 38 steps: 70 / 4152 loss: 3.5693129301071167
Train Epoch: 38 steps: 80 / 4152 loss: 3.4635570287704467
Train Epoch: 38 steps: 90 / 4152 loss: 3.4975698947906495
Train Epoch: 38 steps: 100 / 4152 loss: 3.46128306388855
Train Epoch: 38 steps: 110 / 4152 loss: 3.52760009765625
Train Epoch: 38 steps: 120 / 4152 loss: 3.4645010471343993
Train Epoch: 38 steps: 130 / 4152 loss: 3.477937865257263
Train Epoch: 38 steps: 140 / 4152 loss: 3.436989092826843
Train Epoch: 38 steps: 150 / 4152 loss: 3.4642638206481933
Train Epoch: 38 steps: 160 / 4152 loss: 3.5176868200302125
Train Epoch: 38 steps: 170 / 4152 loss: 3.4204114198684694
Train Epoch: 38 steps: 180 / 4152 loss: 3.488077402114868
Train Epoch: 38 steps: 190 / 4152 loss: 3.5111400365829466
Train Epoch: 38 steps: 200 / 4152 loss: 3.4702550411224364
Train Epoch: 38 steps: 210 / 4152 loss: 3.451940321922302
Train Epoch: 38 steps: 220 / 4152 loss: 3.505518412590027
Train Epoch: 38 steps: 230 / 4152 loss: 3.5010809898376465
Train Epoch: 38 steps: 240 / 4152 loss: 3.4596915006637574
Train Epoch: 38 steps: 250 / 4152 loss: 3.541282534599304
Train Epoch: 38 steps: 260 / 4152 loss: 3.427344012260437
Train Epoch: 38 steps: 270 / 4152 loss: 3.507232356071472
Train Epoch: 38 steps: 280 / 4152 loss: 3.452930045127869
Train Epoch: 38 steps: 290 / 4152 loss: 3.4568599462509155
Train Epoch: 38 steps: 300 / 4152 loss: 3.5182140111923217
Train Epoch: 38 steps: 310 / 4152 loss: 3.4401635408401487
Train Epoch: 38 steps: 320 / 4152 loss: 3.4685744047164917
Train Epoch: 38 steps: 330 / 4152 loss: 3.52766432762146
Train Epoch: 38 steps: 340 / 4152 loss: 3.5075103044509888
Train Epoch: 38 steps: 350 / 4152 loss: 3.4952715396881104
Train Epoch: 38 steps: 360 / 4152 loss: 3.4396493911743162
Train Epoch: 38 steps: 370 / 4152 loss: 3.415831971168518
Train Epoch: 38 steps: 380 / 4152 loss: 3.4900485277175903
Train Epoch: 38 steps: 390 / 4152 loss: 3.4956368446350097
Train Epoch: 38 steps: 400 / 4152 loss: 3.4675541639328005
Train Epoch: 38 steps: 410 / 4152 loss: 3.3769928216934204
Train Epoch: 38 steps: 420 / 4152 loss: 3.558500862121582
Train Epoch: 38 steps: 430 / 4152 loss: 3.4963063478469847
Train Epoch: 38 steps: 440 / 4152 loss: 3.4516513347625732
Train Epoch: 38 steps: 450 / 4152 loss: 3.5239530324935915
Train Epoch: 38 steps: 460 / 4152 loss: 3.4793950080871583
Train Epoch: 38 steps: 470 / 4152 loss: 3.5039401292800902
Train Epoch: 38 steps: 480 / 4152 loss: 3.479391074180603
Train Epoch: 38 steps: 490 / 4152 loss: 3.4676817893981933
Train Epoch: 38 steps: 500 / 4152 loss: 3.436860537528992
Train Epoch: 38 steps: 510 / 4152 loss: 3.452793097496033
Train Epoch: 38 steps: 520 / 4152 loss: 3.4999521493911745
Train Epoch: 38 steps: 530 / 4152 loss: 3.518939161300659
Train Epoch: 38 steps: 540 / 4152 loss: 3.4600109815597535
Train Epoch: 38 steps: 550 / 4152 loss: 3.477504777908325
Train Epoch: 38 steps: 560 / 4152 loss: 3.4257078886032106
Train Epoch: 38 steps: 570 / 4152 loss: 3.4611729860305784
Train Epoch: 38 steps: 580 / 4152 loss: 3.4204885005950927
Train Epoch: 38 steps: 590 / 4152 loss: 3.446037006378174
Train Epoch: 38 steps: 600 / 4152 loss: 3.553376007080078
Train Epoch: 38 steps: 610 / 4152 loss: 3.4544590950012206
Train Epoch: 38 steps: 620 / 4152 loss: 3.4410446643829347
Train Epoch: 38 steps: 630 / 4152 loss: 3.4625282526016234
Train Epoch: 38 steps: 640 / 4152 loss: 3.4632445335388184
Train Epoch: 38 steps: 650 / 4152 loss: 3.5380041122436525
Train Epoch: 38 steps: 660 / 4152 loss: 3.4708186864852903
Train Epoch: 38 steps: 670 / 4152 loss: 3.5394611120224
Train Epoch: 38 steps: 680 / 4152 loss: 3.5347853899002075
Train Epoch: 38 steps: 690 / 4152 loss: 3.44688675403595
Train Epoch: 38 steps: 700 / 4152 loss: 3.5782636642456054
Train Epoch: 38 steps: 710 / 4152 loss: 3.532024359703064
Train Epoch: 38 steps: 720 / 4152 loss: 3.38209011554718
Train Epoch: 38 steps: 730 / 4152 loss: 3.540028524398804
Train Epoch: 38 steps: 740 / 4152 loss: 3.4995306015014647
Train Epoch: 38 steps: 750 / 4152 loss: 3.449334812164307
Train Epoch: 38 steps: 760 / 4152 loss: 3.568541240692139
Train Epoch: 38 steps: 770 / 4152 loss: 3.5015302181243895
Train Epoch: 38 steps: 780 / 4152 loss: 3.5444485187530517
Train Epoch: 38 steps: 790 / 4152 loss: 3.1635337591171266
Train Epoch: 38 steps: 800 / 4152 loss: 3.5175987243652345
Train Epoch: 38 steps: 810 / 4152 loss: 3.4562103033065794
Train Epoch: 38 steps: 820 / 4152 loss: 3.4728679895401
Train Epoch: 38 steps: 830 / 4152 loss: 3.452314352989197
Train Epoch: 38 steps: 840 / 4152 loss: 3.4687098979949953
Train Epoch: 38 steps: 850 / 4152 loss: 3.515833330154419
Train Epoch: 38 steps: 860 / 4152 loss: 3.5364780187606812
Train Epoch: 38 steps: 870 / 4152 loss: 3.498138499259949
Train Epoch: 38 steps: 880 / 4152 loss: 3.5017508983612062
Train Epoch: 38 steps: 890 / 4152 loss: 3.4237903356552124
Train Epoch: 38 steps: 900 / 4152 loss: 3.3876801252365114
Train Epoch: 38 steps: 910 / 4152 loss: 3.5298760652542116
Train Epoch: 38 steps: 920 / 4152 loss: 3.5152090072631834
Train Epoch: 38 steps: 930 / 4152 loss: 3.48337664604187
Train Epoch: 38 steps: 940 / 4152 loss: 3.4200531244277954
Train Epoch: 38 steps: 950 / 4152 loss: 3.52341742515564
Train Epoch: 38 steps: 960 / 4152 loss: 3.437928891181946
Train Epoch: 38 steps: 970 / 4152 loss: 3.4683138608932493
Train Epoch: 38 steps: 980 / 4152 loss: 3.48191294670105
Train Epoch: 38 steps: 990 / 4152 loss: 3.5991904735565186
Train Epoch: 38 steps: 1000 / 4152 loss: 3.528772258758545
Train Epoch: 38 steps: 1010 / 4152 loss: 3.471300554275513
Train Epoch: 38 steps: 1020 / 4152 loss: 3.55012526512146
Train Epoch: 38 steps: 1030 / 4152 loss: 3.4216055393218996
Train Epoch: 38 steps: 1040 / 4152 loss: 3.4889919757843018
----------------------------------------Epoch: 39----------------------------------------
----------------------------------------Epoch: 39----------------------------------------
----------------------------------------Epoch: 39----------------------------------------
----------------------------------------Epoch: 39----------------------------------------
Train Epoch: 39 steps: 0 / 4152 loss: 0.3214851140975952
Train Epoch: 39 steps: 10 / 4152 loss: 3.556671142578125
Train Epoch: 39 steps: 20 / 4152 loss: 3.4577521324157714
Train Epoch: 39 steps: 30 / 4152 loss: 3.4444732666015625
Train Epoch: 39 steps: 40 / 4152 loss: 3.5095983743667603
Train Epoch: 39 steps: 50 / 4152 loss: 3.468712043762207
Train Epoch: 39 steps: 60 / 4152 loss: 3.489179992675781
Train Epoch: 39 steps: 70 / 4152 loss: 3.468191051483154
Train Epoch: 39 steps: 80 / 4152 loss: 3.521618866920471
Train Epoch: 39 steps: 90 / 4152 loss: 3.5724704027175904
Train Epoch: 39 steps: 100 / 4152 loss: 3.3714356899261473
Train Epoch: 39 steps: 110 / 4152 loss: 3.469258666038513
Train Epoch: 39 steps: 120 / 4152 loss: 3.4871843099594115
Train Epoch: 39 steps: 130 / 4152 loss: 3.43075110912323
Train Epoch: 39 steps: 140 / 4152 loss: 3.54946882724762
Train Epoch: 39 steps: 150 / 4152 loss: 3.4295697927474977
Train Epoch: 39 steps: 160 / 4152 loss: 3.4546265840530395
Train Epoch: 39 steps: 170 / 4152 loss: 3.522813391685486
Train Epoch: 39 steps: 180 / 4152 loss: 3.509755182266235
Train Epoch: 39 steps: 190 / 4152 loss: 3.457593846321106
Train Epoch: 39 steps: 200 / 4152 loss: 3.5642602920532225
Train Epoch: 39 steps: 210 / 4152 loss: 3.4992463111877443
Train Epoch: 39 steps: 220 / 4152 loss: 3.546725559234619
Train Epoch: 39 steps: 230 / 4152 loss: 3.518247365951538
Train Epoch: 39 steps: 240 / 4152 loss: 3.4846328020095827
Train Epoch: 39 steps: 250 / 4152 loss: 3.511752390861511
Train Epoch: 39 steps: 260 / 4152 loss: 3.4312957286834718
Train Epoch: 39 steps: 270 / 4152 loss: 3.5651485919952393
Train Epoch: 39 steps: 280 / 4152 loss: 3.4119056940078734
Train Epoch: 39 steps: 290 / 4152 loss: 3.4834173917770386
Train Epoch: 39 steps: 300 / 4152 loss: 3.534178876876831
Train Epoch: 39 steps: 310 / 4152 loss: 3.437401461601257
Train Epoch: 39 steps: 320 / 4152 loss: 3.513698172569275
Train Epoch: 39 steps: 330 / 4152 loss: 3.5324932813644407
Train Epoch: 39 steps: 340 / 4152 loss: 3.424391984939575
Train Epoch: 39 steps: 350 / 4152 loss: 3.533834195137024
Train Epoch: 39 steps: 360 / 4152 loss: 3.472087788581848
Train Epoch: 39 steps: 370 / 4152 loss: 3.5291723012924194
Train Epoch: 39 steps: 380 / 4152 loss: 3.5268819332122803
Train Epoch: 39 steps: 390 / 4152 loss: 3.518973970413208
Train Epoch: 39 steps: 400 / 4152 loss: 3.453248715400696
Train Epoch: 39 steps: 410 / 4152 loss: 3.525688052177429
Train Epoch: 39 steps: 420 / 4152 loss: 3.44329514503479
Train Epoch: 39 steps: 430 / 4152 loss: 3.454580783843994
Train Epoch: 39 steps: 440 / 4152 loss: 3.53512065410614
Train Epoch: 39 steps: 450 / 4152 loss: 3.5197091817855837
Train Epoch: 39 steps: 460 / 4152 loss: 3.4627507448196413
Train Epoch: 39 steps: 470 / 4152 loss: 3.377602386474609
Train Epoch: 39 steps: 480 / 4152 loss: 3.533220720291138
Train Epoch: 39 steps: 490 / 4152 loss: 3.518274927139282
Train Epoch: 39 steps: 500 / 4152 loss: 3.530393290519714
Train Epoch: 39 steps: 510 / 4152 loss: 3.4321897506713865
Train Epoch: 39 steps: 520 / 4152 loss: 3.518921661376953
Train Epoch: 39 steps: 530 / 4152 loss: 3.4429500102996826
Train Epoch: 39 steps: 540 / 4152 loss: 3.4910363435745237
Train Epoch: 39 steps: 550 / 4152 loss: 3.4437462091445923
Train Epoch: 39 steps: 560 / 4152 loss: 3.5032684564590455
Train Epoch: 39 steps: 570 / 4152 loss: 3.4981402158737183
Train Epoch: 39 steps: 580 / 4152 loss: 3.4463191509246824
Train Epoch: 39 steps: 590 / 4152 loss: 3.488865780830383
Train Epoch: 39 steps: 600 / 4152 loss: 3.5034040927886965
Train Epoch: 39 steps: 610 / 4152 loss: 3.498810958862305
Train Epoch: 39 steps: 620 / 4152 loss: 3.5078704595565795
Train Epoch: 39 steps: 630 / 4152 loss: 3.5756979465484617
Train Epoch: 39 steps: 640 / 4152 loss: 3.492816424369812
Train Epoch: 39 steps: 650 / 4152 loss: 3.404951000213623
Train Epoch: 39 steps: 660 / 4152 loss: 3.5071006298065184
Train Epoch: 39 steps: 670 / 4152 loss: 3.525507998466492
Train Epoch: 39 steps: 680 / 4152 loss: 3.451884889602661
Train Epoch: 39 steps: 690 / 4152 loss: 3.4906702756881716
Train Epoch: 39 steps: 700 / 4152 loss: 3.4677401065826414
Train Epoch: 39 steps: 710 / 4152 loss: 3.5032800912857054
Train Epoch: 39 steps: 720 / 4152 loss: 3.4752997159957886
Train Epoch: 39 steps: 730 / 4152 loss: 3.4850252866744995
Train Epoch: 39 steps: 740 / 4152 loss: 3.4729769945144655
Train Epoch: 39 steps: 750 / 4152 loss: 3.4435485363006593
Train Epoch: 39 steps: 760 / 4152 loss: 3.399644947052002
Train Epoch: 39 steps: 770 / 4152 loss: 3.5136189699172973
Train Epoch: 39 steps: 780 / 4152 loss: 3.487916350364685
Train Epoch: 39 steps: 790 / 4152 loss: 3.523932862281799
Train Epoch: 39 steps: 800 / 4152 loss: 3.4624232769012453
Train Epoch: 39 steps: 810 / 4152 loss: 3.4819033622741697
Train Epoch: 39 steps: 820 / 4152 loss: 3.418992352485657
Train Epoch: 39 steps: 830 / 4152 loss: 3.450404953956604
Train Epoch: 39 steps: 840 / 4152 loss: 3.5065473079681397
Train Epoch: 39 steps: 850 / 4152 loss: 3.4527535915374754
Train Epoch: 39 steps: 860 / 4152 loss: 3.4750722885131835
Train Epoch: 39 steps: 870 / 4152 loss: 3.5315277576446533
Train Epoch: 39 steps: 880 / 4152 loss: 3.4787082433700562
Train Epoch: 39 steps: 890 / 4152 loss: 3.4833511114120483
Train Epoch: 39 steps: 900 / 4152 loss: 3.4719156980514527
Train Epoch: 39 steps: 910 / 4152 loss: 3.5302647829055784
Train Epoch: 39 steps: 920 / 4152 loss: 3.4843553781509398
Train Epoch: 39 steps: 930 / 4152 loss: 3.4915342569351195
Train Epoch: 39 steps: 940 / 4152 loss: 3.394162678718567
Train Epoch: 39 steps: 950 / 4152 loss: 3.0973621368408204
Train Epoch: 39 steps: 960 / 4152 loss: 3.507050395011902
Train Epoch: 39 steps: 970 / 4152 loss: 3.5154603719711304
Train Epoch: 39 steps: 980 / 4152 loss: 3.412315344810486
Train Epoch: 39 steps: 990 / 4152 loss: 3.3741736888885496
Train Epoch: 39 steps: 1000 / 4152 loss: 3.405671787261963
Train Epoch: 39 steps: 1010 / 4152 loss: 3.4547771215438843
Train Epoch: 39 steps: 1020 / 4152 loss: 3.4845324754714966
Train Epoch: 39 steps: 1030 / 4152 loss: 3.571914005279541
Train Epoch: 39 steps: 1040 / 4152 loss: 3.4839632749557494
----------------------------------------Epoch: 40----------------------------------------
----------------------------------------Epoch: 40----------------------------------------
----------------------------------------Epoch: 40----------------------------------------
----------------------------------------Epoch: 40----------------------------------------
Train Epoch: 40 steps: 0 / 4152 loss: 0.35663928985595705
Train Epoch: 40 steps: 10 / 4152 loss: 3.3951694488525392
Train Epoch: 40 steps: 20 / 4152 loss: 3.426649260520935
Train Epoch: 40 steps: 30 / 4152 loss: 3.4846832036972044
Train Epoch: 40 steps: 40 / 4152 loss: 3.415256905555725
Train Epoch: 40 steps: 50 / 4152 loss: 3.4332102298736573
Train Epoch: 40 steps: 60 / 4152 loss: 3.5130409240722655
Train Epoch: 40 steps: 70 / 4152 loss: 3.456014561653137
Train Epoch: 40 steps: 80 / 4152 loss: 3.4700453758239744
Train Epoch: 40 steps: 90 / 4152 loss: 3.3922231197357178
Train Epoch: 40 steps: 100 / 4152 loss: 3.4905232906341555
Train Epoch: 40 steps: 110 / 4152 loss: 3.4691595792770387
Train Epoch: 40 steps: 120 / 4152 loss: 3.489456057548523
Train Epoch: 40 steps: 130 / 4152 loss: 3.4791072845458983
Train Epoch: 40 steps: 140 / 4152 loss: 3.433400297164917
Train Epoch: 40 steps: 150 / 4152 loss: 3.4855992794036865
Train Epoch: 40 steps: 160 / 4152 loss: 3.56169216632843
Train Epoch: 40 steps: 170 / 4152 loss: 3.481775999069214
Train Epoch: 40 steps: 180 / 4152 loss: 3.515476846694946
Train Epoch: 40 steps: 190 / 4152 loss: 3.5774598121643066
Train Epoch: 40 steps: 200 / 4152 loss: 3.492213249206543
Train Epoch: 40 steps: 210 / 4152 loss: 3.515922713279724
Train Epoch: 40 steps: 220 / 4152 loss: 3.479574990272522
Train Epoch: 40 steps: 230 / 4152 loss: 3.505726718902588
Train Epoch: 40 steps: 240 / 4152 loss: 3.506249499320984
Train Epoch: 40 steps: 250 / 4152 loss: 3.604541611671448
Train Epoch: 40 steps: 260 / 4152 loss: 3.436733627319336
Train Epoch: 40 steps: 270 / 4152 loss: 3.4959755182266234
Train Epoch: 40 steps: 280 / 4152 loss: 3.557754707336426
Train Epoch: 40 steps: 290 / 4152 loss: 3.4711854219436646
Train Epoch: 40 steps: 300 / 4152 loss: 3.4959683418273926
Train Epoch: 40 steps: 310 / 4152 loss: 3.4178750991821287
Train Epoch: 40 steps: 320 / 4152 loss: 3.5098117113113405
Train Epoch: 40 steps: 330 / 4152 loss: 3.403576374053955
Train Epoch: 40 steps: 340 / 4152 loss: 3.463199758529663
Train Epoch: 40 steps: 350 / 4152 loss: 3.494426655769348
Train Epoch: 40 steps: 360 / 4152 loss: 3.426106333732605
Train Epoch: 40 steps: 370 / 4152 loss: 3.462901735305786
Train Epoch: 40 steps: 380 / 4152 loss: 3.448714804649353
Train Epoch: 40 steps: 390 / 4152 loss: 3.5171101570129393
Train Epoch: 40 steps: 400 / 4152 loss: 3.448290729522705
Train Epoch: 40 steps: 410 / 4152 loss: 3.4528876304626466
Train Epoch: 40 steps: 420 / 4152 loss: 3.477721691131592
Train Epoch: 40 steps: 430 / 4152 loss: 3.57613844871521
Train Epoch: 40 steps: 440 / 4152 loss: 3.4560032367706297
Train Epoch: 40 steps: 450 / 4152 loss: 3.4348334074020386
Train Epoch: 40 steps: 460 / 4152 loss: 3.4935815572738647
Train Epoch: 40 steps: 470 / 4152 loss: 3.4361216545104982
Train Epoch: 40 steps: 480 / 4152 loss: 3.4765432834625245
Train Epoch: 40 steps: 490 / 4152 loss: 3.5273183822631835
Train Epoch: 40 steps: 500 / 4152 loss: 3.4599650144577025
Train Epoch: 40 steps: 510 / 4152 loss: 3.47319073677063
Train Epoch: 40 steps: 520 / 4152 loss: 3.471132755279541
Train Epoch: 40 steps: 530 / 4152 loss: 3.4181545972824097
Train Epoch: 40 steps: 540 / 4152 loss: 3.52523992061615
Train Epoch: 40 steps: 550 / 4152 loss: 3.5124001502990723
Train Epoch: 40 steps: 560 / 4152 loss: 3.4028855562210083
Train Epoch: 40 steps: 570 / 4152 loss: 3.5022732734680178
Train Epoch: 40 steps: 580 / 4152 loss: 3.5693677186965944
Train Epoch: 40 steps: 590 / 4152 loss: 3.5141088724136353
Train Epoch: 40 steps: 600 / 4152 loss: 3.475146985054016
Train Epoch: 40 steps: 610 / 4152 loss: 3.524171829223633
Train Epoch: 40 steps: 620 / 4152 loss: 3.4646891355514526
Train Epoch: 40 steps: 630 / 4152 loss: 3.3723249197006226
Train Epoch: 40 steps: 640 / 4152 loss: 3.4505608797073366
Train Epoch: 40 steps: 650 / 4152 loss: 3.4605561017990114
Train Epoch: 40 steps: 660 / 4152 loss: 3.493920016288757
Train Epoch: 40 steps: 670 / 4152 loss: 3.5110238075256346
Train Epoch: 40 steps: 680 / 4152 loss: 3.462441325187683
Train Epoch: 40 steps: 690 / 4152 loss: 3.4594046115875243
Train Epoch: 40 steps: 700 / 4152 loss: 3.500220227241516
Train Epoch: 40 steps: 710 / 4152 loss: 3.442168617248535
Train Epoch: 40 steps: 720 / 4152 loss: 3.486207056045532
Train Epoch: 40 steps: 730 / 4152 loss: 3.5343666076660156
Train Epoch: 40 steps: 740 / 4152 loss: 3.4705145835876463
Train Epoch: 40 steps: 750 / 4152 loss: 3.5184531450271606
Train Epoch: 40 steps: 760 / 4152 loss: 3.6000519514083864
Train Epoch: 40 steps: 770 / 4152 loss: 3.5475136280059814
Train Epoch: 40 steps: 780 / 4152 loss: 3.49805805683136
Train Epoch: 40 steps: 790 / 4152 loss: 3.38869788646698
Train Epoch: 40 steps: 800 / 4152 loss: 3.468677020072937
Train Epoch: 40 steps: 810 / 4152 loss: 3.4431864976882935
Train Epoch: 40 steps: 820 / 4152 loss: 3.4826315879821776
Train Epoch: 40 steps: 830 / 4152 loss: 3.4295457124710085
Train Epoch: 40 steps: 840 / 4152 loss: 3.478169083595276
Train Epoch: 40 steps: 850 / 4152 loss: 3.5217374324798585
Train Epoch: 40 steps: 860 / 4152 loss: 3.483303451538086
Train Epoch: 40 steps: 870 / 4152 loss: 3.557974433898926
Train Epoch: 40 steps: 880 / 4152 loss: 3.5312782764434814
Train Epoch: 40 steps: 890 / 4152 loss: 3.504448342323303
Train Epoch: 40 steps: 900 / 4152 loss: 3.495128560066223
Train Epoch: 40 steps: 910 / 4152 loss: 3.4441324949264525
Train Epoch: 40 steps: 920 / 4152 loss: 3.4963264226913453
Train Epoch: 40 steps: 930 / 4152 loss: 3.5053894758224486
Train Epoch: 40 steps: 940 / 4152 loss: 3.4448673725128174
Train Epoch: 40 steps: 950 / 4152 loss: 3.4818934917449953
Train Epoch: 40 steps: 960 / 4152 loss: 3.4794411182403566
Train Epoch: 40 steps: 970 / 4152 loss: 3.5279010772705077
Train Epoch: 40 steps: 980 / 4152 loss: 3.5447003841400146
Train Epoch: 40 steps: 990 / 4152 loss: 3.456948447227478
Train Epoch: 40 steps: 1000 / 4152 loss: 3.397524356842041
Train Epoch: 40 steps: 1010 / 4152 loss: 3.4796077251434325
Train Epoch: 40 steps: 1020 / 4152 loss: 3.558095836639404
Train Epoch: 40 steps: 1030 / 4152 loss: 3.4836498737335204
Train Epoch: 40 steps: 1040 / 4152 loss: 3.443963861465454
----------------------------------------Epoch: 41----------------------------------------
----------------------------------------Epoch: 41----------------------------------------
----------------------------------------Epoch: 41----------------------------------------
----------------------------------------Epoch: 41----------------------------------------
Train Epoch: 41 steps: 0 / 4152 loss: 0.3507226943969727
Train Epoch: 41 steps: 10 / 4152 loss: 3.4506375551223756
Train Epoch: 41 steps: 20 / 4152 loss: 3.460871767997742
Train Epoch: 41 steps: 30 / 4152 loss: 3.579613280296326
Train Epoch: 41 steps: 40 / 4152 loss: 3.5025444984436036
Train Epoch: 41 steps: 50 / 4152 loss: 3.4732277393341064
Train Epoch: 41 steps: 60 / 4152 loss: 3.528278136253357
Train Epoch: 41 steps: 70 / 4152 loss: 3.4759220361709593
Train Epoch: 41 steps: 80 / 4152 loss: 3.458643841743469
Train Epoch: 41 steps: 90 / 4152 loss: 3.473335933685303
Train Epoch: 41 steps: 100 / 4152 loss: 3.4990740537643434
Train Epoch: 41 steps: 110 / 4152 loss: 3.4564993143081666
Train Epoch: 41 steps: 120 / 4152 loss: 3.4414926528930665
Train Epoch: 41 steps: 130 / 4152 loss: 3.483472800254822
Train Epoch: 41 steps: 140 / 4152 loss: 3.44219229221344
Train Epoch: 41 steps: 150 / 4152 loss: 3.414054536819458
Train Epoch: 41 steps: 160 / 4152 loss: 3.519141411781311
Train Epoch: 41 steps: 170 / 4152 loss: 3.4582290172576906
Train Epoch: 41 steps: 180 / 4152 loss: 3.492044186592102
Train Epoch: 41 steps: 190 / 4152 loss: 3.5079938650131224
Train Epoch: 41 steps: 200 / 4152 loss: 3.461215090751648
Train Epoch: 41 steps: 210 / 4152 loss: 3.4898794412612917
Train Epoch: 41 steps: 220 / 4152 loss: 3.5731187582015993
Train Epoch: 41 steps: 230 / 4152 loss: 3.3987820625305174
Train Epoch: 41 steps: 240 / 4152 loss: 3.5131276130676268
Train Epoch: 41 steps: 250 / 4152 loss: 3.506093955039978
Train Epoch: 41 steps: 260 / 4152 loss: 3.4078267097473143
Train Epoch: 41 steps: 270 / 4152 loss: 3.5054001331329347
Train Epoch: 41 steps: 280 / 4152 loss: 3.4614989519119264
Train Epoch: 41 steps: 290 / 4152 loss: 3.495646262168884
Train Epoch: 41 steps: 300 / 4152 loss: 3.549615430831909
Train Epoch: 41 steps: 310 / 4152 loss: 3.456823396682739
Train Epoch: 41 steps: 320 / 4152 loss: 3.478428864479065
Train Epoch: 41 steps: 330 / 4152 loss: 3.5120394706726072
Train Epoch: 41 steps: 340 / 4152 loss: 3.446655440330505
Train Epoch: 41 steps: 350 / 4152 loss: 3.5382137537002563
Train Epoch: 41 steps: 360 / 4152 loss: 3.4735652923583986
Train Epoch: 41 steps: 370 / 4152 loss: 3.5386735677719114
Train Epoch: 41 steps: 380 / 4152 loss: 3.5380918741226197
Train Epoch: 41 steps: 390 / 4152 loss: 3.565322732925415
Train Epoch: 41 steps: 400 / 4152 loss: 3.5168834209442137
Train Epoch: 41 steps: 410 / 4152 loss: 3.453157663345337
Train Epoch: 41 steps: 420 / 4152 loss: 3.5230797290802003
Train Epoch: 41 steps: 430 / 4152 loss: 3.5054287672042848
Train Epoch: 41 steps: 440 / 4152 loss: 3.4162596464157104
Train Epoch: 41 steps: 450 / 4152 loss: 3.446905255317688
Train Epoch: 41 steps: 460 / 4152 loss: 3.512536716461182
Train Epoch: 41 steps: 470 / 4152 loss: 3.427838373184204
Train Epoch: 41 steps: 480 / 4152 loss: 3.4831385612487793
Train Epoch: 41 steps: 490 / 4152 loss: 3.49327347278595
Train Epoch: 41 steps: 500 / 4152 loss: 3.4475332736968993
Train Epoch: 41 steps: 510 / 4152 loss: 3.460874843597412
Train Epoch: 41 steps: 520 / 4152 loss: 3.429304003715515
Train Epoch: 41 steps: 530 / 4152 loss: 3.3678433418273928
Train Epoch: 41 steps: 540 / 4152 loss: 3.4732632875442504
Train Epoch: 41 steps: 550 / 4152 loss: 3.5561914682388305
Train Epoch: 41 steps: 560 / 4152 loss: 3.491321015357971
Train Epoch: 41 steps: 570 / 4152 loss: 3.495904302597046
Train Epoch: 41 steps: 580 / 4152 loss: 3.5154271602630613
Train Epoch: 41 steps: 590 / 4152 loss: 3.447753667831421
Train Epoch: 41 steps: 600 / 4152 loss: 3.4250008344650267
Train Epoch: 41 steps: 610 / 4152 loss: 3.4620553970336916
Train Epoch: 41 steps: 620 / 4152 loss: 3.52086136341095
Train Epoch: 41 steps: 630 / 4152 loss: 3.462720251083374
Train Epoch: 41 steps: 640 / 4152 loss: 3.393026328086853
Train Epoch: 41 steps: 650 / 4152 loss: 3.459071898460388
Train Epoch: 41 steps: 660 / 4152 loss: 3.4786676168441772
Train Epoch: 41 steps: 670 / 4152 loss: 3.414348268508911
Train Epoch: 41 steps: 680 / 4152 loss: 3.381776142120361
Train Epoch: 41 steps: 690 / 4152 loss: 3.515082097053528
Train Epoch: 41 steps: 700 / 4152 loss: 3.4955674409866333
Train Epoch: 41 steps: 710 / 4152 loss: 3.425884819030762
Train Epoch: 41 steps: 720 / 4152 loss: 3.495141553878784
Train Epoch: 41 steps: 730 / 4152 loss: 3.5408525228500367
Train Epoch: 41 steps: 740 / 4152 loss: 3.5306944131851195
Train Epoch: 41 steps: 750 / 4152 loss: 3.5060448169708254
Train Epoch: 41 steps: 760 / 4152 loss: 3.5037014722824096
Train Epoch: 41 steps: 770 / 4152 loss: 3.5451874256134035
Train Epoch: 41 steps: 780 / 4152 loss: 3.4686010837554933
Train Epoch: 41 steps: 790 / 4152 loss: 3.5177517414093016
Train Epoch: 41 steps: 800 / 4152 loss: 3.494790053367615
Train Epoch: 41 steps: 810 / 4152 loss: 3.4439064025878907
Train Epoch: 41 steps: 820 / 4152 loss: 3.525164985656738
Train Epoch: 41 steps: 830 / 4152 loss: 3.4767876148223875
Train Epoch: 41 steps: 840 / 4152 loss: 3.4380263805389406
Train Epoch: 41 steps: 850 / 4152 loss: 3.4725592851638796
Train Epoch: 41 steps: 860 / 4152 loss: 3.4098150730133057
Train Epoch: 41 steps: 870 / 4152 loss: 3.4349863052368166
Train Epoch: 41 steps: 880 / 4152 loss: 3.4529731273651123
Train Epoch: 41 steps: 890 / 4152 loss: 3.5139232873916626
Train Epoch: 41 steps: 900 / 4152 loss: 3.4547093391418455
Train Epoch: 41 steps: 910 / 4152 loss: 3.4762858390808105
Train Epoch: 41 steps: 920 / 4152 loss: 3.4804641962051392
Train Epoch: 41 steps: 930 / 4152 loss: 3.4936813592910765
Train Epoch: 41 steps: 940 / 4152 loss: 3.5252954006195067
Train Epoch: 41 steps: 950 / 4152 loss: 3.481941652297974
Train Epoch: 41 steps: 960 / 4152 loss: 3.4391769409179687
Train Epoch: 41 steps: 970 / 4152 loss: 3.5153252840042115
Train Epoch: 41 steps: 980 / 4152 loss: 3.4555341720581056
Train Epoch: 41 steps: 990 / 4152 loss: 3.510461688041687
Train Epoch: 41 steps: 1000 / 4152 loss: 3.456954741477966
Train Epoch: 41 steps: 1010 / 4152 loss: 3.4961857318878176
Train Epoch: 41 steps: 1020 / 4152 loss: 3.471398425102234
Train Epoch: 41 steps: 1030 / 4152 loss: 3.4604685068130494
Train Epoch: 41 steps: 1040 / 4152 loss: 3.4253756523132326
----------------------------------------Epoch: 42----------------------------------------
----------------------------------------Epoch: 42----------------------------------------
----------------------------------------Epoch: 42----------------------------------------
----------------------------------------Epoch: 42----------------------------------------
Train Epoch: 42 steps: 0 / 4152 loss: 0.34795475006103516
Train Epoch: 42 steps: 10 / 4152 loss: 3.495322895050049
Train Epoch: 42 steps: 20 / 4152 loss: 3.4449125289916993
Train Epoch: 42 steps: 30 / 4152 loss: 3.480428624153137
Train Epoch: 42 steps: 40 / 4152 loss: 3.4084306716918946
Train Epoch: 42 steps: 50 / 4152 loss: 3.4853368997573853
Train Epoch: 42 steps: 60 / 4152 loss: 3.498580503463745
Train Epoch: 42 steps: 70 / 4152 loss: 3.406908631324768
Train Epoch: 42 steps: 80 / 4152 loss: 3.4569712400436403
Train Epoch: 42 steps: 90 / 4152 loss: 3.493327808380127
Train Epoch: 42 steps: 100 / 4152 loss: 3.5587538480758667
Train Epoch: 42 steps: 110 / 4152 loss: 3.454812431335449
Train Epoch: 42 steps: 120 / 4152 loss: 3.450309729576111
Train Epoch: 42 steps: 130 / 4152 loss: 3.531233239173889
Train Epoch: 42 steps: 140 / 4152 loss: 3.5223422765731813
Train Epoch: 42 steps: 150 / 4152 loss: 3.4301814794540406
Train Epoch: 42 steps: 160 / 4152 loss: 3.411916494369507
Train Epoch: 42 steps: 170 / 4152 loss: 3.4782952785491945
Train Epoch: 42 steps: 180 / 4152 loss: 3.4940470457077026
Train Epoch: 42 steps: 190 / 4152 loss: 3.4729681968688966
Train Epoch: 42 steps: 200 / 4152 loss: 3.4761922359466553
Train Epoch: 42 steps: 210 / 4152 loss: 3.4827172994613647
Train Epoch: 42 steps: 220 / 4152 loss: 3.4820541858673097
Train Epoch: 42 steps: 230 / 4152 loss: 3.451344871520996
Train Epoch: 42 steps: 240 / 4152 loss: 3.4296912431716917
Train Epoch: 42 steps: 250 / 4152 loss: 3.3755362033843994
Train Epoch: 42 steps: 260 / 4152 loss: 3.477327656745911
Train Epoch: 42 steps: 270 / 4152 loss: 3.4137140989303587
Train Epoch: 42 steps: 280 / 4152 loss: 3.501700186729431
Train Epoch: 42 steps: 290 / 4152 loss: 3.516617488861084
Train Epoch: 42 steps: 300 / 4152 loss: 3.4369670391082763
Train Epoch: 42 steps: 310 / 4152 loss: 3.470406246185303
Train Epoch: 42 steps: 320 / 4152 loss: 3.418550658226013
Train Epoch: 42 steps: 330 / 4152 loss: 3.469976043701172
Train Epoch: 42 steps: 340 / 4152 loss: 3.503078889846802
Train Epoch: 42 steps: 350 / 4152 loss: 3.4425565004348755
Train Epoch: 42 steps: 360 / 4152 loss: 3.5283841371536253
Train Epoch: 42 steps: 370 / 4152 loss: 3.4974713563919066
Train Epoch: 42 steps: 380 / 4152 loss: 3.474217486381531
Train Epoch: 42 steps: 390 / 4152 loss: 3.4124324560165404
Train Epoch: 42 steps: 400 / 4152 loss: 3.4800344467163087
Train Epoch: 42 steps: 410 / 4152 loss: 3.526072549819946
Train Epoch: 42 steps: 420 / 4152 loss: 3.4348323583602904
Train Epoch: 42 steps: 430 / 4152 loss: 3.5020532846450805
Train Epoch: 42 steps: 440 / 4152 loss: 3.4414315938949587
Train Epoch: 42 steps: 450 / 4152 loss: 3.5461079835891725
Train Epoch: 42 steps: 460 / 4152 loss: 3.5714734554290772
Train Epoch: 42 steps: 470 / 4152 loss: 3.4415421009063722
Train Epoch: 42 steps: 480 / 4152 loss: 3.5136783361434936
Train Epoch: 42 steps: 490 / 4152 loss: 3.460691809654236
Train Epoch: 42 steps: 500 / 4152 loss: 3.4448928356170656
Train Epoch: 42 steps: 510 / 4152 loss: 3.4494598150253295
Train Epoch: 42 steps: 520 / 4152 loss: 3.496168851852417
Train Epoch: 42 steps: 530 / 4152 loss: 3.446868968009949
Train Epoch: 42 steps: 540 / 4152 loss: 3.500238466262817
Train Epoch: 42 steps: 550 / 4152 loss: 3.526500606536865
Train Epoch: 42 steps: 560 / 4152 loss: 3.408672595024109
Train Epoch: 42 steps: 570 / 4152 loss: 3.4605396509170534
Train Epoch: 42 steps: 580 / 4152 loss: 3.479802966117859
Train Epoch: 42 steps: 590 / 4152 loss: 3.462077522277832
Train Epoch: 42 steps: 600 / 4152 loss: 3.471114253997803
Train Epoch: 42 steps: 610 / 4152 loss: 3.5214066982269285
Train Epoch: 42 steps: 620 / 4152 loss: 3.503433179855347
Train Epoch: 42 steps: 630 / 4152 loss: 3.4965046405792237
Train Epoch: 42 steps: 640 / 4152 loss: 3.460780930519104
Train Epoch: 42 steps: 650 / 4152 loss: 3.478558087348938
Train Epoch: 42 steps: 660 / 4152 loss: 3.36895170211792
Train Epoch: 42 steps: 670 / 4152 loss: 3.4603577136993406
Train Epoch: 42 steps: 680 / 4152 loss: 3.500738286972046
Train Epoch: 42 steps: 690 / 4152 loss: 3.5356252193450928
Train Epoch: 42 steps: 700 / 4152 loss: 3.518535351753235
Train Epoch: 42 steps: 710 / 4152 loss: 3.4549142360687255
Train Epoch: 42 steps: 720 / 4152 loss: 3.4651161670684814
Train Epoch: 42 steps: 730 / 4152 loss: 3.484904074668884
Train Epoch: 42 steps: 740 / 4152 loss: 3.4903345584869383
Train Epoch: 42 steps: 750 / 4152 loss: 3.4617849588394165
Train Epoch: 42 steps: 760 / 4152 loss: 3.5620672702789307
Train Epoch: 42 steps: 770 / 4152 loss: 3.500949668884277
Train Epoch: 42 steps: 780 / 4152 loss: 3.5421719312667848
Train Epoch: 42 steps: 790 / 4152 loss: 3.424037003517151
Train Epoch: 42 steps: 800 / 4152 loss: 3.4106882572174073
Train Epoch: 42 steps: 810 / 4152 loss: 3.5081033945083617
Train Epoch: 42 steps: 820 / 4152 loss: 3.465454888343811
Train Epoch: 42 steps: 830 / 4152 loss: 3.4530133962631226
Train Epoch: 42 steps: 840 / 4152 loss: 3.5697185516357424
Train Epoch: 42 steps: 850 / 4152 loss: 3.466231036186218
Train Epoch: 42 steps: 860 / 4152 loss: 3.551716423034668
Train Epoch: 42 steps: 870 / 4152 loss: 3.4999254941940308
Train Epoch: 42 steps: 880 / 4152 loss: 3.4196075916290285
Train Epoch: 42 steps: 890 / 4152 loss: 3.495051550865173
Train Epoch: 42 steps: 900 / 4152 loss: 3.475212001800537
Train Epoch: 42 steps: 910 / 4152 loss: 3.5618579149246217
Train Epoch: 42 steps: 920 / 4152 loss: 3.5371871471405028
Train Epoch: 42 steps: 930 / 4152 loss: 3.4699549436569215
Train Epoch: 42 steps: 940 / 4152 loss: 3.567274832725525
Train Epoch: 42 steps: 950 / 4152 loss: 3.4233072280883787
Train Epoch: 42 steps: 960 / 4152 loss: 3.4831624746322634
Train Epoch: 42 steps: 970 / 4152 loss: 3.450012183189392
Train Epoch: 42 steps: 980 / 4152 loss: 3.533819007873535
Train Epoch: 42 steps: 990 / 4152 loss: 3.438694405555725
Train Epoch: 42 steps: 1000 / 4152 loss: 3.5654768705368043
Train Epoch: 42 steps: 1010 / 4152 loss: 3.544994521141052
Train Epoch: 42 steps: 1020 / 4152 loss: 3.480167508125305
Train Epoch: 42 steps: 1030 / 4152 loss: 3.520687437057495
Train Epoch: 42 steps: 1040 / 4152 loss: 3.4550500869750977
----------------------------------------Epoch: 43----------------------------------------
----------------------------------------Epoch: 43----------------------------------------
----------------------------------------Epoch: 43----------------------------------------
----------------------------------------Epoch: 43----------------------------------------
Train Epoch: 43 steps: 0 / 4152 loss: 0.33926892280578613
Train Epoch: 43 steps: 10 / 4152 loss: 3.5114540815353394
Train Epoch: 43 steps: 20 / 4152 loss: 3.3930407524108888
Train Epoch: 43 steps: 30 / 4152 loss: 3.4563330888748167
Train Epoch: 43 steps: 40 / 4152 loss: 3.513348841667175
Train Epoch: 43 steps: 50 / 4152 loss: 3.490852880477905
Train Epoch: 43 steps: 60 / 4152 loss: 3.5515105962753295
Train Epoch: 43 steps: 70 / 4152 loss: 3.3965054988861083
Train Epoch: 43 steps: 80 / 4152 loss: 3.4811288595199583
Train Epoch: 43 steps: 90 / 4152 loss: 3.454511833190918
Train Epoch: 43 steps: 100 / 4152 loss: 3.4200229167938234
Train Epoch: 43 steps: 110 / 4152 loss: 3.4724329710006714
Train Epoch: 43 steps: 120 / 4152 loss: 3.5131479501724243
Train Epoch: 43 steps: 130 / 4152 loss: 3.4118591070175173
Train Epoch: 43 steps: 140 / 4152 loss: 3.4423348188400267
Train Epoch: 43 steps: 150 / 4152 loss: 3.476121258735657
Train Epoch: 43 steps: 160 / 4152 loss: 3.4353452205657957
Train Epoch: 43 steps: 170 / 4152 loss: 3.430808162689209
Train Epoch: 43 steps: 180 / 4152 loss: 3.5091140270233154
Train Epoch: 43 steps: 190 / 4152 loss: 3.5113839149475097
Train Epoch: 43 steps: 200 / 4152 loss: 3.42681405544281
Train Epoch: 43 steps: 210 / 4152 loss: 3.5349772453308104
Train Epoch: 43 steps: 220 / 4152 loss: 3.4758502721786497
Train Epoch: 43 steps: 230 / 4152 loss: 3.390826678276062
Train Epoch: 43 steps: 240 / 4152 loss: 3.4397605657577515
Train Epoch: 43 steps: 250 / 4152 loss: 3.473919916152954
Train Epoch: 43 steps: 260 / 4152 loss: 3.5292402267456056
Train Epoch: 43 steps: 270 / 4152 loss: 3.459318256378174
Train Epoch: 43 steps: 280 / 4152 loss: 3.503908705711365
Train Epoch: 43 steps: 290 / 4152 loss: 3.4975613832473753
Train Epoch: 43 steps: 300 / 4152 loss: 3.445664072036743
Train Epoch: 43 steps: 310 / 4152 loss: 3.549465608596802
Train Epoch: 43 steps: 320 / 4152 loss: 3.4798590898513795
Train Epoch: 43 steps: 330 / 4152 loss: 3.404723882675171
Train Epoch: 43 steps: 340 / 4152 loss: 3.4621254444122314
Train Epoch: 43 steps: 350 / 4152 loss: 3.486754560470581
Train Epoch: 43 steps: 360 / 4152 loss: 3.520928692817688
Train Epoch: 43 steps: 370 / 4152 loss: 3.4683335781097413
Train Epoch: 43 steps: 380 / 4152 loss: 3.456988215446472
Train Epoch: 43 steps: 390 / 4152 loss: 3.4933376789093016
Train Epoch: 43 steps: 400 / 4152 loss: 3.4292277574539183
Train Epoch: 43 steps: 410 / 4152 loss: 3.4317871570587157
Train Epoch: 43 steps: 420 / 4152 loss: 3.5069156169891356
Train Epoch: 43 steps: 430 / 4152 loss: 3.379328489303589
Train Epoch: 43 steps: 440 / 4152 loss: 3.4374334096908568
Train Epoch: 43 steps: 450 / 4152 loss: 3.4441483497619627
Train Epoch: 43 steps: 460 / 4152 loss: 3.4390113830566404
Train Epoch: 43 steps: 470 / 4152 loss: 3.587187075614929
Train Epoch: 43 steps: 480 / 4152 loss: 3.4978633165359496
Train Epoch: 43 steps: 490 / 4152 loss: 3.4620354413986205
Train Epoch: 43 steps: 500 / 4152 loss: 3.502346420288086
Train Epoch: 43 steps: 510 / 4152 loss: 3.424600100517273
Train Epoch: 43 steps: 520 / 4152 loss: 3.483573865890503
Train Epoch: 43 steps: 530 / 4152 loss: 3.427407670021057
Train Epoch: 43 steps: 540 / 4152 loss: 3.4663877964019774
Train Epoch: 43 steps: 550 / 4152 loss: 3.476107859611511
Train Epoch: 43 steps: 560 / 4152 loss: 3.566896891593933
Train Epoch: 43 steps: 570 / 4152 loss: 3.4557579517364503
Train Epoch: 43 steps: 580 / 4152 loss: 3.487125110626221
Train Epoch: 43 steps: 590 / 4152 loss: 3.403302526473999
Train Epoch: 43 steps: 600 / 4152 loss: 3.39376380443573
Train Epoch: 43 steps: 610 / 4152 loss: 3.518422269821167
Train Epoch: 43 steps: 620 / 4152 loss: 3.5468934535980225
Train Epoch: 43 steps: 630 / 4152 loss: 3.4892231702804564
Train Epoch: 43 steps: 640 / 4152 loss: 3.4122742891311644
Train Epoch: 43 steps: 650 / 4152 loss: 3.4525612354278565
Train Epoch: 43 steps: 660 / 4152 loss: 3.419466972351074
Train Epoch: 43 steps: 670 / 4152 loss: 3.4684908866882322
Train Epoch: 43 steps: 680 / 4152 loss: 3.4025341749191282
Train Epoch: 43 steps: 690 / 4152 loss: 3.4585217237472534
Train Epoch: 43 steps: 700 / 4152 loss: 3.5130059480667115
Train Epoch: 43 steps: 710 / 4152 loss: 3.4743860006332397
Train Epoch: 43 steps: 720 / 4152 loss: 3.4476084232330324
Train Epoch: 43 steps: 730 / 4152 loss: 3.4907994508743285
Train Epoch: 43 steps: 740 / 4152 loss: 3.439904284477234
Train Epoch: 43 steps: 750 / 4152 loss: 3.4626228332519533
Train Epoch: 43 steps: 760 / 4152 loss: 3.43649582862854
Train Epoch: 43 steps: 770 / 4152 loss: 3.4954201221466064
Train Epoch: 43 steps: 780 / 4152 loss: 3.3990437269210814
Train Epoch: 43 steps: 790 / 4152 loss: 3.4251704454421996
Train Epoch: 43 steps: 800 / 4152 loss: 3.4514551877975466
Train Epoch: 43 steps: 810 / 4152 loss: 3.4557659149169924
Train Epoch: 43 steps: 820 / 4152 loss: 3.488225054740906
Train Epoch: 43 steps: 830 / 4152 loss: 3.4209272623062135
Train Epoch: 43 steps: 840 / 4152 loss: 3.445855188369751
Train Epoch: 43 steps: 850 / 4152 loss: 3.4710678100585937
Train Epoch: 43 steps: 860 / 4152 loss: 3.4646425008773805
Train Epoch: 43 steps: 870 / 4152 loss: 3.397613048553467
Train Epoch: 43 steps: 880 / 4152 loss: 3.400223422050476
Train Epoch: 43 steps: 890 / 4152 loss: 3.46022686958313
Train Epoch: 43 steps: 900 / 4152 loss: 3.428068518638611
Train Epoch: 43 steps: 910 / 4152 loss: 3.4718907833099366
Train Epoch: 43 steps: 920 / 4152 loss: 3.496583414077759
Train Epoch: 43 steps: 930 / 4152 loss: 3.416250133514404
Train Epoch: 43 steps: 940 / 4152 loss: 3.4277313947677612
Train Epoch: 43 steps: 950 / 4152 loss: 3.461352753639221
Train Epoch: 43 steps: 960 / 4152 loss: 3.4939129114151
Train Epoch: 43 steps: 970 / 4152 loss: 3.548473358154297
Train Epoch: 43 steps: 980 / 4152 loss: 3.4560094356536863
Train Epoch: 43 steps: 990 / 4152 loss: 3.3558062314987183
Train Epoch: 43 steps: 1000 / 4152 loss: 3.5219152927398683
Train Epoch: 43 steps: 1010 / 4152 loss: 3.4644476175308228
Train Epoch: 43 steps: 1020 / 4152 loss: 3.387527418136597
Train Epoch: 43 steps: 1030 / 4152 loss: 3.4474971294403076
Train Epoch: 43 steps: 1040 / 4152 loss: 3.498550629615784
----------------------------------------Epoch: 44----------------------------------------
----------------------------------------Epoch: 44----------------------------------------
----------------------------------------Epoch: 44----------------------------------------
----------------------------------------Epoch: 44----------------------------------------
Train Epoch: 44 steps: 0 / 4152 loss: 0.3495048999786377
Train Epoch: 44 steps: 10 / 4152 loss: 3.4200236320495607
Train Epoch: 44 steps: 20 / 4152 loss: 3.3860834360122682
Train Epoch: 44 steps: 30 / 4152 loss: 3.470850706100464
Train Epoch: 44 steps: 40 / 4152 loss: 3.5142918825149536
Train Epoch: 44 steps: 50 / 4152 loss: 3.498353624343872
Train Epoch: 44 steps: 60 / 4152 loss: 3.4486937284469605
Train Epoch: 44 steps: 70 / 4152 loss: 3.4939141988754274
Train Epoch: 44 steps: 80 / 4152 loss: 3.3781732320785522
Train Epoch: 44 steps: 90 / 4152 loss: 3.4775656938552855
Train Epoch: 44 steps: 100 / 4152 loss: 3.493647742271423
Train Epoch: 44 steps: 110 / 4152 loss: 3.53189435005188
Train Epoch: 44 steps: 120 / 4152 loss: 3.41852388381958
Train Epoch: 44 steps: 130 / 4152 loss: 3.4953075885772704
Train Epoch: 44 steps: 140 / 4152 loss: 3.5076502084732057
Train Epoch: 44 steps: 150 / 4152 loss: 3.409498405456543
Train Epoch: 44 steps: 160 / 4152 loss: 3.4262646198272706
Train Epoch: 44 steps: 170 / 4152 loss: 3.5239323139190675
Train Epoch: 44 steps: 180 / 4152 loss: 3.4996636629104616
Train Epoch: 44 steps: 190 / 4152 loss: 3.467676782608032
Train Epoch: 44 steps: 200 / 4152 loss: 3.5231226444244386
Train Epoch: 44 steps: 210 / 4152 loss: 3.416659688949585
Train Epoch: 44 steps: 220 / 4152 loss: 3.4809038162231447
Train Epoch: 44 steps: 230 / 4152 loss: 3.3880074262619018
Train Epoch: 44 steps: 240 / 4152 loss: 3.4449459075927735
Train Epoch: 44 steps: 250 / 4152 loss: 3.407539415359497
Train Epoch: 44 steps: 260 / 4152 loss: 3.414084792137146
Train Epoch: 44 steps: 270 / 4152 loss: 3.4368090629577637
Train Epoch: 44 steps: 280 / 4152 loss: 3.5123388290405275
Train Epoch: 44 steps: 290 / 4152 loss: 3.4710596084594725
Train Epoch: 44 steps: 300 / 4152 loss: 3.43908109664917
Train Epoch: 44 steps: 310 / 4152 loss: 3.445825290679932
Train Epoch: 44 steps: 320 / 4152 loss: 3.4083979845047
Train Epoch: 44 steps: 330 / 4152 loss: 3.4608884334564207
Train Epoch: 44 steps: 340 / 4152 loss: 3.409077191352844
Train Epoch: 44 steps: 350 / 4152 loss: 3.464284348487854
Train Epoch: 44 steps: 360 / 4152 loss: 3.6226168155670164
Train Epoch: 44 steps: 370 / 4152 loss: 3.5088406801223755
Train Epoch: 44 steps: 380 / 4152 loss: 3.577237296104431
Train Epoch: 44 steps: 390 / 4152 loss: 3.5181147336959837
Train Epoch: 44 steps: 400 / 4152 loss: 3.481588268280029
Train Epoch: 44 steps: 410 / 4152 loss: 3.476057457923889
Train Epoch: 44 steps: 420 / 4152 loss: 3.393473482131958
Train Epoch: 44 steps: 430 / 4152 loss: 3.5023295402526857
Train Epoch: 44 steps: 440 / 4152 loss: 3.4075356245040895
Train Epoch: 44 steps: 450 / 4152 loss: 3.4355629682540894
Train Epoch: 44 steps: 460 / 4152 loss: 3.4548258781433105
Train Epoch: 44 steps: 470 / 4152 loss: 3.471107268333435
Train Epoch: 44 steps: 480 / 4152 loss: 3.484933590888977
Train Epoch: 44 steps: 490 / 4152 loss: 3.4682126522064207
Train Epoch: 44 steps: 500 / 4152 loss: 3.4562727212905884
Train Epoch: 44 steps: 510 / 4152 loss: 3.415642428398132
Train Epoch: 44 steps: 520 / 4152 loss: 3.4070457220077515
Train Epoch: 44 steps: 530 / 4152 loss: 3.477986240386963
Train Epoch: 44 steps: 540 / 4152 loss: 3.4527037143707275
Train Epoch: 44 steps: 550 / 4152 loss: 3.4178168296813967
Train Epoch: 44 steps: 560 / 4152 loss: 3.4545857429504396
Train Epoch: 44 steps: 570 / 4152 loss: 3.424081540107727
Train Epoch: 44 steps: 580 / 4152 loss: 3.4759971380233763
Train Epoch: 44 steps: 590 / 4152 loss: 3.4943524599075317
Train Epoch: 44 steps: 600 / 4152 loss: 3.5179869890213014
Train Epoch: 44 steps: 610 / 4152 loss: 3.5516421794891357
Train Epoch: 44 steps: 620 / 4152 loss: 3.503262758255005
Train Epoch: 44 steps: 630 / 4152 loss: 3.1579400539398192
Train Epoch: 44 steps: 640 / 4152 loss: 3.3818654775619508
Train Epoch: 44 steps: 650 / 4152 loss: 3.4768403291702272
Train Epoch: 44 steps: 660 / 4152 loss: 3.4968076229095457
Train Epoch: 44 steps: 670 / 4152 loss: 3.4630787134170533
Train Epoch: 44 steps: 680 / 4152 loss: 3.454646921157837
Train Epoch: 44 steps: 690 / 4152 loss: 3.436235022544861
Train Epoch: 44 steps: 700 / 4152 loss: 3.527385187149048
Train Epoch: 44 steps: 710 / 4152 loss: 3.3777232646942137
Train Epoch: 44 steps: 720 / 4152 loss: 3.516007089614868
Train Epoch: 44 steps: 730 / 4152 loss: 3.4189691066741945
Train Epoch: 44 steps: 740 / 4152 loss: 3.5153539896011354
Train Epoch: 44 steps: 750 / 4152 loss: 3.4741201400756836
Train Epoch: 44 steps: 760 / 4152 loss: 3.4801490545272826
Train Epoch: 44 steps: 770 / 4152 loss: 3.442693662643433
Train Epoch: 44 steps: 780 / 4152 loss: 3.454033374786377
Train Epoch: 44 steps: 790 / 4152 loss: 3.458100962638855
Train Epoch: 44 steps: 800 / 4152 loss: 3.4016807317733764
Train Epoch: 44 steps: 810 / 4152 loss: 3.54769651889801
Train Epoch: 44 steps: 820 / 4152 loss: 3.479024600982666
Train Epoch: 44 steps: 830 / 4152 loss: 3.3880297899246217
Train Epoch: 44 steps: 840 / 4152 loss: 3.456534910202026
Train Epoch: 44 steps: 850 / 4152 loss: 3.4994484186172485
Train Epoch: 44 steps: 860 / 4152 loss: 3.4082706689834597
Train Epoch: 44 steps: 870 / 4152 loss: 3.457478380203247
Train Epoch: 44 steps: 880 / 4152 loss: 3.543248748779297
Train Epoch: 44 steps: 890 / 4152 loss: 3.4427571058273316
Train Epoch: 44 steps: 900 / 4152 loss: 3.505304288864136
Train Epoch: 44 steps: 910 / 4152 loss: 3.4376434326171874
Train Epoch: 44 steps: 920 / 4152 loss: 3.536138081550598
Train Epoch: 44 steps: 930 / 4152 loss: 3.4328357934951783
Train Epoch: 44 steps: 940 / 4152 loss: 3.4835198879241944
Train Epoch: 44 steps: 950 / 4152 loss: 3.537496471405029
Train Epoch: 44 steps: 960 / 4152 loss: 3.502817988395691
Train Epoch: 44 steps: 970 / 4152 loss: 3.5047028779983522
Train Epoch: 44 steps: 980 / 4152 loss: 3.4412986278533935
Train Epoch: 44 steps: 990 / 4152 loss: 3.414946103096008
Train Epoch: 44 steps: 1000 / 4152 loss: 3.4831490755081176
Train Epoch: 44 steps: 1010 / 4152 loss: 3.40311975479126
Train Epoch: 44 steps: 1020 / 4152 loss: 3.486391568183899
Train Epoch: 44 steps: 1030 / 4152 loss: 3.515151858329773
Train Epoch: 44 steps: 1040 / 4152 loss: 3.522053670883179
----------------------------------------Epoch: 45----------------------------------------
----------------------------------------Epoch: 45----------------------------------------
----------------------------------------Epoch: 45----------------------------------------
----------------------------------------Epoch: 45----------------------------------------
Train Epoch: 45 steps: 0 / 4152 loss: 0.35365495681762693
Train Epoch: 45 steps: 10 / 4152 loss: 3.416756200790405
Train Epoch: 45 steps: 20 / 4152 loss: 3.4597113132476807
Train Epoch: 45 steps: 30 / 4152 loss: 3.325174641609192
Train Epoch: 45 steps: 40 / 4152 loss: 3.467923974990845
Train Epoch: 45 steps: 50 / 4152 loss: 3.4458750009536745
Train Epoch: 45 steps: 60 / 4152 loss: 3.4028064489364622
Train Epoch: 45 steps: 70 / 4152 loss: 3.4431992530822755
Train Epoch: 45 steps: 80 / 4152 loss: 3.4968862771987914
Train Epoch: 45 steps: 90 / 4152 loss: 3.4901681661605837
Train Epoch: 45 steps: 100 / 4152 loss: 3.3836858749389647
Train Epoch: 45 steps: 110 / 4152 loss: 3.4160054683685304
Train Epoch: 45 steps: 120 / 4152 loss: 3.4882256031036376
Train Epoch: 45 steps: 130 / 4152 loss: 3.502009701728821
Train Epoch: 45 steps: 140 / 4152 loss: 3.4436810493469237
Train Epoch: 45 steps: 150 / 4152 loss: 3.41436653137207
Train Epoch: 45 steps: 160 / 4152 loss: 3.513816738128662
Train Epoch: 45 steps: 170 / 4152 loss: 3.4479093074798586
Train Epoch: 45 steps: 180 / 4152 loss: 3.4715540170669557
Train Epoch: 45 steps: 190 / 4152 loss: 3.484187197685242
Train Epoch: 45 steps: 200 / 4152 loss: 3.5184069633483888
Train Epoch: 45 steps: 210 / 4152 loss: 3.5106069326400755
Train Epoch: 45 steps: 220 / 4152 loss: 3.4937265396118162
Train Epoch: 45 steps: 230 / 4152 loss: 3.464656448364258
Train Epoch: 45 steps: 240 / 4152 loss: 3.4865517377853394
Train Epoch: 45 steps: 250 / 4152 loss: 3.3857783317565917
Train Epoch: 45 steps: 260 / 4152 loss: 3.4744795322418214
Train Epoch: 45 steps: 270 / 4152 loss: 3.4015212059020996
Train Epoch: 45 steps: 280 / 4152 loss: 3.4395348072052
Train Epoch: 45 steps: 290 / 4152 loss: 3.484495663642883
Train Epoch: 45 steps: 300 / 4152 loss: 3.423928689956665
Train Epoch: 45 steps: 310 / 4152 loss: 3.489913725852966
Train Epoch: 45 steps: 320 / 4152 loss: 3.492506718635559
Train Epoch: 45 steps: 330 / 4152 loss: 3.468250608444214
Train Epoch: 45 steps: 340 / 4152 loss: 3.376184606552124
Train Epoch: 45 steps: 350 / 4152 loss: 3.4995457410812376
Train Epoch: 45 steps: 360 / 4152 loss: 3.4368582248687742
Train Epoch: 45 steps: 370 / 4152 loss: 3.4218618154525755
Train Epoch: 45 steps: 380 / 4152 loss: 3.5193430185317993
Train Epoch: 45 steps: 390 / 4152 loss: 3.4388577699661256
Train Epoch: 45 steps: 400 / 4152 loss: 3.5251914739608763
Train Epoch: 45 steps: 410 / 4152 loss: 3.4244237422943113
Train Epoch: 45 steps: 420 / 4152 loss: 3.4472391843795775
Train Epoch: 45 steps: 430 / 4152 loss: 3.5078166246414186
Train Epoch: 45 steps: 440 / 4152 loss: 3.538652181625366
Train Epoch: 45 steps: 450 / 4152 loss: 3.4731011152267457
Train Epoch: 45 steps: 460 / 4152 loss: 3.4424746513366697
Train Epoch: 45 steps: 470 / 4152 loss: 3.481409502029419
Train Epoch: 45 steps: 480 / 4152 loss: 3.4685221195220945
Train Epoch: 45 steps: 490 / 4152 loss: 3.458339548110962
Train Epoch: 45 steps: 500 / 4152 loss: 3.4885655879974364
Train Epoch: 45 steps: 510 / 4152 loss: 3.39554877281189
Train Epoch: 45 steps: 520 / 4152 loss: 3.500408911705017
Train Epoch: 45 steps: 530 / 4152 loss: 3.4565027236938475
Train Epoch: 45 steps: 540 / 4152 loss: 3.4478119134902956
Train Epoch: 45 steps: 550 / 4152 loss: 3.4983633518218995
Train Epoch: 45 steps: 560 / 4152 loss: 3.447852063179016
Train Epoch: 45 steps: 570 / 4152 loss: 3.521653914451599
Train Epoch: 45 steps: 580 / 4152 loss: 3.514215278625488
Train Epoch: 45 steps: 590 / 4152 loss: 3.4938176393508913
Train Epoch: 45 steps: 600 / 4152 loss: 3.5313637971878054
Train Epoch: 45 steps: 610 / 4152 loss: 3.5022533655166628
Train Epoch: 45 steps: 620 / 4152 loss: 3.4651240587234495
Train Epoch: 45 steps: 630 / 4152 loss: 3.3955346584320067
Train Epoch: 45 steps: 640 / 4152 loss: 3.5000221490859986
Train Epoch: 45 steps: 650 / 4152 loss: 3.471434783935547
Train Epoch: 45 steps: 660 / 4152 loss: 3.441612195968628
Train Epoch: 45 steps: 670 / 4152 loss: 3.4149272441864014
Train Epoch: 45 steps: 680 / 4152 loss: 3.511540150642395
Train Epoch: 45 steps: 690 / 4152 loss: 3.480918526649475
Train Epoch: 45 steps: 700 / 4152 loss: 3.445716881752014
Train Epoch: 45 steps: 710 / 4152 loss: 3.4459463596343993
Train Epoch: 45 steps: 720 / 4152 loss: 3.4864198207855224
Train Epoch: 45 steps: 730 / 4152 loss: 3.457781744003296
Train Epoch: 45 steps: 740 / 4152 loss: 3.4596676349639894
Train Epoch: 45 steps: 750 / 4152 loss: 3.469650411605835
Train Epoch: 45 steps: 760 / 4152 loss: 3.520319628715515
Train Epoch: 45 steps: 770 / 4152 loss: 3.4406840324401857
Train Epoch: 45 steps: 780 / 4152 loss: 3.435527229309082
Train Epoch: 45 steps: 790 / 4152 loss: 3.437885785102844
Train Epoch: 45 steps: 800 / 4152 loss: 3.5315317153930663
Train Epoch: 45 steps: 810 / 4152 loss: 3.4612918853759767
Train Epoch: 45 steps: 820 / 4152 loss: 3.504846143722534
Train Epoch: 45 steps: 830 / 4152 loss: 3.446715211868286
Train Epoch: 45 steps: 840 / 4152 loss: 3.441917324066162
Train Epoch: 45 steps: 850 / 4152 loss: 3.4805556774139403
Train Epoch: 45 steps: 860 / 4152 loss: 3.4925362825393678
Train Epoch: 45 steps: 870 / 4152 loss: 3.4868528604507447
Train Epoch: 45 steps: 880 / 4152 loss: 3.403140926361084
Train Epoch: 45 steps: 890 / 4152 loss: 3.5233487129211425
Train Epoch: 45 steps: 900 / 4152 loss: 3.4946791410446165
Train Epoch: 45 steps: 910 / 4152 loss: 3.4275898218154905
Train Epoch: 45 steps: 920 / 4152 loss: 3.5151468753814696
Train Epoch: 45 steps: 930 / 4152 loss: 3.418481373786926
Train Epoch: 45 steps: 940 / 4152 loss: 3.4025397300720215
Train Epoch: 45 steps: 950 / 4152 loss: 3.4539939880371096
Train Epoch: 45 steps: 960 / 4152 loss: 3.496657204627991
Train Epoch: 45 steps: 970 / 4152 loss: 3.487422966957092
Train Epoch: 45 steps: 980 / 4152 loss: 3.451388621330261
Train Epoch: 45 steps: 990 / 4152 loss: 3.4670422077178955
Train Epoch: 45 steps: 1000 / 4152 loss: 3.5168192863464354
Train Epoch: 45 steps: 1010 / 4152 loss: 3.4443722009658813
Train Epoch: 45 steps: 1020 / 4152 loss: 3.4806925535202025
Train Epoch: 45 steps: 1030 / 4152 loss: 3.4718891382217407
Train Epoch: 45 steps: 1040 / 4152 loss: 3.3704411029815673
----------------------------------------Epoch: 46----------------------------------------
----------------------------------------Epoch: 46----------------------------------------
----------------------------------------Epoch: 46----------------------------------------
----------------------------------------Epoch: 46----------------------------------------
Train Epoch: 46 steps: 0 / 4152 loss: 0.35929408073425295
Train Epoch: 46 steps: 10 / 4152 loss: 3.497287130355835
Train Epoch: 46 steps: 20 / 4152 loss: 3.4378895282745363
Train Epoch: 46 steps: 30 / 4152 loss: 3.5563162326812745
Train Epoch: 46 steps: 40 / 4152 loss: 3.4697378873825073
Train Epoch: 46 steps: 50 / 4152 loss: 3.4784683704376222
Train Epoch: 46 steps: 60 / 4152 loss: 3.5064109802246093
Train Epoch: 46 steps: 70 / 4152 loss: 3.501624083518982
Train Epoch: 46 steps: 80 / 4152 loss: 3.381722068786621
Train Epoch: 46 steps: 90 / 4152 loss: 3.4844035863876344
Train Epoch: 46 steps: 100 / 4152 loss: 3.455629658699036
Train Epoch: 46 steps: 110 / 4152 loss: 3.46886031627655
Train Epoch: 46 steps: 120 / 4152 loss: 3.4663170337677003
Train Epoch: 46 steps: 130 / 4152 loss: 3.456081748008728
Train Epoch: 46 steps: 140 / 4152 loss: 3.4661797285079956
Train Epoch: 46 steps: 150 / 4152 loss: 3.44401376247406
Train Epoch: 46 steps: 160 / 4152 loss: 3.4488235473632813
Train Epoch: 46 steps: 170 / 4152 loss: 3.39319007396698
Train Epoch: 46 steps: 180 / 4152 loss: 3.494579243659973
Train Epoch: 46 steps: 190 / 4152 loss: 3.4862091064453127
Train Epoch: 46 steps: 200 / 4152 loss: 3.4365406036376953
Train Epoch: 46 steps: 210 / 4152 loss: 3.4546719789505005
Train Epoch: 46 steps: 220 / 4152 loss: 3.47623233795166
Train Epoch: 46 steps: 230 / 4152 loss: 3.4636457920074464
Train Epoch: 46 steps: 240 / 4152 loss: 3.3928654909133913
Train Epoch: 46 steps: 250 / 4152 loss: 3.428536224365234
Train Epoch: 46 steps: 260 / 4152 loss: 3.4450936794281004
Train Epoch: 46 steps: 270 / 4152 loss: 3.4960242033004763
Train Epoch: 46 steps: 280 / 4152 loss: 3.444961333274841
Train Epoch: 46 steps: 290 / 4152 loss: 3.5312657594680785
Train Epoch: 46 steps: 300 / 4152 loss: 3.4896551370620728
Train Epoch: 46 steps: 310 / 4152 loss: 3.4577847719192505
Train Epoch: 46 steps: 320 / 4152 loss: 3.4895538091659546
Train Epoch: 46 steps: 330 / 4152 loss: 3.4514728307724
Train Epoch: 46 steps: 340 / 4152 loss: 3.4891692876815794
Train Epoch: 46 steps: 350 / 4152 loss: 3.477653217315674
Train Epoch: 46 steps: 360 / 4152 loss: 3.4593546390533447
Train Epoch: 46 steps: 370 / 4152 loss: 3.379899024963379
Train Epoch: 46 steps: 380 / 4152 loss: 3.4811357498168944
Train Epoch: 46 steps: 390 / 4152 loss: 3.5137831211090087
Train Epoch: 46 steps: 400 / 4152 loss: 3.5053353309631348
Train Epoch: 46 steps: 410 / 4152 loss: 3.394329047203064
Train Epoch: 46 steps: 420 / 4152 loss: 3.4050570249557497
Train Epoch: 46 steps: 430 / 4152 loss: 3.4416923046112062
Train Epoch: 46 steps: 440 / 4152 loss: 3.4370759963989257
Train Epoch: 46 steps: 450 / 4152 loss: 3.5292431592941282
Train Epoch: 46 steps: 460 / 4152 loss: 3.4056495428085327
Train Epoch: 46 steps: 470 / 4152 loss: 3.466721796989441
Train Epoch: 46 steps: 480 / 4152 loss: 3.534409236907959
Train Epoch: 46 steps: 490 / 4152 loss: 3.4957006216049193
Train Epoch: 46 steps: 500 / 4152 loss: 3.438789224624634
Train Epoch: 46 steps: 510 / 4152 loss: 3.4337105751037598
Train Epoch: 46 steps: 520 / 4152 loss: 3.375315761566162
Train Epoch: 46 steps: 530 / 4152 loss: 3.439934778213501
Train Epoch: 46 steps: 540 / 4152 loss: 3.446437883377075
Train Epoch: 46 steps: 550 / 4152 loss: 3.4552321910858153
Train Epoch: 46 steps: 560 / 4152 loss: 3.496770429611206
Train Epoch: 46 steps: 570 / 4152 loss: 3.430528092384338
Train Epoch: 46 steps: 580 / 4152 loss: 3.454408812522888
Train Epoch: 46 steps: 590 / 4152 loss: 3.4971341371536253
Train Epoch: 46 steps: 600 / 4152 loss: 3.4733054399490357
Train Epoch: 46 steps: 610 / 4152 loss: 3.4992026805877687
Train Epoch: 46 steps: 620 / 4152 loss: 3.4820566177368164
Train Epoch: 46 steps: 630 / 4152 loss: 3.4624353408813477
Train Epoch: 46 steps: 640 / 4152 loss: 3.4869980335235597
Train Epoch: 46 steps: 650 / 4152 loss: 3.458938407897949
Train Epoch: 46 steps: 660 / 4152 loss: 3.5194231271743774
Train Epoch: 46 steps: 670 / 4152 loss: 3.547200894355774
Train Epoch: 46 steps: 680 / 4152 loss: 3.4846810817718508
Train Epoch: 46 steps: 690 / 4152 loss: 3.447292923927307
Train Epoch: 46 steps: 700 / 4152 loss: 3.441502833366394
Train Epoch: 46 steps: 710 / 4152 loss: 3.4722922325134276
Train Epoch: 46 steps: 720 / 4152 loss: 3.5135461330413817
Train Epoch: 46 steps: 730 / 4152 loss: 3.5393730878829954
Train Epoch: 46 steps: 740 / 4152 loss: 3.564157009124756
Train Epoch: 46 steps: 750 / 4152 loss: 3.5147880792617796
Train Epoch: 46 steps: 760 / 4152 loss: 3.435852861404419
Train Epoch: 46 steps: 770 / 4152 loss: 3.4648857593536375
Train Epoch: 46 steps: 780 / 4152 loss: 3.4498451232910154
Train Epoch: 46 steps: 790 / 4152 loss: 3.426481747627258
Train Epoch: 46 steps: 800 / 4152 loss: 3.453614091873169
Train Epoch: 46 steps: 810 / 4152 loss: 3.4528048515319822
Train Epoch: 46 steps: 820 / 4152 loss: 3.4407192945480345
Train Epoch: 46 steps: 830 / 4152 loss: 3.4400478839874267
Train Epoch: 46 steps: 840 / 4152 loss: 3.431873631477356
Train Epoch: 46 steps: 850 / 4152 loss: 3.5306413888931276
Train Epoch: 46 steps: 860 / 4152 loss: 3.451152491569519
Train Epoch: 46 steps: 870 / 4152 loss: 3.4391414403915403
Train Epoch: 46 steps: 880 / 4152 loss: 3.497100901603699
Train Epoch: 46 steps: 890 / 4152 loss: 3.4557438135147094
Train Epoch: 46 steps: 900 / 4152 loss: 3.4366214513778686
Train Epoch: 46 steps: 910 / 4152 loss: 3.49448299407959
Train Epoch: 46 steps: 920 / 4152 loss: 3.4813570261001585
Train Epoch: 46 steps: 930 / 4152 loss: 3.4608019828796386
Train Epoch: 46 steps: 940 / 4152 loss: 3.460720658302307
Train Epoch: 46 steps: 950 / 4152 loss: 3.4575440883636475
Train Epoch: 46 steps: 960 / 4152 loss: 3.55261869430542
Train Epoch: 46 steps: 970 / 4152 loss: 3.4178857088088987
Train Epoch: 46 steps: 980 / 4152 loss: 3.4527526617050173
Train Epoch: 46 steps: 990 / 4152 loss: 3.4658371210098267
Train Epoch: 46 steps: 1000 / 4152 loss: 3.4405952215194704
Train Epoch: 46 steps: 1010 / 4152 loss: 3.4681413650512694
Train Epoch: 46 steps: 1020 / 4152 loss: 3.461716318130493
Train Epoch: 46 steps: 1030 / 4152 loss: 3.4104775905609133
Train Epoch: 46 steps: 1040 / 4152 loss: 3.4785125732421873
----------------------------------------Epoch: 47----------------------------------------
----------------------------------------Epoch: 47----------------------------------------
----------------------------------------Epoch: 47----------------------------------------
----------------------------------------Epoch: 47----------------------------------------
Train Epoch: 47 steps: 0 / 4152 loss: 0.35923080444335936
Train Epoch: 47 steps: 10 / 4152 loss: 3.4543301582336428
Train Epoch: 47 steps: 20 / 4152 loss: 3.4536410331726075
Train Epoch: 47 steps: 30 / 4152 loss: 3.469350051879883
Train Epoch: 47 steps: 40 / 4152 loss: 3.4507607936859133
Train Epoch: 47 steps: 50 / 4152 loss: 3.4097792863845826
Train Epoch: 47 steps: 60 / 4152 loss: 3.5009298801422117
Train Epoch: 47 steps: 70 / 4152 loss: 3.4280420303344727
Train Epoch: 47 steps: 80 / 4152 loss: 3.4916980028152467
Train Epoch: 47 steps: 90 / 4152 loss: 3.5459210157394407
Train Epoch: 47 steps: 100 / 4152 loss: 3.4780253887176515
Train Epoch: 47 steps: 110 / 4152 loss: 3.560294985771179
Train Epoch: 47 steps: 120 / 4152 loss: 3.5296379804611204
Train Epoch: 47 steps: 130 / 4152 loss: 3.423491883277893
Train Epoch: 47 steps: 140 / 4152 loss: 3.5155798196792603
Train Epoch: 47 steps: 150 / 4152 loss: 3.394214630126953
Train Epoch: 47 steps: 160 / 4152 loss: 3.4896037340164185
Train Epoch: 47 steps: 170 / 4152 loss: 3.558046078681946
Train Epoch: 47 steps: 180 / 4152 loss: 3.5031769275665283
Train Epoch: 47 steps: 190 / 4152 loss: 3.5260485649108886
Train Epoch: 47 steps: 200 / 4152 loss: 3.452570939064026
Train Epoch: 47 steps: 210 / 4152 loss: 3.465620183944702
Train Epoch: 47 steps: 220 / 4152 loss: 3.4102859258651734
Train Epoch: 47 steps: 230 / 4152 loss: 3.453041124343872
Train Epoch: 47 steps: 240 / 4152 loss: 3.440406823158264
Train Epoch: 47 steps: 250 / 4152 loss: 3.4387238025665283
Train Epoch: 47 steps: 260 / 4152 loss: 3.5107741355895996
Train Epoch: 47 steps: 270 / 4152 loss: 3.449924659729004
Train Epoch: 47 steps: 280 / 4152 loss: 3.448435354232788
Train Epoch: 47 steps: 290 / 4152 loss: 3.45736620426178
Train Epoch: 47 steps: 300 / 4152 loss: 3.426555299758911
Train Epoch: 47 steps: 310 / 4152 loss: 3.4492051124572756
Train Epoch: 47 steps: 320 / 4152 loss: 3.372301387786865
Train Epoch: 47 steps: 330 / 4152 loss: 3.4463290929794312
Train Epoch: 47 steps: 340 / 4152 loss: 3.4724700927734373
Train Epoch: 47 steps: 350 / 4152 loss: 3.4174599647521973
Train Epoch: 47 steps: 360 / 4152 loss: 3.503397297859192
Train Epoch: 47 steps: 370 / 4152 loss: 3.4494410037994383
Train Epoch: 47 steps: 380 / 4152 loss: 3.4675958871841432
Train Epoch: 47 steps: 390 / 4152 loss: 3.450466275215149
Train Epoch: 47 steps: 400 / 4152 loss: 3.3580160617828367
Train Epoch: 47 steps: 410 / 4152 loss: 3.548522424697876
Train Epoch: 47 steps: 420 / 4152 loss: 3.4135509729385376
Train Epoch: 47 steps: 430 / 4152 loss: 3.454700398445129
Train Epoch: 47 steps: 440 / 4152 loss: 3.4394845962524414
Train Epoch: 47 steps: 450 / 4152 loss: 3.471469855308533
Train Epoch: 47 steps: 460 / 4152 loss: 3.4754448890686036
Train Epoch: 47 steps: 470 / 4152 loss: 3.504737401008606
Train Epoch: 47 steps: 480 / 4152 loss: 3.380493950843811
Train Epoch: 47 steps: 490 / 4152 loss: 3.525708270072937
Train Epoch: 47 steps: 500 / 4152 loss: 3.4571827173233034
Train Epoch: 47 steps: 510 / 4152 loss: 3.3996426582336428
Train Epoch: 47 steps: 520 / 4152 loss: 3.474514389038086
Train Epoch: 47 steps: 530 / 4152 loss: 3.4724719524383545
Train Epoch: 47 steps: 540 / 4152 loss: 3.4882466554641725
Train Epoch: 47 steps: 550 / 4152 loss: 3.3788816690444947
Train Epoch: 47 steps: 560 / 4152 loss: 3.4680963277816774
Train Epoch: 47 steps: 570 / 4152 loss: 3.407446050643921
Train Epoch: 47 steps: 580 / 4152 loss: 3.437950539588928
Train Epoch: 47 steps: 590 / 4152 loss: 3.5514142751693725
Train Epoch: 47 steps: 600 / 4152 loss: 3.531752419471741
Train Epoch: 47 steps: 610 / 4152 loss: 3.5042855739593506
Train Epoch: 47 steps: 620 / 4152 loss: 3.5765071392059324
Train Epoch: 47 steps: 630 / 4152 loss: 3.456975483894348
Train Epoch: 47 steps: 640 / 4152 loss: 3.414094829559326
Train Epoch: 47 steps: 650 / 4152 loss: 3.441091012954712
Train Epoch: 47 steps: 660 / 4152 loss: 3.5206603527069094
Train Epoch: 47 steps: 670 / 4152 loss: 3.5514538526535033
Train Epoch: 47 steps: 680 / 4152 loss: 3.4039579391479493
Train Epoch: 47 steps: 690 / 4152 loss: 3.4418607711791993
Train Epoch: 47 steps: 700 / 4152 loss: 3.454892873764038
Train Epoch: 47 steps: 710 / 4152 loss: 3.4913943290710447
Train Epoch: 47 steps: 720 / 4152 loss: 3.492496919631958
Train Epoch: 47 steps: 730 / 4152 loss: 3.5358107566833494
Train Epoch: 47 steps: 740 / 4152 loss: 3.495781946182251
Train Epoch: 47 steps: 750 / 4152 loss: 3.406310224533081
Train Epoch: 47 steps: 760 / 4152 loss: 3.491141128540039
Train Epoch: 47 steps: 770 / 4152 loss: 3.532212805747986
Train Epoch: 47 steps: 780 / 4152 loss: 3.464825463294983
Train Epoch: 47 steps: 790 / 4152 loss: 3.4531293630599977
Train Epoch: 47 steps: 800 / 4152 loss: 3.530580997467041
Train Epoch: 47 steps: 810 / 4152 loss: 3.336205983161926
Train Epoch: 47 steps: 820 / 4152 loss: 3.5196861743927004
Train Epoch: 47 steps: 830 / 4152 loss: 3.4517297744750977
Train Epoch: 47 steps: 840 / 4152 loss: 3.4039366245269775
Train Epoch: 47 steps: 850 / 4152 loss: 3.4053818225860595
Train Epoch: 47 steps: 860 / 4152 loss: 3.4418849468231203
Train Epoch: 47 steps: 870 / 4152 loss: 3.477070951461792
Train Epoch: 47 steps: 880 / 4152 loss: 3.4112094163894655
Train Epoch: 47 steps: 890 / 4152 loss: 3.4860854387283324
Train Epoch: 47 steps: 900 / 4152 loss: 3.5063636779785154
Train Epoch: 47 steps: 910 / 4152 loss: 3.4465511083602904
Train Epoch: 47 steps: 920 / 4152 loss: 3.5591289043426513
Train Epoch: 47 steps: 930 / 4152 loss: 3.55248441696167
Train Epoch: 47 steps: 940 / 4152 loss: 3.451308488845825
Train Epoch: 47 steps: 950 / 4152 loss: 3.462469244003296
Train Epoch: 47 steps: 960 / 4152 loss: 3.454862427711487
Train Epoch: 47 steps: 970 / 4152 loss: 3.570432162284851
Train Epoch: 47 steps: 980 / 4152 loss: 3.443565320968628
Train Epoch: 47 steps: 990 / 4152 loss: 3.4715441703796386
Train Epoch: 47 steps: 1000 / 4152 loss: 3.439695858955383
Train Epoch: 47 steps: 1010 / 4152 loss: 3.4635900259017944
Train Epoch: 47 steps: 1020 / 4152 loss: 3.372880244255066
Train Epoch: 47 steps: 1030 / 4152 loss: 3.4069988489151
Train Epoch: 47 steps: 1040 / 4152 loss: 3.511392664909363
----------------------------------------Epoch: 48----------------------------------------
----------------------------------------Epoch: 48----------------------------------------
----------------------------------------Epoch: 48----------------------------------------
----------------------------------------Epoch: 48----------------------------------------
Train Epoch: 48 steps: 0 / 4152 loss: 0.34576008319854734
Train Epoch: 48 steps: 10 / 4152 loss: 3.4405773162841795
Train Epoch: 48 steps: 20 / 4152 loss: 3.4512206315994263
Train Epoch: 48 steps: 30 / 4152 loss: 3.5008596658706663
Train Epoch: 48 steps: 40 / 4152 loss: 3.47913019657135
Train Epoch: 48 steps: 50 / 4152 loss: 3.4222362518310545
Train Epoch: 48 steps: 60 / 4152 loss: 3.4536730289459228
Train Epoch: 48 steps: 70 / 4152 loss: 3.4609187602996827
Train Epoch: 48 steps: 80 / 4152 loss: 3.526358127593994
Train Epoch: 48 steps: 90 / 4152 loss: 3.524641585350037
Train Epoch: 48 steps: 100 / 4152 loss: 3.468930196762085
Train Epoch: 48 steps: 110 / 4152 loss: 3.4799880981445312
Train Epoch: 48 steps: 120 / 4152 loss: 3.4979257583618164
Train Epoch: 48 steps: 130 / 4152 loss: 3.398788857460022
Train Epoch: 48 steps: 140 / 4152 loss: 3.4939834594726564
Train Epoch: 48 steps: 150 / 4152 loss: 3.536830449104309
Train Epoch: 48 steps: 160 / 4152 loss: 3.481356692314148
Train Epoch: 48 steps: 170 / 4152 loss: 3.4737497091293337
Train Epoch: 48 steps: 180 / 4152 loss: 3.5296751499176025
Train Epoch: 48 steps: 190 / 4152 loss: 3.447455906867981
Train Epoch: 48 steps: 200 / 4152 loss: 3.4958152770996094
Train Epoch: 48 steps: 210 / 4152 loss: 3.4741612672805786
Train Epoch: 48 steps: 220 / 4152 loss: 3.3903471708297728
Train Epoch: 48 steps: 230 / 4152 loss: 3.520214486122131
Train Epoch: 48 steps: 240 / 4152 loss: 3.4369300603866577
Train Epoch: 48 steps: 250 / 4152 loss: 3.4850184679031373
Train Epoch: 48 steps: 260 / 4152 loss: 3.383416748046875
Train Epoch: 48 steps: 270 / 4152 loss: 3.4856987237930297
Train Epoch: 48 steps: 280 / 4152 loss: 3.3625269651412966
Train Epoch: 48 steps: 290 / 4152 loss: 3.4441318988800047
Train Epoch: 48 steps: 300 / 4152 loss: 3.484420919418335
Train Epoch: 48 steps: 310 / 4152 loss: 3.478006958961487
Train Epoch: 48 steps: 320 / 4152 loss: 3.44976007938385
Train Epoch: 48 steps: 330 / 4152 loss: 3.5357980251312258
Train Epoch: 48 steps: 340 / 4152 loss: 3.446086883544922
Train Epoch: 48 steps: 350 / 4152 loss: 3.4454647064208985
Train Epoch: 48 steps: 360 / 4152 loss: 3.393737483024597
Train Epoch: 48 steps: 370 / 4152 loss: 3.456274461746216
Train Epoch: 48 steps: 380 / 4152 loss: 3.4226985931396485
Train Epoch: 48 steps: 390 / 4152 loss: 3.4325844764709474
Train Epoch: 48 steps: 400 / 4152 loss: 3.521083879470825
Train Epoch: 48 steps: 410 / 4152 loss: 3.445149374008179
Train Epoch: 48 steps: 420 / 4152 loss: 3.4926356792449953
Train Epoch: 48 steps: 430 / 4152 loss: 3.4358872175216675
Train Epoch: 48 steps: 440 / 4152 loss: 3.4698551177978514
Train Epoch: 48 steps: 450 / 4152 loss: 3.4599979639053347
Train Epoch: 48 steps: 460 / 4152 loss: 3.4869499683380125
Train Epoch: 48 steps: 470 / 4152 loss: 3.4319140195846556
Train Epoch: 48 steps: 480 / 4152 loss: 3.4991854429244995
Train Epoch: 48 steps: 490 / 4152 loss: 3.4737829208374023
Train Epoch: 48 steps: 500 / 4152 loss: 3.430750012397766
Train Epoch: 48 steps: 510 / 4152 loss: 3.496237540245056
Train Epoch: 48 steps: 520 / 4152 loss: 3.4379789352416994
Train Epoch: 48 steps: 530 / 4152 loss: 3.481400656700134
Train Epoch: 48 steps: 540 / 4152 loss: 3.4556759119033815
Train Epoch: 48 steps: 550 / 4152 loss: 3.548191499710083
Train Epoch: 48 steps: 560 / 4152 loss: 3.416731286048889
Train Epoch: 48 steps: 570 / 4152 loss: 3.426029658317566
Train Epoch: 48 steps: 580 / 4152 loss: 3.4877893686294557
Train Epoch: 48 steps: 590 / 4152 loss: 3.478193211555481
Train Epoch: 48 steps: 600 / 4152 loss: 3.5209614038467407
Train Epoch: 48 steps: 610 / 4152 loss: 3.454880142211914
Train Epoch: 48 steps: 620 / 4152 loss: 3.4713727474212646
Train Epoch: 48 steps: 630 / 4152 loss: 3.486942458152771
Train Epoch: 48 steps: 640 / 4152 loss: 3.407418417930603
Train Epoch: 48 steps: 650 / 4152 loss: 3.499370288848877
Train Epoch: 48 steps: 660 / 4152 loss: 3.4975153684616087
Train Epoch: 48 steps: 670 / 4152 loss: 3.498053026199341
Train Epoch: 48 steps: 680 / 4152 loss: 3.4029390811920166
Train Epoch: 48 steps: 690 / 4152 loss: 3.4540871143341065
Train Epoch: 48 steps: 700 / 4152 loss: 3.4910093784332275
Train Epoch: 48 steps: 710 / 4152 loss: 3.4493366718292235
Train Epoch: 48 steps: 720 / 4152 loss: 3.4644039392471315
Train Epoch: 48 steps: 730 / 4152 loss: 3.3707515239715575
Train Epoch: 48 steps: 740 / 4152 loss: 3.489897084236145
Train Epoch: 48 steps: 750 / 4152 loss: 3.4876693964004515
Train Epoch: 48 steps: 760 / 4152 loss: 3.3853848218917846
Train Epoch: 48 steps: 770 / 4152 loss: 3.428512191772461
Train Epoch: 48 steps: 780 / 4152 loss: 3.404408836364746
Train Epoch: 48 steps: 790 / 4152 loss: 3.503505229949951
Train Epoch: 48 steps: 800 / 4152 loss: 3.4375064849853514
Train Epoch: 48 steps: 810 / 4152 loss: 3.5263955354690553
Train Epoch: 48 steps: 820 / 4152 loss: 3.4487699270248413
Train Epoch: 48 steps: 830 / 4152 loss: 3.444420409202576
Train Epoch: 48 steps: 840 / 4152 loss: 3.4210573196411134
Train Epoch: 48 steps: 850 / 4152 loss: 3.457771396636963
Train Epoch: 48 steps: 860 / 4152 loss: 3.500365209579468
Train Epoch: 48 steps: 870 / 4152 loss: 3.4854744911193847
Train Epoch: 48 steps: 880 / 4152 loss: 3.4940515041351317
Train Epoch: 48 steps: 890 / 4152 loss: 3.5347270727157594
Train Epoch: 48 steps: 900 / 4152 loss: 3.539884352684021
Train Epoch: 48 steps: 910 / 4152 loss: 3.4711520433425904
Train Epoch: 48 steps: 920 / 4152 loss: 3.400469446182251
Train Epoch: 48 steps: 930 / 4152 loss: 3.4897677421569826
Train Epoch: 48 steps: 940 / 4152 loss: 3.486836576461792
Train Epoch: 48 steps: 950 / 4152 loss: 3.4216258764266967
Train Epoch: 48 steps: 960 / 4152 loss: 3.4294753789901735
Train Epoch: 48 steps: 970 / 4152 loss: 3.5326644659042357
Train Epoch: 48 steps: 980 / 4152 loss: 3.402260160446167
Train Epoch: 48 steps: 990 / 4152 loss: 3.5272394180297852
Train Epoch: 48 steps: 1000 / 4152 loss: 3.4867061376571655
Train Epoch: 48 steps: 1010 / 4152 loss: 3.463700008392334
Train Epoch: 48 steps: 1020 / 4152 loss: 3.528291702270508
Train Epoch: 48 steps: 1030 / 4152 loss: 3.5039764642715454
Train Epoch: 48 steps: 1040 / 4152 loss: 3.533457040786743
----------------------------------------Epoch: 49----------------------------------------
----------------------------------------Epoch: 49----------------------------------------
----------------------------------------Epoch: 49----------------------------------------
----------------------------------------Epoch: 49----------------------------------------
Train Epoch: 49 steps: 0 / 4152 loss: 0.35947751998901367
Train Epoch: 49 steps: 10 / 4152 loss: 3.5208624362945558
Train Epoch: 49 steps: 20 / 4152 loss: 3.4371297359466553
Train Epoch: 49 steps: 30 / 4152 loss: 3.510323977470398
Train Epoch: 49 steps: 40 / 4152 loss: 3.517907667160034
Train Epoch: 49 steps: 50 / 4152 loss: 3.544925808906555
Train Epoch: 49 steps: 60 / 4152 loss: 3.3908568382263184
Train Epoch: 49 steps: 70 / 4152 loss: 3.4035818576812744
Train Epoch: 49 steps: 80 / 4152 loss: 3.4376020193099976
Train Epoch: 49 steps: 90 / 4152 loss: 3.429679441452026
Train Epoch: 49 steps: 100 / 4152 loss: 3.496942067146301
Train Epoch: 49 steps: 110 / 4152 loss: 3.4252264976501463
Train Epoch: 49 steps: 120 / 4152 loss: 3.4921020746231077
Train Epoch: 49 steps: 130 / 4152 loss: 3.4018638849258425
Train Epoch: 49 steps: 140 / 4152 loss: 3.4821233987808227
Train Epoch: 49 steps: 150 / 4152 loss: 3.4147412061691282
Train Epoch: 49 steps: 160 / 4152 loss: 3.4941958665847777
Train Epoch: 49 steps: 170 / 4152 loss: 3.45732741355896
Train Epoch: 49 steps: 180 / 4152 loss: 3.470104193687439
Train Epoch: 49 steps: 190 / 4152 loss: 3.4676918029785155
Train Epoch: 49 steps: 200 / 4152 loss: 3.4924689531326294
Train Epoch: 49 steps: 210 / 4152 loss: 3.5272816896438597
Train Epoch: 49 steps: 220 / 4152 loss: 3.5747518062591555
Train Epoch: 49 steps: 230 / 4152 loss: 3.3764692306518556
Train Epoch: 49 steps: 240 / 4152 loss: 3.465384364128113
Train Epoch: 49 steps: 250 / 4152 loss: 3.5361847400665285
Train Epoch: 49 steps: 260 / 4152 loss: 3.507284092903137
Train Epoch: 49 steps: 270 / 4152 loss: 3.488993191719055
Train Epoch: 49 steps: 280 / 4152 loss: 3.47282190322876
Train Epoch: 49 steps: 290 / 4152 loss: 3.476274538040161
Train Epoch: 49 steps: 300 / 4152 loss: 3.43898606300354
Train Epoch: 49 steps: 310 / 4152 loss: 3.4667203426361084
Train Epoch: 49 steps: 320 / 4152 loss: 3.4291786670684816
Train Epoch: 49 steps: 330 / 4152 loss: 3.5018869638442993
Train Epoch: 49 steps: 340 / 4152 loss: 3.5325695514678954
Train Epoch: 49 steps: 350 / 4152 loss: 3.5321365118026735
Train Epoch: 49 steps: 360 / 4152 loss: 3.5349876403808596
Train Epoch: 49 steps: 370 / 4152 loss: 3.4985472202301025
Train Epoch: 49 steps: 380 / 4152 loss: 3.4428465604782104
Train Epoch: 49 steps: 390 / 4152 loss: 3.351742959022522
Train Epoch: 49 steps: 400 / 4152 loss: 3.4715688467025756
Train Epoch: 49 steps: 410 / 4152 loss: 3.45296688079834
Train Epoch: 49 steps: 420 / 4152 loss: 3.4990232467651365
Train Epoch: 49 steps: 430 / 4152 loss: 3.3882129907608034
Train Epoch: 49 steps: 440 / 4152 loss: 3.384022831916809
Train Epoch: 49 steps: 450 / 4152 loss: 3.3711252212524414
Train Epoch: 49 steps: 460 / 4152 loss: 3.4349010467529295
Train Epoch: 49 steps: 470 / 4152 loss: 3.5027034282684326
Train Epoch: 49 steps: 480 / 4152 loss: 3.4381493806838987
Train Epoch: 49 steps: 490 / 4152 loss: 3.434671425819397
Train Epoch: 49 steps: 500 / 4152 loss: 3.3656054735183716
Train Epoch: 49 steps: 510 / 4152 loss: 3.4474538803100585
Train Epoch: 49 steps: 520 / 4152 loss: 3.537985396385193
Train Epoch: 49 steps: 530 / 4152 loss: 3.4404813289642333
Train Epoch: 49 steps: 540 / 4152 loss: 3.4790173530578614
Train Epoch: 49 steps: 550 / 4152 loss: 3.486374354362488
Train Epoch: 49 steps: 560 / 4152 loss: 3.505948066711426
Train Epoch: 49 steps: 570 / 4152 loss: 3.4294315814971923
Train Epoch: 49 steps: 580 / 4152 loss: 3.4637425899505616
Train Epoch: 49 steps: 590 / 4152 loss: 3.5073373556137084
Train Epoch: 49 steps: 600 / 4152 loss: 3.4017202377319338
Train Epoch: 49 steps: 610 / 4152 loss: 3.443873071670532
Train Epoch: 49 steps: 620 / 4152 loss: 3.5014260053634643
Train Epoch: 49 steps: 630 / 4152 loss: 3.429572033882141
Train Epoch: 49 steps: 640 / 4152 loss: 3.539636731147766
Train Epoch: 49 steps: 650 / 4152 loss: 3.4311378955841065
Train Epoch: 49 steps: 660 / 4152 loss: 3.4201189994812013
Train Epoch: 49 steps: 670 / 4152 loss: 3.463328790664673
Train Epoch: 49 steps: 680 / 4152 loss: 3.4552497386932375
Train Epoch: 49 steps: 690 / 4152 loss: 3.4089205265045166
Train Epoch: 49 steps: 700 / 4152 loss: 3.5366153717041016
Train Epoch: 49 steps: 710 / 4152 loss: 3.396286869049072
Train Epoch: 49 steps: 720 / 4152 loss: 3.5158010005950926
Train Epoch: 49 steps: 730 / 4152 loss: 3.411333107948303
Train Epoch: 49 steps: 740 / 4152 loss: 3.506727433204651
Train Epoch: 49 steps: 750 / 4152 loss: 3.5035593509674072
Train Epoch: 49 steps: 760 / 4152 loss: 3.3096803188323975
Train Epoch: 49 steps: 770 / 4152 loss: 3.4401135206222535
Train Epoch: 49 steps: 780 / 4152 loss: 3.501714301109314
Train Epoch: 49 steps: 790 / 4152 loss: 3.4022231578826903
Train Epoch: 49 steps: 800 / 4152 loss: 3.4652390480041504
Train Epoch: 49 steps: 810 / 4152 loss: 3.428272318840027
Train Epoch: 49 steps: 820 / 4152 loss: 3.4725024938583373
Train Epoch: 49 steps: 830 / 4152 loss: 3.4064451456069946
Train Epoch: 49 steps: 840 / 4152 loss: 3.3948764324188234
Train Epoch: 49 steps: 850 / 4152 loss: 3.5168011665344237
Train Epoch: 49 steps: 860 / 4152 loss: 3.4798397541046144
Train Epoch: 49 steps: 870 / 4152 loss: 3.487376403808594
Train Epoch: 49 steps: 880 / 4152 loss: 3.5170135498046875
Train Epoch: 49 steps: 890 / 4152 loss: 3.489695692062378
Train Epoch: 49 steps: 900 / 4152 loss: 3.398121738433838
Train Epoch: 49 steps: 910 / 4152 loss: 3.5485618352890014
Train Epoch: 49 steps: 920 / 4152 loss: 3.473386526107788
Train Epoch: 49 steps: 930 / 4152 loss: 3.497621273994446
Train Epoch: 49 steps: 940 / 4152 loss: 3.4415567398071287
Train Epoch: 49 steps: 950 / 4152 loss: 3.502111577987671
Train Epoch: 49 steps: 960 / 4152 loss: 3.4803721427917482
Train Epoch: 49 steps: 970 / 4152 loss: 3.515123200416565
Train Epoch: 49 steps: 980 / 4152 loss: 3.4228163957595825
Train Epoch: 49 steps: 990 / 4152 loss: 3.503616118431091
Train Epoch: 49 steps: 1000 / 4152 loss: 3.484746527671814
Train Epoch: 49 steps: 1010 / 4152 loss: 3.5081924200057983
Train Epoch: 49 steps: 1020 / 4152 loss: 3.412973165512085
Train Epoch: 49 steps: 1030 / 4152 loss: 3.5176461696624757
Train Epoch: 49 steps: 1040 / 4152 loss: 3.481083536148071
----------------------------------------Epoch: 50----------------------------------------
----------------------------------------Epoch: 50----------------------------------------
----------------------------------------Epoch: 50----------------------------------------
----------------------------------------Epoch: 50----------------------------------------
Train Epoch: 50 steps: 0 / 4152 loss: 0.3485634565353394
Train Epoch: 50 steps: 10 / 4152 loss: 3.470392608642578
Train Epoch: 50 steps: 20 / 4152 loss: 3.3891947984695436
Train Epoch: 50 steps: 30 / 4152 loss: 3.402980589866638
Train Epoch: 50 steps: 40 / 4152 loss: 3.389192819595337
Train Epoch: 50 steps: 50 / 4152 loss: 3.342131018638611
Train Epoch: 50 steps: 60 / 4152 loss: 3.403023910522461
Train Epoch: 50 steps: 70 / 4152 loss: 3.410949778556824
Train Epoch: 50 steps: 80 / 4152 loss: 3.440818357467651
Train Epoch: 50 steps: 90 / 4152 loss: 3.543539118766785
Train Epoch: 50 steps: 100 / 4152 loss: 3.4743738412857055
Train Epoch: 50 steps: 110 / 4152 loss: 3.41869170665741
Train Epoch: 50 steps: 120 / 4152 loss: 3.426704239845276
Train Epoch: 50 steps: 130 / 4152 loss: 3.4689121723175047
Train Epoch: 50 steps: 140 / 4152 loss: 3.5690879583358766
Train Epoch: 50 steps: 150 / 4152 loss: 3.4522901296615602
Train Epoch: 50 steps: 160 / 4152 loss: 3.4657675504684446
Train Epoch: 50 steps: 170 / 4152 loss: 3.4838917732238768
Train Epoch: 50 steps: 180 / 4152 loss: 3.4205881118774415
Train Epoch: 50 steps: 190 / 4152 loss: 3.4605966806411743
Train Epoch: 50 steps: 200 / 4152 loss: 3.5273913145065308
Train Epoch: 50 steps: 210 / 4152 loss: 3.496617579460144
Train Epoch: 50 steps: 220 / 4152 loss: 3.4843093156814575
Train Epoch: 50 steps: 230 / 4152 loss: 3.41343777179718
Train Epoch: 50 steps: 240 / 4152 loss: 3.454561471939087
Train Epoch: 50 steps: 250 / 4152 loss: 3.481020450592041
Train Epoch: 50 steps: 260 / 4152 loss: 3.499663805961609
Train Epoch: 50 steps: 270 / 4152 loss: 3.4543043851852415
Train Epoch: 50 steps: 280 / 4152 loss: 3.4443336963653564
Train Epoch: 50 steps: 290 / 4152 loss: 3.54052312374115
Train Epoch: 50 steps: 300 / 4152 loss: 3.4773832082748415
Train Epoch: 50 steps: 310 / 4152 loss: 3.4882386922836304
Train Epoch: 50 steps: 320 / 4152 loss: 3.397924065589905
Train Epoch: 50 steps: 330 / 4152 loss: 3.4358974933624267
Train Epoch: 50 steps: 340 / 4152 loss: 3.451664113998413
Train Epoch: 50 steps: 350 / 4152 loss: 3.4599416971206667
Train Epoch: 50 steps: 360 / 4152 loss: 3.3274733781814576
Train Epoch: 50 steps: 370 / 4152 loss: 3.5069898843765257
Train Epoch: 50 steps: 380 / 4152 loss: 3.4368101835250853
Train Epoch: 50 steps: 390 / 4152 loss: 3.5251970291137695
Train Epoch: 50 steps: 400 / 4152 loss: 3.3813792943954466
Train Epoch: 50 steps: 410 / 4152 loss: 3.465260910987854
Train Epoch: 50 steps: 420 / 4152 loss: 3.468230724334717
Train Epoch: 50 steps: 430 / 4152 loss: 3.4705363273620606
Train Epoch: 50 steps: 440 / 4152 loss: 3.51057608127594
Train Epoch: 50 steps: 450 / 4152 loss: 3.4616151332855223
Train Epoch: 50 steps: 460 / 4152 loss: 3.5121350049972535
Train Epoch: 50 steps: 470 / 4152 loss: 3.552698516845703
Train Epoch: 50 steps: 480 / 4152 loss: 3.509923529624939
Train Epoch: 50 steps: 490 / 4152 loss: 3.400015950202942
Train Epoch: 50 steps: 500 / 4152 loss: 3.4471577167510987
Train Epoch: 50 steps: 510 / 4152 loss: 3.448860788345337
Train Epoch: 50 steps: 520 / 4152 loss: 3.421692442893982
Train Epoch: 50 steps: 530 / 4152 loss: 3.4118908882141112
Train Epoch: 50 steps: 540 / 4152 loss: 3.480496859550476
Train Epoch: 50 steps: 550 / 4152 loss: 3.4526235818862916
Train Epoch: 50 steps: 560 / 4152 loss: 3.541607975959778
Train Epoch: 50 steps: 570 / 4152 loss: 3.4225162744522093
Train Epoch: 50 steps: 580 / 4152 loss: 3.451532483100891
Train Epoch: 50 steps: 590 / 4152 loss: 3.4888750076293946
Train Epoch: 50 steps: 600 / 4152 loss: 3.351441478729248
Train Epoch: 50 steps: 610 / 4152 loss: 3.4387527227401735
Train Epoch: 50 steps: 620 / 4152 loss: 3.4830530166625975
Train Epoch: 50 steps: 630 / 4152 loss: 3.4203986644744875
Train Epoch: 50 steps: 640 / 4152 loss: 3.360745739936829
Train Epoch: 50 steps: 650 / 4152 loss: 3.429478311538696
Train Epoch: 50 steps: 660 / 4152 loss: 3.534155821800232
Train Epoch: 50 steps: 670 / 4152 loss: 3.49741952419281
Train Epoch: 50 steps: 680 / 4152 loss: 3.5264575481414795
Train Epoch: 50 steps: 690 / 4152 loss: 3.530249834060669
Train Epoch: 50 steps: 700 / 4152 loss: 3.4027627229690554
Train Epoch: 50 steps: 710 / 4152 loss: 3.5128278017044066
Train Epoch: 50 steps: 720 / 4152 loss: 3.486130928993225
Train Epoch: 50 steps: 730 / 4152 loss: 3.4223254919052124
Train Epoch: 50 steps: 740 / 4152 loss: 3.537938117980957
Train Epoch: 50 steps: 750 / 4152 loss: 3.348223900794983
Train Epoch: 50 steps: 760 / 4152 loss: 3.470004153251648
Train Epoch: 50 steps: 770 / 4152 loss: 3.568224787712097
Train Epoch: 50 steps: 780 / 4152 loss: 3.4640594959259032
Train Epoch: 50 steps: 790 / 4152 loss: 3.4535915851593018
Train Epoch: 50 steps: 800 / 4152 loss: 3.4239842176437376
Train Epoch: 50 steps: 810 / 4152 loss: 3.4979578495025634
Train Epoch: 50 steps: 820 / 4152 loss: 3.4155752897262572
Train Epoch: 50 steps: 830 / 4152 loss: 3.52027370929718
Train Epoch: 50 steps: 840 / 4152 loss: 3.3933730602264403
Train Epoch: 50 steps: 850 / 4152 loss: 3.551113653182983
Train Epoch: 50 steps: 860 / 4152 loss: 3.3956294298171996
Train Epoch: 50 steps: 870 / 4152 loss: 3.5049631118774416
Train Epoch: 50 steps: 880 / 4152 loss: 3.4478339195251464
Train Epoch: 50 steps: 890 / 4152 loss: 3.445696258544922
Train Epoch: 50 steps: 900 / 4152 loss: 3.465969705581665
Train Epoch: 50 steps: 910 / 4152 loss: 3.492159295082092
Train Epoch: 50 steps: 920 / 4152 loss: 3.434222674369812
Train Epoch: 50 steps: 930 / 4152 loss: 3.3806708097457885
Train Epoch: 50 steps: 940 / 4152 loss: 3.505972218513489
Train Epoch: 50 steps: 950 / 4152 loss: 3.476716995239258
Train Epoch: 50 steps: 960 / 4152 loss: 3.4867326259613036
Train Epoch: 50 steps: 970 / 4152 loss: 3.4349971055984496
Train Epoch: 50 steps: 980 / 4152 loss: 3.398955726623535
Train Epoch: 50 steps: 990 / 4152 loss: 3.5133904218673706
Train Epoch: 50 steps: 1000 / 4152 loss: 3.395126461982727
Train Epoch: 50 steps: 1010 / 4152 loss: 3.3942384243011476
Train Epoch: 50 steps: 1020 / 4152 loss: 3.479827904701233
Train Epoch: 50 steps: 1030 / 4152 loss: 3.4546923637390137
Train Epoch: 50 steps: 1040 / 4152 loss: 3.4336628198623655
----------------------------------------Epoch: 51----------------------------------------
----------------------------------------Epoch: 51----------------------------------------
----------------------------------------Epoch: 51----------------------------------------
----------------------------------------Epoch: 51----------------------------------------
Train Epoch: 51 steps: 0 / 4152 loss: 0.3527635097503662
Train Epoch: 51 steps: 10 / 4152 loss: 3.440707874298096
Train Epoch: 51 steps: 20 / 4152 loss: 3.55701584815979
Train Epoch: 51 steps: 30 / 4152 loss: 3.4970197677612305
Train Epoch: 51 steps: 40 / 4152 loss: 3.4243161916732787
Train Epoch: 51 steps: 50 / 4152 loss: 3.5133397340774537
Train Epoch: 51 steps: 60 / 4152 loss: 3.513291096687317
Train Epoch: 51 steps: 70 / 4152 loss: 3.491413450241089
Train Epoch: 51 steps: 80 / 4152 loss: 3.419887328147888
Train Epoch: 51 steps: 90 / 4152 loss: 3.449176001548767
Train Epoch: 51 steps: 100 / 4152 loss: 3.465342164039612
Train Epoch: 51 steps: 110 / 4152 loss: 3.4560237407684324
Train Epoch: 51 steps: 120 / 4152 loss: 3.462891936302185
Train Epoch: 51 steps: 130 / 4152 loss: 3.3622084617614747
Train Epoch: 51 steps: 140 / 4152 loss: 3.458113431930542
Train Epoch: 51 steps: 150 / 4152 loss: 3.465925455093384
Train Epoch: 51 steps: 160 / 4152 loss: 3.416648769378662
Train Epoch: 51 steps: 170 / 4152 loss: 3.480793261528015
Train Epoch: 51 steps: 180 / 4152 loss: 3.4312546491622924
Train Epoch: 51 steps: 190 / 4152 loss: 3.4691357374191285
Train Epoch: 51 steps: 200 / 4152 loss: 3.3989415168762207
Train Epoch: 51 steps: 210 / 4152 loss: 3.4149438619613646
Train Epoch: 51 steps: 220 / 4152 loss: 3.4634331464767456
Train Epoch: 51 steps: 230 / 4152 loss: 3.468302607536316
Train Epoch: 51 steps: 240 / 4152 loss: 3.4233673810958862
Train Epoch: 51 steps: 250 / 4152 loss: 3.5116704225540163
Train Epoch: 51 steps: 260 / 4152 loss: 3.5125953197479247
Train Epoch: 51 steps: 270 / 4152 loss: 3.4838855028152467
Train Epoch: 51 steps: 280 / 4152 loss: 3.4535232067108153
Train Epoch: 51 steps: 290 / 4152 loss: 3.36525821685791
Train Epoch: 51 steps: 300 / 4152 loss: 3.4517250061035156
Train Epoch: 51 steps: 310 / 4152 loss: 3.4130593299865724
Train Epoch: 51 steps: 320 / 4152 loss: 3.4923362255096437
Train Epoch: 51 steps: 330 / 4152 loss: 3.426777958869934
Train Epoch: 51 steps: 340 / 4152 loss: 3.454187107086182
Train Epoch: 51 steps: 350 / 4152 loss: 3.4897539615631104
Train Epoch: 51 steps: 360 / 4152 loss: 3.4518169164657593
Train Epoch: 51 steps: 370 / 4152 loss: 3.443546175956726
Train Epoch: 51 steps: 380 / 4152 loss: 3.456450867652893
Train Epoch: 51 steps: 390 / 4152 loss: 3.4107420682907104
Train Epoch: 51 steps: 400 / 4152 loss: 3.4313848495483397
Train Epoch: 51 steps: 410 / 4152 loss: 3.4459674835205076
Train Epoch: 51 steps: 420 / 4152 loss: 3.3656038999557496
Train Epoch: 51 steps: 430 / 4152 loss: 3.4785128593444825
Train Epoch: 51 steps: 440 / 4152 loss: 3.458034634590149
Train Epoch: 51 steps: 450 / 4152 loss: 3.4810646772384644
Train Epoch: 51 steps: 460 / 4152 loss: 3.5296661138534544
Train Epoch: 51 steps: 470 / 4152 loss: 3.5438427209854124
Train Epoch: 51 steps: 480 / 4152 loss: 3.4483901977539064
Train Epoch: 51 steps: 490 / 4152 loss: 3.492897963523865
Train Epoch: 51 steps: 500 / 4152 loss: 3.603830075263977
Train Epoch: 51 steps: 510 / 4152 loss: 3.5391157388687136
Train Epoch: 51 steps: 520 / 4152 loss: 3.476507043838501
Train Epoch: 51 steps: 530 / 4152 loss: 3.4533092737197877
Train Epoch: 51 steps: 540 / 4152 loss: 3.456462359428406
Train Epoch: 51 steps: 550 / 4152 loss: 3.4962857723236085
Train Epoch: 51 steps: 560 / 4152 loss: 3.4705384731292725
Train Epoch: 51 steps: 570 / 4152 loss: 3.501518702507019
Train Epoch: 51 steps: 580 / 4152 loss: 3.3519637823104858
Train Epoch: 51 steps: 590 / 4152 loss: 3.4548208951950072
Train Epoch: 51 steps: 600 / 4152 loss: 3.5028534173965453
Train Epoch: 51 steps: 610 / 4152 loss: 3.4782476902008055
Train Epoch: 51 steps: 620 / 4152 loss: 3.3849048614501953
Train Epoch: 51 steps: 630 / 4152 loss: 3.50136022567749
Train Epoch: 51 steps: 640 / 4152 loss: 3.417905497550964
Train Epoch: 51 steps: 650 / 4152 loss: 3.40763144493103
Train Epoch: 51 steps: 660 / 4152 loss: 3.407711696624756
Train Epoch: 51 steps: 670 / 4152 loss: 3.4475404262542724
Train Epoch: 51 steps: 680 / 4152 loss: 3.4615407466888426
Train Epoch: 51 steps: 690 / 4152 loss: 3.370346188545227
Train Epoch: 51 steps: 700 / 4152 loss: 3.4166966676712036
Train Epoch: 51 steps: 710 / 4152 loss: 3.5604867935180664
Train Epoch: 51 steps: 720 / 4152 loss: 3.4957106828689577
Train Epoch: 51 steps: 730 / 4152 loss: 3.5309201955795286
Train Epoch: 51 steps: 740 / 4152 loss: 3.4365435600280763
Train Epoch: 51 steps: 750 / 4152 loss: 3.4421793460845946
Train Epoch: 51 steps: 760 / 4152 loss: 3.436155819892883
Train Epoch: 51 steps: 770 / 4152 loss: 3.489032769203186
Train Epoch: 51 steps: 780 / 4152 loss: 3.455889916419983
Train Epoch: 51 steps: 790 / 4152 loss: 3.3837656021118163
Train Epoch: 51 steps: 800 / 4152 loss: 3.484471297264099
Train Epoch: 51 steps: 810 / 4152 loss: 3.4707077741622925
Train Epoch: 51 steps: 820 / 4152 loss: 3.4152817726135254
Train Epoch: 51 steps: 830 / 4152 loss: 3.390196752548218
Train Epoch: 51 steps: 840 / 4152 loss: 3.420555305480957
Train Epoch: 51 steps: 850 / 4152 loss: 3.38902587890625
Train Epoch: 51 steps: 860 / 4152 loss: 3.4433555603027344
Train Epoch: 51 steps: 870 / 4152 loss: 3.5159094095230103
Train Epoch: 51 steps: 880 / 4152 loss: 3.4983856201171877
Train Epoch: 51 steps: 890 / 4152 loss: 3.3937939643859862
Train Epoch: 51 steps: 900 / 4152 loss: 3.4374136447906496
Train Epoch: 51 steps: 910 / 4152 loss: 3.484291648864746
Train Epoch: 51 steps: 920 / 4152 loss: 3.37114622592926
Train Epoch: 51 steps: 930 / 4152 loss: 3.5260812044143677
Train Epoch: 51 steps: 940 / 4152 loss: 3.3863144874572755
Train Epoch: 51 steps: 950 / 4152 loss: 3.373468780517578
Train Epoch: 51 steps: 960 / 4152 loss: 3.430893611907959
Train Epoch: 51 steps: 970 / 4152 loss: 3.4091249465942384
Train Epoch: 51 steps: 980 / 4152 loss: 3.4407706260681152
Train Epoch: 51 steps: 990 / 4152 loss: 3.457484745979309
Train Epoch: 51 steps: 1000 / 4152 loss: 3.4681748151779175
Train Epoch: 51 steps: 1010 / 4152 loss: 3.4697498798370363
Train Epoch: 51 steps: 1020 / 4152 loss: 3.4704577207565306
Train Epoch: 51 steps: 1030 / 4152 loss: 3.476088047027588
Train Epoch: 51 steps: 1040 / 4152 loss: 3.5030216455459593
----------------------------------------Epoch: 52----------------------------------------
----------------------------------------Epoch: 52----------------------------------------
----------------------------------------Epoch: 52----------------------------------------
----------------------------------------Epoch: 52----------------------------------------
Train Epoch: 52 steps: 0 / 4152 loss: 0.3520069122314453
Train Epoch: 52 steps: 10 / 4152 loss: 3.4084511041641234
Train Epoch: 52 steps: 20 / 4152 loss: 3.415303635597229
Train Epoch: 52 steps: 30 / 4152 loss: 3.4152878522872925
Train Epoch: 52 steps: 40 / 4152 loss: 3.5218033313751222
Train Epoch: 52 steps: 50 / 4152 loss: 3.020536708831787
Train Epoch: 52 steps: 60 / 4152 loss: 3.50903902053833
Train Epoch: 52 steps: 70 / 4152 loss: 3.436903238296509
Train Epoch: 52 steps: 80 / 4152 loss: 3.3755502700805664
Train Epoch: 52 steps: 90 / 4152 loss: 3.522705864906311
Train Epoch: 52 steps: 100 / 4152 loss: 3.4720908403396606
Train Epoch: 52 steps: 110 / 4152 loss: 3.4564603090286257
Train Epoch: 52 steps: 120 / 4152 loss: 3.4105643749237062
Train Epoch: 52 steps: 130 / 4152 loss: 3.4886658668518065
Train Epoch: 52 steps: 140 / 4152 loss: 3.5110516786575316
Train Epoch: 52 steps: 150 / 4152 loss: 3.5220127582550047
Train Epoch: 52 steps: 160 / 4152 loss: 3.445327138900757
Train Epoch: 52 steps: 170 / 4152 loss: 3.440362024307251
Train Epoch: 52 steps: 180 / 4152 loss: 3.435312867164612
Train Epoch: 52 steps: 190 / 4152 loss: 3.440955901145935
Train Epoch: 52 steps: 200 / 4152 loss: 3.479645323753357
Train Epoch: 52 steps: 210 / 4152 loss: 3.4684356451034546
Train Epoch: 52 steps: 220 / 4152 loss: 3.4291611194610594
Train Epoch: 52 steps: 230 / 4152 loss: 3.4740619897842406
Train Epoch: 52 steps: 240 / 4152 loss: 3.4848873138427736
Train Epoch: 52 steps: 250 / 4152 loss: 3.474272298812866
Train Epoch: 52 steps: 260 / 4152 loss: 3.437128448486328
Train Epoch: 52 steps: 270 / 4152 loss: 3.4661760330200195
Train Epoch: 52 steps: 280 / 4152 loss: 3.466226601600647
Train Epoch: 52 steps: 290 / 4152 loss: 3.4355417013168337
Train Epoch: 52 steps: 300 / 4152 loss: 3.4399290323257445
Train Epoch: 52 steps: 310 / 4152 loss: 3.461325001716614
Train Epoch: 52 steps: 320 / 4152 loss: 3.5755797624588013
Train Epoch: 52 steps: 330 / 4152 loss: 3.4884310007095336
Train Epoch: 52 steps: 340 / 4152 loss: 3.488625168800354
Train Epoch: 52 steps: 350 / 4152 loss: 3.493284487724304
Train Epoch: 52 steps: 360 / 4152 loss: 3.491311025619507
Train Epoch: 52 steps: 370 / 4152 loss: 3.419826936721802
Train Epoch: 52 steps: 380 / 4152 loss: 3.3799641370773315
Train Epoch: 52 steps: 390 / 4152 loss: 3.339978742599487
Train Epoch: 52 steps: 400 / 4152 loss: 3.4111756563186644
Train Epoch: 52 steps: 410 / 4152 loss: 3.43681218624115
Train Epoch: 52 steps: 420 / 4152 loss: 3.4450929403305053
Train Epoch: 52 steps: 430 / 4152 loss: 3.5450443029403687
Train Epoch: 52 steps: 440 / 4152 loss: 3.3955370426177978
Train Epoch: 52 steps: 450 / 4152 loss: 3.449222779273987
Train Epoch: 52 steps: 460 / 4152 loss: 3.377343249320984
Train Epoch: 52 steps: 470 / 4152 loss: 3.5301238775253294
Train Epoch: 52 steps: 480 / 4152 loss: 3.3872295141220095
Train Epoch: 52 steps: 490 / 4152 loss: 3.452805018424988
Train Epoch: 52 steps: 500 / 4152 loss: 3.4988659381866456
Train Epoch: 52 steps: 510 / 4152 loss: 3.4598414421081545
Train Epoch: 52 steps: 520 / 4152 loss: 3.4065956115722655
Train Epoch: 52 steps: 530 / 4152 loss: 3.3728986501693727
Train Epoch: 52 steps: 540 / 4152 loss: 3.4006040334701537
Train Epoch: 52 steps: 550 / 4152 loss: 3.5127524614334105
Train Epoch: 52 steps: 560 / 4152 loss: 3.4002315759658814
Train Epoch: 52 steps: 570 / 4152 loss: 3.4666390419006348
Train Epoch: 52 steps: 580 / 4152 loss: 3.4485945463180543
Train Epoch: 52 steps: 590 / 4152 loss: 3.433597230911255
Train Epoch: 52 steps: 600 / 4152 loss: 3.4563743352890013
Train Epoch: 52 steps: 610 / 4152 loss: 3.4889934062957764
Train Epoch: 52 steps: 620 / 4152 loss: 3.483235263824463
Train Epoch: 52 steps: 630 / 4152 loss: 3.476180362701416
Train Epoch: 52 steps: 640 / 4152 loss: 3.49870285987854
Train Epoch: 52 steps: 650 / 4152 loss: 3.4581692695617674
Train Epoch: 52 steps: 660 / 4152 loss: 3.5001387357711793
Train Epoch: 52 steps: 670 / 4152 loss: 3.5396689414978026
Train Epoch: 52 steps: 680 / 4152 loss: 3.398769402503967
Train Epoch: 52 steps: 690 / 4152 loss: 3.3568567514419554
Train Epoch: 52 steps: 700 / 4152 loss: 3.449724626541138
Train Epoch: 52 steps: 710 / 4152 loss: 3.4705766439437866
Train Epoch: 52 steps: 720 / 4152 loss: 3.504445457458496
Train Epoch: 52 steps: 730 / 4152 loss: 3.4943981409072875
Train Epoch: 52 steps: 740 / 4152 loss: 3.4211740732192992
Train Epoch: 52 steps: 750 / 4152 loss: 3.4841654300689697
Train Epoch: 52 steps: 760 / 4152 loss: 3.4520183801651
Train Epoch: 52 steps: 770 / 4152 loss: 3.405108690261841
Train Epoch: 52 steps: 780 / 4152 loss: 3.4508294105529784
Train Epoch: 52 steps: 790 / 4152 loss: 3.502434825897217
Train Epoch: 52 steps: 800 / 4152 loss: 3.442030096054077
Train Epoch: 52 steps: 810 / 4152 loss: 3.4083879232406615
Train Epoch: 52 steps: 820 / 4152 loss: 3.452776551246643
Train Epoch: 52 steps: 830 / 4152 loss: 3.5051568031311033
Train Epoch: 52 steps: 840 / 4152 loss: 3.4879507064819335
Train Epoch: 52 steps: 850 / 4152 loss: 3.425352382659912
Train Epoch: 52 steps: 860 / 4152 loss: 3.481349229812622
Train Epoch: 52 steps: 870 / 4152 loss: 3.4688421964645384
Train Epoch: 52 steps: 880 / 4152 loss: 3.38018217086792
Train Epoch: 52 steps: 890 / 4152 loss: 3.508674716949463
Train Epoch: 52 steps: 900 / 4152 loss: 3.408362364768982
Train Epoch: 52 steps: 910 / 4152 loss: 3.4352025747299195
Train Epoch: 52 steps: 920 / 4152 loss: 3.3496397018432615
Train Epoch: 52 steps: 930 / 4152 loss: 3.4086599588394164
Train Epoch: 52 steps: 940 / 4152 loss: 3.4707921504974366
Train Epoch: 52 steps: 950 / 4152 loss: 3.5106955051422117
Train Epoch: 52 steps: 960 / 4152 loss: 3.388580393791199
Train Epoch: 52 steps: 970 / 4152 loss: 3.4201615333557127
Train Epoch: 52 steps: 980 / 4152 loss: 3.4572344064712524
Train Epoch: 52 steps: 990 / 4152 loss: 3.354075217247009
Train Epoch: 52 steps: 1000 / 4152 loss: 3.480170488357544
Train Epoch: 52 steps: 1010 / 4152 loss: 3.4326319217681887
Train Epoch: 52 steps: 1020 / 4152 loss: 3.4842120885848997
Train Epoch: 52 steps: 1030 / 4152 loss: 3.4922547578811645
Train Epoch: 52 steps: 1040 / 4152 loss: 3.5253187656402587
----------------------------------------Epoch: 53----------------------------------------
----------------------------------------Epoch: 53----------------------------------------
----------------------------------------Epoch: 53----------------------------------------
----------------------------------------Epoch: 53----------------------------------------
Train Epoch: 53 steps: 0 / 4152 loss: 0.3447671413421631
Train Epoch: 53 steps: 10 / 4152 loss: 3.5081095457077027
Train Epoch: 53 steps: 20 / 4152 loss: 3.4794335842132567
Train Epoch: 53 steps: 30 / 4152 loss: 3.4830079317092895
Train Epoch: 53 steps: 40 / 4152 loss: 3.4986287117004395
Train Epoch: 53 steps: 50 / 4152 loss: 3.4591914653778075
Train Epoch: 53 steps: 60 / 4152 loss: 3.4409324169158935
Train Epoch: 53 steps: 70 / 4152 loss: 3.4894635915756225
Train Epoch: 53 steps: 80 / 4152 loss: 3.345429706573486
Train Epoch: 53 steps: 90 / 4152 loss: 3.4412933826446532
Train Epoch: 53 steps: 100 / 4152 loss: 3.376001715660095
Train Epoch: 53 steps: 110 / 4152 loss: 3.464905571937561
Train Epoch: 53 steps: 120 / 4152 loss: 3.4333473443984985
Train Epoch: 53 steps: 130 / 4152 loss: 3.456864333152771
Train Epoch: 53 steps: 140 / 4152 loss: 3.545008683204651
Train Epoch: 53 steps: 150 / 4152 loss: 3.412648582458496
Train Epoch: 53 steps: 160 / 4152 loss: 3.554634356498718
Train Epoch: 53 steps: 170 / 4152 loss: 3.464534330368042
Train Epoch: 53 steps: 180 / 4152 loss: 3.4441768169403075
Train Epoch: 53 steps: 190 / 4152 loss: 3.5112205743789673
Train Epoch: 53 steps: 200 / 4152 loss: 3.520315337181091
Train Epoch: 53 steps: 210 / 4152 loss: 3.5062705755233763
Train Epoch: 53 steps: 220 / 4152 loss: 3.4482542276382446
Train Epoch: 53 steps: 230 / 4152 loss: 3.349179410934448
Train Epoch: 53 steps: 240 / 4152 loss: 3.442337250709534
Train Epoch: 53 steps: 250 / 4152 loss: 3.373983907699585
Train Epoch: 53 steps: 260 / 4152 loss: 3.4528717041015624
Train Epoch: 53 steps: 270 / 4152 loss: 3.376983952522278
Train Epoch: 53 steps: 280 / 4152 loss: 3.390146803855896
Train Epoch: 53 steps: 290 / 4152 loss: 3.4289186716079714
Train Epoch: 53 steps: 300 / 4152 loss: 3.452458143234253
Train Epoch: 53 steps: 310 / 4152 loss: 3.4180589437484743
Train Epoch: 53 steps: 320 / 4152 loss: 3.4800237894058226
Train Epoch: 53 steps: 330 / 4152 loss: 3.5308434009552
Train Epoch: 53 steps: 340 / 4152 loss: 3.424596095085144
Train Epoch: 53 steps: 350 / 4152 loss: 3.4767105340957642
Train Epoch: 53 steps: 360 / 4152 loss: 3.0866034746170046
Train Epoch: 53 steps: 370 / 4152 loss: 3.4530173778533935
Train Epoch: 53 steps: 380 / 4152 loss: 3.416684937477112
Train Epoch: 53 steps: 390 / 4152 loss: 3.426145601272583
Train Epoch: 53 steps: 400 / 4152 loss: 3.369174361228943
Train Epoch: 53 steps: 410 / 4152 loss: 3.4044236183166503
Train Epoch: 53 steps: 420 / 4152 loss: 3.458831286430359
Train Epoch: 53 steps: 430 / 4152 loss: 3.4900230407714843
Train Epoch: 53 steps: 440 / 4152 loss: 3.4864839792251585
Train Epoch: 53 steps: 450 / 4152 loss: 3.5117475748062135
Train Epoch: 53 steps: 460 / 4152 loss: 3.475309228897095
Train Epoch: 53 steps: 470 / 4152 loss: 3.4445731401443482
Train Epoch: 53 steps: 480 / 4152 loss: 3.4288865327835083
Train Epoch: 53 steps: 490 / 4152 loss: 3.3589121103286743
Train Epoch: 53 steps: 500 / 4152 loss: 3.432691287994385
Train Epoch: 53 steps: 510 / 4152 loss: 3.4454811811447144
Train Epoch: 53 steps: 520 / 4152 loss: 3.4667996883392336
Train Epoch: 53 steps: 530 / 4152 loss: 3.5210259437561033
Train Epoch: 53 steps: 540 / 4152 loss: 3.5397521257400513
Train Epoch: 53 steps: 550 / 4152 loss: 3.5233258247375487
Train Epoch: 53 steps: 560 / 4152 loss: 3.451447916030884
Train Epoch: 53 steps: 570 / 4152 loss: 3.460320258140564
Train Epoch: 53 steps: 580 / 4152 loss: 3.355666923522949
Train Epoch: 53 steps: 590 / 4152 loss: 3.4255566596984863
Train Epoch: 53 steps: 600 / 4152 loss: 3.4500198125839234
Train Epoch: 53 steps: 610 / 4152 loss: 3.4741945028305055
Train Epoch: 53 steps: 620 / 4152 loss: 3.506134343147278
Train Epoch: 53 steps: 630 / 4152 loss: 3.379721236228943
Train Epoch: 53 steps: 640 / 4152 loss: 3.45629940032959
Train Epoch: 53 steps: 650 / 4152 loss: 3.4501052856445313
Train Epoch: 53 steps: 660 / 4152 loss: 3.46833131313324
Train Epoch: 53 steps: 670 / 4152 loss: 3.4967225313186647
Train Epoch: 53 steps: 680 / 4152 loss: 3.4035090684890745
Train Epoch: 53 steps: 690 / 4152 loss: 3.5127597093582152
Train Epoch: 53 steps: 700 / 4152 loss: 3.4146942138671874
Train Epoch: 53 steps: 710 / 4152 loss: 3.403431940078735
Train Epoch: 53 steps: 720 / 4152 loss: 3.4246854305267336
Train Epoch: 53 steps: 730 / 4152 loss: 3.548240375518799
Train Epoch: 53 steps: 740 / 4152 loss: 3.399200677871704
Train Epoch: 53 steps: 750 / 4152 loss: 3.4325283050537108
Train Epoch: 53 steps: 760 / 4152 loss: 3.4542024612426756
Train Epoch: 53 steps: 770 / 4152 loss: 3.429547095298767
Train Epoch: 53 steps: 780 / 4152 loss: 3.476642441749573
Train Epoch: 53 steps: 790 / 4152 loss: 3.4421087503433228
Train Epoch: 53 steps: 800 / 4152 loss: 3.4089296102523803
Train Epoch: 53 steps: 810 / 4152 loss: 3.436350417137146
Train Epoch: 53 steps: 820 / 4152 loss: 3.5395254850387574
Train Epoch: 53 steps: 830 / 4152 loss: 3.4404622077941895
Train Epoch: 53 steps: 840 / 4152 loss: 3.5353495359420775
Train Epoch: 53 steps: 850 / 4152 loss: 3.4177643299102782
Train Epoch: 53 steps: 860 / 4152 loss: 3.4386841535568236
Train Epoch: 53 steps: 870 / 4152 loss: 3.447666549682617
Train Epoch: 53 steps: 880 / 4152 loss: 3.4679710388183596
Train Epoch: 53 steps: 890 / 4152 loss: 3.4990737676620483
Train Epoch: 53 steps: 900 / 4152 loss: 3.5223425149917604
Train Epoch: 53 steps: 910 / 4152 loss: 3.465493607521057
Train Epoch: 53 steps: 920 / 4152 loss: 3.4751824140548706
Train Epoch: 53 steps: 930 / 4152 loss: 3.4271119356155397
Train Epoch: 53 steps: 940 / 4152 loss: 3.49018452167511
Train Epoch: 53 steps: 950 / 4152 loss: 3.402558755874634
Train Epoch: 53 steps: 960 / 4152 loss: 3.475767803192139
Train Epoch: 53 steps: 970 / 4152 loss: 3.514304757118225
Train Epoch: 53 steps: 980 / 4152 loss: 3.4842764139175415
Train Epoch: 53 steps: 990 / 4152 loss: 3.5387237548828123
Train Epoch: 53 steps: 1000 / 4152 loss: 3.4485309600830076
Train Epoch: 53 steps: 1010 / 4152 loss: 3.38018913269043
Train Epoch: 53 steps: 1020 / 4152 loss: 3.446164536476135
Train Epoch: 53 steps: 1030 / 4152 loss: 3.4040117502212524
Train Epoch: 53 steps: 1040 / 4152 loss: 3.384194350242615
----------------------------------------Epoch: 54----------------------------------------
----------------------------------------Epoch: 54----------------------------------------
----------------------------------------Epoch: 54----------------------------------------
----------------------------------------Epoch: 54----------------------------------------
Train Epoch: 54 steps: 0 / 4152 loss: 0.3447279453277588
Train Epoch: 54 steps: 10 / 4152 loss: 3.3829994916915895
Train Epoch: 54 steps: 20 / 4152 loss: 3.40599410533905
Train Epoch: 54 steps: 30 / 4152 loss: 3.4632824420928956
Train Epoch: 54 steps: 40 / 4152 loss: 3.4569028854370116
Train Epoch: 54 steps: 50 / 4152 loss: 3.4066800832748414
Train Epoch: 54 steps: 60 / 4152 loss: 3.4524815320968627
Train Epoch: 54 steps: 70 / 4152 loss: 3.4805981397628782
Train Epoch: 54 steps: 80 / 4152 loss: 3.4738369226455688
Train Epoch: 54 steps: 90 / 4152 loss: 3.4587821483612062
Train Epoch: 54 steps: 100 / 4152 loss: 3.3970272541046143
Train Epoch: 54 steps: 110 / 4152 loss: 3.430778241157532
Train Epoch: 54 steps: 120 / 4152 loss: 3.500928783416748
Train Epoch: 54 steps: 130 / 4152 loss: 3.4728895902633665
Train Epoch: 54 steps: 140 / 4152 loss: 3.3812604904174806
Train Epoch: 54 steps: 150 / 4152 loss: 3.46347029209137
Train Epoch: 54 steps: 160 / 4152 loss: 3.4112271070480347
Train Epoch: 54 steps: 170 / 4152 loss: 3.5103965044021606
Train Epoch: 54 steps: 180 / 4152 loss: 3.3260045528411863
Train Epoch: 54 steps: 190 / 4152 loss: 3.5125400543212892
Train Epoch: 54 steps: 200 / 4152 loss: 3.504559803009033
Train Epoch: 54 steps: 210 / 4152 loss: 3.3685267686843874
Train Epoch: 54 steps: 220 / 4152 loss: 3.4192873001098634
Train Epoch: 54 steps: 230 / 4152 loss: 3.4899287462234496
Train Epoch: 54 steps: 240 / 4152 loss: 3.512139320373535
Train Epoch: 54 steps: 250 / 4152 loss: 3.5182193994522093
Train Epoch: 54 steps: 260 / 4152 loss: 3.4941315412521363
Train Epoch: 54 steps: 270 / 4152 loss: 3.438770222663879
Train Epoch: 54 steps: 280 / 4152 loss: 3.530203437805176
Train Epoch: 54 steps: 290 / 4152 loss: 3.4872862339019775
Train Epoch: 54 steps: 300 / 4152 loss: 3.434424352645874
Train Epoch: 54 steps: 310 / 4152 loss: 3.384761381149292
Train Epoch: 54 steps: 320 / 4152 loss: 3.439087080955505
Train Epoch: 54 steps: 330 / 4152 loss: 3.4041778326034544
Train Epoch: 54 steps: 340 / 4152 loss: 3.485117197036743
Train Epoch: 54 steps: 350 / 4152 loss: 3.3737704515457154
Train Epoch: 54 steps: 360 / 4152 loss: 3.409191060066223
Train Epoch: 54 steps: 370 / 4152 loss: 3.512733054161072
Train Epoch: 54 steps: 380 / 4152 loss: 3.457186961174011
Train Epoch: 54 steps: 390 / 4152 loss: 3.4428819894790648
Train Epoch: 54 steps: 400 / 4152 loss: 3.4834816694259643
Train Epoch: 54 steps: 410 / 4152 loss: 3.4280774116516115
Train Epoch: 54 steps: 420 / 4152 loss: 3.427643060684204
Train Epoch: 54 steps: 430 / 4152 loss: 3.5158181190490723
Train Epoch: 54 steps: 440 / 4152 loss: 3.4912657022476195
Train Epoch: 54 steps: 450 / 4152 loss: 3.4064428567886353
Train Epoch: 54 steps: 460 / 4152 loss: 3.3867945194244387
Train Epoch: 54 steps: 470 / 4152 loss: 3.41391499042511
Train Epoch: 54 steps: 480 / 4152 loss: 3.491691017150879
Train Epoch: 54 steps: 490 / 4152 loss: 3.392877697944641
Train Epoch: 54 steps: 500 / 4152 loss: 3.4813759088516236
Train Epoch: 54 steps: 510 / 4152 loss: 3.415686297416687
Train Epoch: 54 steps: 520 / 4152 loss: 3.4422839403152468
Train Epoch: 54 steps: 530 / 4152 loss: 3.0625102043151857
Train Epoch: 54 steps: 540 / 4152 loss: 3.437228870391846
Train Epoch: 54 steps: 550 / 4152 loss: 3.51058406829834
Train Epoch: 54 steps: 560 / 4152 loss: 3.417868709564209
Train Epoch: 54 steps: 570 / 4152 loss: 3.4085117101669313
Train Epoch: 54 steps: 580 / 4152 loss: 3.3723835945129395
Train Epoch: 54 steps: 590 / 4152 loss: 3.553952932357788
Train Epoch: 54 steps: 600 / 4152 loss: 3.5121190309524537
Train Epoch: 54 steps: 610 / 4152 loss: 3.4357752084732054
Train Epoch: 54 steps: 620 / 4152 loss: 3.3583366870880127
Train Epoch: 54 steps: 630 / 4152 loss: 3.4773011445999145
Train Epoch: 54 steps: 640 / 4152 loss: 3.4946572303771974
Train Epoch: 54 steps: 650 / 4152 loss: 3.467222809791565
Train Epoch: 54 steps: 660 / 4152 loss: 3.4037161111831664
Train Epoch: 54 steps: 670 / 4152 loss: 3.4747519731521606
Train Epoch: 54 steps: 680 / 4152 loss: 3.507247042655945
Train Epoch: 54 steps: 690 / 4152 loss: 3.4612557172775267
Train Epoch: 54 steps: 700 / 4152 loss: 3.4618752241134643
Train Epoch: 54 steps: 710 / 4152 loss: 3.5108344554901123
Train Epoch: 54 steps: 720 / 4152 loss: 3.453113389015198
Train Epoch: 54 steps: 730 / 4152 loss: 3.4798930644989015
Train Epoch: 54 steps: 740 / 4152 loss: 3.4520239353179933
Train Epoch: 54 steps: 750 / 4152 loss: 3.510874629020691
Train Epoch: 54 steps: 760 / 4152 loss: 3.414082384109497
Train Epoch: 54 steps: 770 / 4152 loss: 3.428642678260803
Train Epoch: 54 steps: 780 / 4152 loss: 3.393766927719116
Train Epoch: 54 steps: 790 / 4152 loss: 3.511918878555298
Train Epoch: 54 steps: 800 / 4152 loss: 3.557101345062256
Train Epoch: 54 steps: 810 / 4152 loss: 3.47879319190979
Train Epoch: 54 steps: 820 / 4152 loss: 3.42046115398407
Train Epoch: 54 steps: 830 / 4152 loss: 3.4613794565200804
Train Epoch: 54 steps: 840 / 4152 loss: 3.5008876085281373
Train Epoch: 54 steps: 850 / 4152 loss: 3.4673001289367678
Train Epoch: 54 steps: 860 / 4152 loss: 3.5432440519332884
Train Epoch: 54 steps: 870 / 4152 loss: 3.4926872730255125
Train Epoch: 54 steps: 880 / 4152 loss: 3.459252190589905
Train Epoch: 54 steps: 890 / 4152 loss: 3.565409255027771
Train Epoch: 54 steps: 900 / 4152 loss: 3.4331353425979616
Train Epoch: 54 steps: 910 / 4152 loss: 3.436052989959717
Train Epoch: 54 steps: 920 / 4152 loss: 3.353878402709961
Train Epoch: 54 steps: 930 / 4152 loss: 3.5391337633132935
Train Epoch: 54 steps: 940 / 4152 loss: 3.431740164756775
Train Epoch: 54 steps: 950 / 4152 loss: 3.478974151611328
Train Epoch: 54 steps: 960 / 4152 loss: 3.5046345472335814
Train Epoch: 54 steps: 970 / 4152 loss: 3.4738121509552
Train Epoch: 54 steps: 980 / 4152 loss: 3.424570083618164
Train Epoch: 54 steps: 990 / 4152 loss: 3.437861967086792
Train Epoch: 54 steps: 1000 / 4152 loss: 3.302136540412903
Train Epoch: 54 steps: 1010 / 4152 loss: 3.4942625999450683
Train Epoch: 54 steps: 1020 / 4152 loss: 3.44451904296875
Train Epoch: 54 steps: 1030 / 4152 loss: 3.4621875524520873
Train Epoch: 54 steps: 1040 / 4152 loss: 3.458457589149475
----------------------------------------Epoch: 55----------------------------------------
----------------------------------------Epoch: 55----------------------------------------
----------------------------------------Epoch: 55----------------------------------------
----------------------------------------Epoch: 55----------------------------------------
Train Epoch: 55 steps: 0 / 4152 loss: 0.32355246543884275
Train Epoch: 55 steps: 10 / 4152 loss: 3.454624319076538
Train Epoch: 55 steps: 20 / 4152 loss: 3.4179147243499757
Train Epoch: 55 steps: 30 / 4152 loss: 3.428204607963562
Train Epoch: 55 steps: 40 / 4152 loss: 3.3295241832733153
Train Epoch: 55 steps: 50 / 4152 loss: 3.4684342622756956
Train Epoch: 55 steps: 60 / 4152 loss: 3.4334763050079347
Train Epoch: 55 steps: 70 / 4152 loss: 3.3832146167755126
Train Epoch: 55 steps: 80 / 4152 loss: 3.4554827213287354
Train Epoch: 55 steps: 90 / 4152 loss: 3.4738523721694947
Train Epoch: 55 steps: 100 / 4152 loss: 3.428613805770874
Train Epoch: 55 steps: 110 / 4152 loss: 3.473912167549133
Train Epoch: 55 steps: 120 / 4152 loss: 3.496904420852661
Train Epoch: 55 steps: 130 / 4152 loss: 3.491730237007141
Train Epoch: 55 steps: 140 / 4152 loss: 3.452627491950989
Train Epoch: 55 steps: 150 / 4152 loss: 3.3657386779785154
Train Epoch: 55 steps: 160 / 4152 loss: 3.4339441776275637
Train Epoch: 55 steps: 170 / 4152 loss: 3.480934262275696
Train Epoch: 55 steps: 180 / 4152 loss: 3.5228087425231935
Train Epoch: 55 steps: 190 / 4152 loss: 3.4178657054901125
Train Epoch: 55 steps: 200 / 4152 loss: 3.1447768688201903
Train Epoch: 55 steps: 210 / 4152 loss: 3.4425198316574095
Train Epoch: 55 steps: 220 / 4152 loss: 3.473530101776123
Train Epoch: 55 steps: 230 / 4152 loss: 3.3725001335144045
Train Epoch: 55 steps: 240 / 4152 loss: 3.348068881034851
Train Epoch: 55 steps: 250 / 4152 loss: 3.4323716878890993
Train Epoch: 55 steps: 260 / 4152 loss: 3.449117970466614
Train Epoch: 55 steps: 270 / 4152 loss: 3.4111788511276244
Train Epoch: 55 steps: 280 / 4152 loss: 3.4524497509002687
Train Epoch: 55 steps: 290 / 4152 loss: 3.5427448749542236
Train Epoch: 55 steps: 300 / 4152 loss: 3.4362621307373047
Train Epoch: 55 steps: 310 / 4152 loss: 3.51769597530365
Train Epoch: 55 steps: 320 / 4152 loss: 3.468131995201111
Train Epoch: 55 steps: 330 / 4152 loss: 3.3852148056030273
Train Epoch: 55 steps: 340 / 4152 loss: 3.4447842597961427
Train Epoch: 55 steps: 350 / 4152 loss: 3.415664052963257
Train Epoch: 55 steps: 360 / 4152 loss: 3.481758236885071
Train Epoch: 55 steps: 370 / 4152 loss: 3.4188188314437866
Train Epoch: 55 steps: 380 / 4152 loss: 3.5259269952774046
Train Epoch: 55 steps: 390 / 4152 loss: 3.4688395977020265
Train Epoch: 55 steps: 400 / 4152 loss: 3.490798807144165
Train Epoch: 55 steps: 410 / 4152 loss: 3.4818490505218507
Train Epoch: 55 steps: 420 / 4152 loss: 3.420100212097168
Train Epoch: 55 steps: 430 / 4152 loss: 3.495177960395813
Train Epoch: 55 steps: 440 / 4152 loss: 3.461192417144775
Train Epoch: 55 steps: 450 / 4152 loss: 3.407498574256897
Train Epoch: 55 steps: 460 / 4152 loss: 3.396399450302124
Train Epoch: 55 steps: 470 / 4152 loss: 3.5320068836212157
Train Epoch: 55 steps: 480 / 4152 loss: 3.484735441207886
Train Epoch: 55 steps: 490 / 4152 loss: 3.534004783630371
Train Epoch: 55 steps: 500 / 4152 loss: 3.4975646257400514
Train Epoch: 55 steps: 510 / 4152 loss: 3.4492481470108034
Train Epoch: 55 steps: 520 / 4152 loss: 3.4442077398300173
Train Epoch: 55 steps: 530 / 4152 loss: 3.369462561607361
Train Epoch: 55 steps: 540 / 4152 loss: 3.3934141874313353
Train Epoch: 55 steps: 550 / 4152 loss: 3.5301034688949584
Train Epoch: 55 steps: 560 / 4152 loss: 3.4070339679718016
Train Epoch: 55 steps: 570 / 4152 loss: 3.5203611850738525
Train Epoch: 55 steps: 580 / 4152 loss: 3.4948740005493164
Train Epoch: 55 steps: 590 / 4152 loss: 3.4305928230285643
Train Epoch: 55 steps: 600 / 4152 loss: 3.4635950326919556
Train Epoch: 55 steps: 610 / 4152 loss: 3.4031819820404055
Train Epoch: 55 steps: 620 / 4152 loss: 3.498577904701233
Train Epoch: 55 steps: 630 / 4152 loss: 3.437674331665039
Train Epoch: 55 steps: 640 / 4152 loss: 3.5026012420654298
Train Epoch: 55 steps: 650 / 4152 loss: 3.4062449455261232
Train Epoch: 55 steps: 660 / 4152 loss: 3.3581450939178468
Train Epoch: 55 steps: 670 / 4152 loss: 3.4934373617172243
Train Epoch: 55 steps: 680 / 4152 loss: 3.4464844942092894
Train Epoch: 55 steps: 690 / 4152 loss: 3.3734374046325684
Train Epoch: 55 steps: 700 / 4152 loss: 3.51166832447052
Train Epoch: 55 steps: 710 / 4152 loss: 3.3913993358612062
Train Epoch: 55 steps: 720 / 4152 loss: 3.437456822395325
Train Epoch: 55 steps: 730 / 4152 loss: 3.484022521972656
Train Epoch: 55 steps: 740 / 4152 loss: 3.5605122327804564
Train Epoch: 55 steps: 750 / 4152 loss: 3.459092402458191
Train Epoch: 55 steps: 760 / 4152 loss: 3.4469246864318848
Train Epoch: 55 steps: 770 / 4152 loss: 3.461059808731079
Train Epoch: 55 steps: 780 / 4152 loss: 3.4583584547042845
Train Epoch: 55 steps: 790 / 4152 loss: 3.3840659856796265
Train Epoch: 55 steps: 800 / 4152 loss: 3.4607804298400877
Train Epoch: 55 steps: 810 / 4152 loss: 3.514923858642578
Train Epoch: 55 steps: 820 / 4152 loss: 3.4427021980285644
Train Epoch: 55 steps: 830 / 4152 loss: 3.4114271640777587
Train Epoch: 55 steps: 840 / 4152 loss: 3.5049253940582275
Train Epoch: 55 steps: 850 / 4152 loss: 3.4228946208953857
Train Epoch: 55 steps: 860 / 4152 loss: 3.397428011894226
Train Epoch: 55 steps: 870 / 4152 loss: 3.4636616945266723
Train Epoch: 55 steps: 880 / 4152 loss: 3.440052032470703
Train Epoch: 55 steps: 890 / 4152 loss: 3.4531144857406617
Train Epoch: 55 steps: 900 / 4152 loss: 3.4734848737716675
Train Epoch: 55 steps: 910 / 4152 loss: 3.514905309677124
Train Epoch: 55 steps: 920 / 4152 loss: 3.4459395885467528
Train Epoch: 55 steps: 930 / 4152 loss: 3.4823473930358886
Train Epoch: 55 steps: 940 / 4152 loss: 3.4798559188842773
Train Epoch: 55 steps: 950 / 4152 loss: 3.504703640937805
Train Epoch: 55 steps: 960 / 4152 loss: 3.467468428611755
Train Epoch: 55 steps: 970 / 4152 loss: 3.4585060358047484
Train Epoch: 55 steps: 980 / 4152 loss: 3.4712635040283204
Train Epoch: 55 steps: 990 / 4152 loss: 3.478590750694275
Train Epoch: 55 steps: 1000 / 4152 loss: 3.510867404937744
Train Epoch: 55 steps: 1010 / 4152 loss: 3.4586408138275146
Train Epoch: 55 steps: 1020 / 4152 loss: 3.3995197772979737
Train Epoch: 55 steps: 1030 / 4152 loss: 3.475681185722351
Train Epoch: 55 steps: 1040 / 4152 loss: 3.377775692939758
----------------------------------------Epoch: 56----------------------------------------
----------------------------------------Epoch: 56----------------------------------------
----------------------------------------Epoch: 56----------------------------------------
----------------------------------------Epoch: 56----------------------------------------
Train Epoch: 56 steps: 0 / 4152 loss: 0.3417694091796875
Train Epoch: 56 steps: 10 / 4152 loss: 3.466596007347107
Train Epoch: 56 steps: 20 / 4152 loss: 3.4528891324996946
Train Epoch: 56 steps: 30 / 4152 loss: 3.463099145889282
Train Epoch: 56 steps: 40 / 4152 loss: 3.483565616607666
Train Epoch: 56 steps: 50 / 4152 loss: 3.393654727935791
Train Epoch: 56 steps: 60 / 4152 loss: 3.429268217086792
Train Epoch: 56 steps: 70 / 4152 loss: 3.4656745910644533
Train Epoch: 56 steps: 80 / 4152 loss: 3.5183627128601076
Train Epoch: 56 steps: 90 / 4152 loss: 3.4008182764053343
Train Epoch: 56 steps: 100 / 4152 loss: 3.4046334505081175
Train Epoch: 56 steps: 110 / 4152 loss: 3.4184314250946044
Train Epoch: 56 steps: 120 / 4152 loss: 3.4562145948410032
Train Epoch: 56 steps: 130 / 4152 loss: 3.3773659229278565
Train Epoch: 56 steps: 140 / 4152 loss: 3.4711968660354615
Train Epoch: 56 steps: 150 / 4152 loss: 3.4276148796081545
Train Epoch: 56 steps: 160 / 4152 loss: 3.412374806404114
Train Epoch: 56 steps: 170 / 4152 loss: 3.4577404260635376
Train Epoch: 56 steps: 180 / 4152 loss: 3.266608142852783
Train Epoch: 56 steps: 190 / 4152 loss: 3.4290464878082276
Train Epoch: 56 steps: 200 / 4152 loss: 3.513361191749573
Train Epoch: 56 steps: 210 / 4152 loss: 3.4715520620346068
Train Epoch: 56 steps: 220 / 4152 loss: 3.5125662326812743
Train Epoch: 56 steps: 230 / 4152 loss: 3.3337117433547974
Train Epoch: 56 steps: 240 / 4152 loss: 3.4665899753570555
Train Epoch: 56 steps: 250 / 4152 loss: 3.4869276523590087
Train Epoch: 56 steps: 260 / 4152 loss: 3.4388229131698607
Train Epoch: 56 steps: 270 / 4152 loss: 3.503540587425232
Train Epoch: 56 steps: 280 / 4152 loss: 3.456176733970642
Train Epoch: 56 steps: 290 / 4152 loss: 3.536948823928833
Train Epoch: 56 steps: 300 / 4152 loss: 3.4266963720321657
Train Epoch: 56 steps: 310 / 4152 loss: 3.3641303062438963
Train Epoch: 56 steps: 320 / 4152 loss: 3.4799356937408445
Train Epoch: 56 steps: 330 / 4152 loss: 3.435796546936035
Train Epoch: 56 steps: 340 / 4152 loss: 3.4368201971054075
Train Epoch: 56 steps: 350 / 4152 loss: 3.535641002655029
Train Epoch: 56 steps: 360 / 4152 loss: 3.5126795768737793
Train Epoch: 56 steps: 370 / 4152 loss: 3.476704168319702
Train Epoch: 56 steps: 380 / 4152 loss: 3.3800434827804566
Train Epoch: 56 steps: 390 / 4152 loss: 3.455954432487488
Train Epoch: 56 steps: 400 / 4152 loss: 3.4898923873901366
Train Epoch: 56 steps: 410 / 4152 loss: 3.4461578845977785
Train Epoch: 56 steps: 420 / 4152 loss: 3.426377010345459
Train Epoch: 56 steps: 430 / 4152 loss: 3.459228253364563
Train Epoch: 56 steps: 440 / 4152 loss: 3.492401671409607
Train Epoch: 56 steps: 450 / 4152 loss: 3.4516595363616944
Train Epoch: 56 steps: 460 / 4152 loss: 3.5135309219360353
Train Epoch: 56 steps: 470 / 4152 loss: 3.4889976501464846
Train Epoch: 56 steps: 480 / 4152 loss: 3.432556891441345
Train Epoch: 56 steps: 490 / 4152 loss: 3.400992512702942
Train Epoch: 56 steps: 500 / 4152 loss: 3.5399977207183837
Train Epoch: 56 steps: 510 / 4152 loss: 3.4977701902389526
Train Epoch: 56 steps: 520 / 4152 loss: 3.45071063041687
Train Epoch: 56 steps: 530 / 4152 loss: 3.3877217054367064
Train Epoch: 56 steps: 540 / 4152 loss: 3.4619878768920898
Train Epoch: 56 steps: 550 / 4152 loss: 3.4056057214736937
Train Epoch: 56 steps: 560 / 4152 loss: 3.3688496589660644
Train Epoch: 56 steps: 570 / 4152 loss: 3.5087921619415283
Train Epoch: 56 steps: 580 / 4152 loss: 3.503284788131714
Train Epoch: 56 steps: 590 / 4152 loss: 3.4562532186508177
Train Epoch: 56 steps: 600 / 4152 loss: 3.3543094635009765
Train Epoch: 56 steps: 610 / 4152 loss: 3.464427852630615
Train Epoch: 56 steps: 620 / 4152 loss: 3.4582681894302367
Train Epoch: 56 steps: 630 / 4152 loss: 3.4228164911270142
Train Epoch: 56 steps: 640 / 4152 loss: 3.4344600200653077
Train Epoch: 56 steps: 650 / 4152 loss: 3.434754157066345
Train Epoch: 56 steps: 660 / 4152 loss: 3.402091693878174
Train Epoch: 56 steps: 670 / 4152 loss: 3.5142452478408814
Train Epoch: 56 steps: 680 / 4152 loss: 3.4430485725402833
Train Epoch: 56 steps: 690 / 4152 loss: 3.5304938554763794
Train Epoch: 56 steps: 700 / 4152 loss: 3.3873465776443483
Train Epoch: 56 steps: 710 / 4152 loss: 3.369232249259949
Train Epoch: 56 steps: 720 / 4152 loss: 3.5317442655563354
Train Epoch: 56 steps: 730 / 4152 loss: 3.4862250804901125
Train Epoch: 56 steps: 740 / 4152 loss: 3.386785054206848
Train Epoch: 56 steps: 750 / 4152 loss: 3.418945050239563
Train Epoch: 56 steps: 760 / 4152 loss: 3.4714561462402345
Train Epoch: 56 steps: 770 / 4152 loss: 3.458862042427063
Train Epoch: 56 steps: 780 / 4152 loss: 3.4455869674682615
Train Epoch: 56 steps: 790 / 4152 loss: 3.417295813560486
Train Epoch: 56 steps: 800 / 4152 loss: 3.3941546201705934
Train Epoch: 56 steps: 810 / 4152 loss: 3.347283625602722
Train Epoch: 56 steps: 820 / 4152 loss: 3.5010086059570313
Train Epoch: 56 steps: 830 / 4152 loss: 3.427207684516907
Train Epoch: 56 steps: 840 / 4152 loss: 3.4351343631744387
Train Epoch: 56 steps: 850 / 4152 loss: 3.48879132270813
Train Epoch: 56 steps: 860 / 4152 loss: 3.465162825584412
Train Epoch: 56 steps: 870 / 4152 loss: 3.444905710220337
Train Epoch: 56 steps: 880 / 4152 loss: 3.462684988975525
Train Epoch: 56 steps: 890 / 4152 loss: 3.5382088661193847
Train Epoch: 56 steps: 900 / 4152 loss: 3.37631573677063
Train Epoch: 56 steps: 910 / 4152 loss: 3.4327875137329102
Train Epoch: 56 steps: 920 / 4152 loss: 3.505398225784302
Train Epoch: 56 steps: 930 / 4152 loss: 3.4516829013824464
Train Epoch: 56 steps: 940 / 4152 loss: 3.4433692932128905
Train Epoch: 56 steps: 950 / 4152 loss: 3.4963401317596436
Train Epoch: 56 steps: 960 / 4152 loss: 3.487261486053467
Train Epoch: 56 steps: 970 / 4152 loss: 3.506634569168091
Train Epoch: 56 steps: 980 / 4152 loss: 3.507055377960205
Train Epoch: 56 steps: 990 / 4152 loss: 3.486335563659668
Train Epoch: 56 steps: 1000 / 4152 loss: 3.434035038948059
Train Epoch: 56 steps: 1010 / 4152 loss: 3.3988400220870973
Train Epoch: 56 steps: 1020 / 4152 loss: 3.43421311378479
Train Epoch: 56 steps: 1030 / 4152 loss: 3.4773311614990234
Train Epoch: 56 steps: 1040 / 4152 loss: 3.3928888559341432
----------------------------------------Epoch: 57----------------------------------------
----------------------------------------Epoch: 57----------------------------------------
----------------------------------------Epoch: 57----------------------------------------
----------------------------------------Epoch: 57----------------------------------------
Train Epoch: 57 steps: 0 / 4152 loss: 0.34602038860321044
Train Epoch: 57 steps: 10 / 4152 loss: 3.4759013175964357
Train Epoch: 57 steps: 20 / 4152 loss: 3.444059634208679
Train Epoch: 57 steps: 30 / 4152 loss: 3.441598963737488
Train Epoch: 57 steps: 40 / 4152 loss: 3.428589415550232
Train Epoch: 57 steps: 50 / 4152 loss: 3.4710538148880006
Train Epoch: 57 steps: 60 / 4152 loss: 3.3971873998641966
Train Epoch: 57 steps: 70 / 4152 loss: 3.42701518535614
Train Epoch: 57 steps: 80 / 4152 loss: 3.3644856929779055
Train Epoch: 57 steps: 90 / 4152 loss: 3.4809938192367555
Train Epoch: 57 steps: 100 / 4152 loss: 3.496533155441284
Train Epoch: 57 steps: 110 / 4152 loss: 3.4245767831802367
Train Epoch: 57 steps: 120 / 4152 loss: 3.412286639213562
Train Epoch: 57 steps: 130 / 4152 loss: 3.5066073656082155
Train Epoch: 57 steps: 140 / 4152 loss: 3.45222430229187
Train Epoch: 57 steps: 150 / 4152 loss: 3.4328320026397705
Train Epoch: 57 steps: 160 / 4152 loss: 3.3797570705413817
Train Epoch: 57 steps: 170 / 4152 loss: 3.4895783185958864
Train Epoch: 57 steps: 180 / 4152 loss: 3.3664252042770384
Train Epoch: 57 steps: 190 / 4152 loss: 3.4366119861602784
Train Epoch: 57 steps: 200 / 4152 loss: 3.3998377323150635
Train Epoch: 57 steps: 210 / 4152 loss: 3.4454084396362306
Train Epoch: 57 steps: 220 / 4152 loss: 3.430772233009338
Train Epoch: 57 steps: 230 / 4152 loss: 3.423483371734619
Train Epoch: 57 steps: 240 / 4152 loss: 3.400737738609314
Train Epoch: 57 steps: 250 / 4152 loss: 3.4516393184661864
Train Epoch: 57 steps: 260 / 4152 loss: 3.452159023284912
Train Epoch: 57 steps: 270 / 4152 loss: 3.502309060096741
Train Epoch: 57 steps: 280 / 4152 loss: 3.459838700294495
Train Epoch: 57 steps: 290 / 4152 loss: 3.4938681602478026
Train Epoch: 57 steps: 300 / 4152 loss: 3.408512496948242
Train Epoch: 57 steps: 310 / 4152 loss: 3.3617154598236083
Train Epoch: 57 steps: 320 / 4152 loss: 3.460813307762146
Train Epoch: 57 steps: 330 / 4152 loss: 3.4314457416534423
Train Epoch: 57 steps: 340 / 4152 loss: 3.433693194389343
Train Epoch: 57 steps: 350 / 4152 loss: 3.3922306299209595
Train Epoch: 57 steps: 360 / 4152 loss: 3.4991369009017945
Train Epoch: 57 steps: 370 / 4152 loss: 3.495509696006775
Train Epoch: 57 steps: 380 / 4152 loss: 3.4560495376586915
Train Epoch: 57 steps: 390 / 4152 loss: 3.3997917413711547
Train Epoch: 57 steps: 400 / 4152 loss: 3.4341434717178343
Train Epoch: 57 steps: 410 / 4152 loss: 3.500975561141968
Train Epoch: 57 steps: 420 / 4152 loss: 3.5004135847091673
Train Epoch: 57 steps: 430 / 4152 loss: 3.4478307962417603
Train Epoch: 57 steps: 440 / 4152 loss: 3.501334881782532
Train Epoch: 57 steps: 450 / 4152 loss: 3.4997630596160887
Train Epoch: 57 steps: 460 / 4152 loss: 3.4505645036697388
Train Epoch: 57 steps: 470 / 4152 loss: 3.464282822608948
Train Epoch: 57 steps: 480 / 4152 loss: 3.434110474586487
Train Epoch: 57 steps: 490 / 4152 loss: 3.504454469680786
Train Epoch: 57 steps: 500 / 4152 loss: 3.5035813808441163
Train Epoch: 57 steps: 510 / 4152 loss: 3.398348665237427
Train Epoch: 57 steps: 520 / 4152 loss: 3.4869580268859863
Train Epoch: 57 steps: 530 / 4152 loss: 3.5159021615982056
Train Epoch: 57 steps: 540 / 4152 loss: 3.5222575187683107
Train Epoch: 57 steps: 550 / 4152 loss: 3.4443530082702636
Train Epoch: 57 steps: 560 / 4152 loss: 3.4290217638015745
Train Epoch: 57 steps: 570 / 4152 loss: 3.415326714515686
Train Epoch: 57 steps: 580 / 4152 loss: 3.4634913921356203
Train Epoch: 57 steps: 590 / 4152 loss: 3.397246265411377
Train Epoch: 57 steps: 600 / 4152 loss: 3.484789252281189
Train Epoch: 57 steps: 610 / 4152 loss: 3.464920163154602
Train Epoch: 57 steps: 620 / 4152 loss: 3.447022294998169
Train Epoch: 57 steps: 630 / 4152 loss: 3.4618252992630003
Train Epoch: 57 steps: 640 / 4152 loss: 3.477466177940369
Train Epoch: 57 steps: 650 / 4152 loss: 3.491178512573242
Train Epoch: 57 steps: 660 / 4152 loss: 3.46142737865448
Train Epoch: 57 steps: 670 / 4152 loss: 3.462901210784912
Train Epoch: 57 steps: 680 / 4152 loss: 3.4329185485839844
Train Epoch: 57 steps: 690 / 4152 loss: 3.4896313190460204
Train Epoch: 57 steps: 700 / 4152 loss: 3.4163437128067016
Train Epoch: 57 steps: 710 / 4152 loss: 3.399398994445801
Train Epoch: 57 steps: 720 / 4152 loss: 3.425671195983887
Train Epoch: 57 steps: 730 / 4152 loss: 3.4753214597702025
Train Epoch: 57 steps: 740 / 4152 loss: 3.422418308258057
Train Epoch: 57 steps: 750 / 4152 loss: 3.4145392417907714
Train Epoch: 57 steps: 760 / 4152 loss: 3.4290150880813597
Train Epoch: 57 steps: 770 / 4152 loss: 3.506755518913269
Train Epoch: 57 steps: 780 / 4152 loss: 3.486800456047058
Train Epoch: 57 steps: 790 / 4152 loss: 3.4556915283203127
Train Epoch: 57 steps: 800 / 4152 loss: 3.3887274503707885
Train Epoch: 57 steps: 810 / 4152 loss: 3.4721634864807127
Train Epoch: 57 steps: 820 / 4152 loss: 3.4141125202178957
Train Epoch: 57 steps: 830 / 4152 loss: 3.414925146102905
Train Epoch: 57 steps: 840 / 4152 loss: 3.5027274608612062
Train Epoch: 57 steps: 850 / 4152 loss: 3.423479127883911
Train Epoch: 57 steps: 860 / 4152 loss: 3.11069495677948
Train Epoch: 57 steps: 870 / 4152 loss: 3.4162232637405396
Train Epoch: 57 steps: 880 / 4152 loss: 3.498863768577576
Train Epoch: 57 steps: 890 / 4152 loss: 3.4137447118759154
Train Epoch: 57 steps: 900 / 4152 loss: 3.446919631958008
Train Epoch: 57 steps: 910 / 4152 loss: 3.436886215209961
Train Epoch: 57 steps: 920 / 4152 loss: 3.479581046104431
Train Epoch: 57 steps: 930 / 4152 loss: 3.5258884906768797
Train Epoch: 57 steps: 940 / 4152 loss: 3.4770495653152467
Train Epoch: 57 steps: 950 / 4152 loss: 3.451098895072937
Train Epoch: 57 steps: 960 / 4152 loss: 3.411267113685608
Train Epoch: 57 steps: 970 / 4152 loss: 3.477992296218872
Train Epoch: 57 steps: 980 / 4152 loss: 3.4858662128448485
Train Epoch: 57 steps: 990 / 4152 loss: 3.4464733600616455
Train Epoch: 57 steps: 1000 / 4152 loss: 3.461090111732483
Train Epoch: 57 steps: 1010 / 4152 loss: 3.458293390274048
Train Epoch: 57 steps: 1020 / 4152 loss: 3.409919595718384
Train Epoch: 57 steps: 1030 / 4152 loss: 3.4664052724838257
Train Epoch: 57 steps: 1040 / 4152 loss: 3.447092962265015
----------------------------------------Epoch: 58----------------------------------------
----------------------------------------Epoch: 58----------------------------------------
----------------------------------------Epoch: 58----------------------------------------
----------------------------------------Epoch: 58----------------------------------------
Train Epoch: 58 steps: 0 / 4152 loss: 0.3389521598815918
Train Epoch: 58 steps: 10 / 4152 loss: 3.4430512189865112
Train Epoch: 58 steps: 20 / 4152 loss: 3.456423044204712
Train Epoch: 58 steps: 30 / 4152 loss: 3.4201688051223753
Train Epoch: 58 steps: 40 / 4152 loss: 3.48362250328064
Train Epoch: 58 steps: 50 / 4152 loss: 3.442716360092163
Train Epoch: 58 steps: 60 / 4152 loss: 3.379469633102417
Train Epoch: 58 steps: 70 / 4152 loss: 3.46159029006958
Train Epoch: 58 steps: 80 / 4152 loss: 3.348166036605835
Train Epoch: 58 steps: 90 / 4152 loss: 3.481997346878052
Train Epoch: 58 steps: 100 / 4152 loss: 3.429879379272461
Train Epoch: 58 steps: 110 / 4152 loss: 3.4204715967178343
Train Epoch: 58 steps: 120 / 4152 loss: 3.383645844459534
Train Epoch: 58 steps: 130 / 4152 loss: 3.4906503438949583
Train Epoch: 58 steps: 140 / 4152 loss: 3.4215433835983275
Train Epoch: 58 steps: 150 / 4152 loss: 3.4133744716644285
Train Epoch: 58 steps: 160 / 4152 loss: 3.5161519765853884
Train Epoch: 58 steps: 170 / 4152 loss: 3.476966714859009
Train Epoch: 58 steps: 180 / 4152 loss: 3.4525124549865724
Train Epoch: 58 steps: 190 / 4152 loss: 3.470624303817749
Train Epoch: 58 steps: 200 / 4152 loss: 3.4678877115249636
Train Epoch: 58 steps: 210 / 4152 loss: 3.3865066528320313
Train Epoch: 58 steps: 220 / 4152 loss: 3.336556911468506
Train Epoch: 58 steps: 230 / 4152 loss: 3.4340031147003174
Train Epoch: 58 steps: 240 / 4152 loss: 3.4496179819107056
Train Epoch: 58 steps: 250 / 4152 loss: 3.454203248023987
Train Epoch: 58 steps: 260 / 4152 loss: 3.4488003492355346
Train Epoch: 58 steps: 270 / 4152 loss: 3.477645230293274
Train Epoch: 58 steps: 280 / 4152 loss: 3.455996108055115
Train Epoch: 58 steps: 290 / 4152 loss: 3.488115835189819
Train Epoch: 58 steps: 300 / 4152 loss: 3.478519654273987
Train Epoch: 58 steps: 310 / 4152 loss: 3.4061424255371096
Train Epoch: 58 steps: 320 / 4152 loss: 3.424685740470886
Train Epoch: 58 steps: 330 / 4152 loss: 3.4537561893463136
Train Epoch: 58 steps: 340 / 4152 loss: 3.4529826402664185
Train Epoch: 58 steps: 350 / 4152 loss: 3.431004357337952
Train Epoch: 58 steps: 360 / 4152 loss: 3.4521454572677612
Train Epoch: 58 steps: 370 / 4152 loss: 3.4242058038711547
Train Epoch: 58 steps: 380 / 4152 loss: 3.479869556427002
Train Epoch: 58 steps: 390 / 4152 loss: 3.377893090248108
Train Epoch: 58 steps: 400 / 4152 loss: 3.534309720993042
Train Epoch: 58 steps: 410 / 4152 loss: 3.2853987216949463
Train Epoch: 58 steps: 420 / 4152 loss: 3.4337168455123903
Train Epoch: 58 steps: 430 / 4152 loss: 3.513744044303894
Train Epoch: 58 steps: 440 / 4152 loss: 3.4359565496444704
Train Epoch: 58 steps: 450 / 4152 loss: 3.3853543758392335
Train Epoch: 58 steps: 460 / 4152 loss: 3.4162051677703857
Train Epoch: 58 steps: 470 / 4152 loss: 3.4073243856430055
Train Epoch: 58 steps: 480 / 4152 loss: 3.543065667152405
Train Epoch: 58 steps: 490 / 4152 loss: 3.5165412187576295
Train Epoch: 58 steps: 500 / 4152 loss: 3.4748576164245604
Train Epoch: 58 steps: 510 / 4152 loss: 3.4588483333587647
Train Epoch: 58 steps: 520 / 4152 loss: 3.4409629344940185
Train Epoch: 58 steps: 530 / 4152 loss: 3.530597114562988
Train Epoch: 58 steps: 540 / 4152 loss: 3.4070083141326903
Train Epoch: 58 steps: 550 / 4152 loss: 3.369153642654419
Train Epoch: 58 steps: 560 / 4152 loss: 3.3117687463760377
Train Epoch: 58 steps: 570 / 4152 loss: 3.4369484901428224
Train Epoch: 58 steps: 580 / 4152 loss: 3.471172070503235
Train Epoch: 58 steps: 590 / 4152 loss: 3.433090567588806
Train Epoch: 58 steps: 600 / 4152 loss: 3.4899949550628664
Train Epoch: 58 steps: 610 / 4152 loss: 3.433260369300842
Train Epoch: 58 steps: 620 / 4152 loss: 3.4173078536987305
Train Epoch: 58 steps: 630 / 4152 loss: 3.4881134271621703
Train Epoch: 58 steps: 640 / 4152 loss: 3.4513963937759398
Train Epoch: 58 steps: 650 / 4152 loss: 3.434895086288452
Train Epoch: 58 steps: 660 / 4152 loss: 3.4113319158554076
Train Epoch: 58 steps: 670 / 4152 loss: 3.5146528244018556
Train Epoch: 58 steps: 680 / 4152 loss: 3.3639225482940676
Train Epoch: 58 steps: 690 / 4152 loss: 3.494127655029297
Train Epoch: 58 steps: 700 / 4152 loss: 3.5116711854934692
Train Epoch: 58 steps: 710 / 4152 loss: 3.393779230117798
Train Epoch: 58 steps: 720 / 4152 loss: 3.4644690275192263
Train Epoch: 58 steps: 730 / 4152 loss: 3.4663665294647217
Train Epoch: 58 steps: 740 / 4152 loss: 3.3655198574066163
Train Epoch: 58 steps: 750 / 4152 loss: 3.434441614151001
Train Epoch: 58 steps: 760 / 4152 loss: 3.496237301826477
Train Epoch: 58 steps: 770 / 4152 loss: 3.411202239990234
Train Epoch: 58 steps: 780 / 4152 loss: 3.5101412773132323
Train Epoch: 58 steps: 790 / 4152 loss: 3.4575546026229858
Train Epoch: 58 steps: 800 / 4152 loss: 3.432337021827698
Train Epoch: 58 steps: 810 / 4152 loss: 3.491173195838928
Train Epoch: 58 steps: 820 / 4152 loss: 3.4937275886535644
Train Epoch: 58 steps: 830 / 4152 loss: 3.4021164655685423
Train Epoch: 58 steps: 840 / 4152 loss: 3.42003014087677
Train Epoch: 58 steps: 850 / 4152 loss: 3.462395524978638
Train Epoch: 58 steps: 860 / 4152 loss: 3.3941191911697386
Train Epoch: 58 steps: 870 / 4152 loss: 3.446438431739807
Train Epoch: 58 steps: 880 / 4152 loss: 3.4705114364624023
Train Epoch: 58 steps: 890 / 4152 loss: 3.5410102367401124
Train Epoch: 58 steps: 900 / 4152 loss: 3.4377203702926638
Train Epoch: 58 steps: 910 / 4152 loss: 3.486450028419495
Train Epoch: 58 steps: 920 / 4152 loss: 3.3540018796920776
Train Epoch: 58 steps: 930 / 4152 loss: 3.446933078765869
Train Epoch: 58 steps: 940 / 4152 loss: 3.441266417503357
Train Epoch: 58 steps: 950 / 4152 loss: 3.4867554903030396
Train Epoch: 58 steps: 960 / 4152 loss: 3.5060861825942995
Train Epoch: 58 steps: 970 / 4152 loss: 3.485053014755249
Train Epoch: 58 steps: 980 / 4152 loss: 3.4531687021255495
Train Epoch: 58 steps: 990 / 4152 loss: 3.466917943954468
Train Epoch: 58 steps: 1000 / 4152 loss: 3.403647470474243
Train Epoch: 58 steps: 1010 / 4152 loss: 3.444979190826416
Train Epoch: 58 steps: 1020 / 4152 loss: 3.4737555265426634
Train Epoch: 58 steps: 1030 / 4152 loss: 3.4600559949874876
Train Epoch: 58 steps: 1040 / 4152 loss: 3.4200761795043944
----------------------------------------Epoch: 59----------------------------------------
----------------------------------------Epoch: 59----------------------------------------
----------------------------------------Epoch: 59----------------------------------------
----------------------------------------Epoch: 59----------------------------------------
Train Epoch: 59 steps: 0 / 4152 loss: 0.34506103992462156
Train Epoch: 59 steps: 10 / 4152 loss: 3.5106118440628054
Train Epoch: 59 steps: 20 / 4152 loss: 3.542840814590454
Train Epoch: 59 steps: 30 / 4152 loss: 3.4920735597610473
Train Epoch: 59 steps: 40 / 4152 loss: 3.506479525566101
Train Epoch: 59 steps: 50 / 4152 loss: 3.4921154260635374
Train Epoch: 59 steps: 60 / 4152 loss: 3.5117626905441286
Train Epoch: 59 steps: 70 / 4152 loss: 3.431536555290222
Train Epoch: 59 steps: 80 / 4152 loss: 3.48652241230011
Train Epoch: 59 steps: 90 / 4152 loss: 3.5135414361953736
Train Epoch: 59 steps: 100 / 4152 loss: 3.4371517181396483
Train Epoch: 59 steps: 110 / 4152 loss: 3.463195300102234
Train Epoch: 59 steps: 120 / 4152 loss: 3.4468676328659056
Train Epoch: 59 steps: 130 / 4152 loss: 3.5311904430389403
Train Epoch: 59 steps: 140 / 4152 loss: 3.414797306060791
Train Epoch: 59 steps: 150 / 4152 loss: 3.4668512105941773
Train Epoch: 59 steps: 160 / 4152 loss: 3.4341283798217774
Train Epoch: 59 steps: 170 / 4152 loss: 3.3912463188171387
Train Epoch: 59 steps: 180 / 4152 loss: 3.525258421897888
Train Epoch: 59 steps: 190 / 4152 loss: 3.391461730003357
Train Epoch: 59 steps: 200 / 4152 loss: 3.4298858642578125
Train Epoch: 59 steps: 210 / 4152 loss: 3.4284025907516478
Train Epoch: 59 steps: 220 / 4152 loss: 3.4907107591629027
Train Epoch: 59 steps: 230 / 4152 loss: 3.5034899711608887
Train Epoch: 59 steps: 240 / 4152 loss: 3.45482542514801
Train Epoch: 59 steps: 250 / 4152 loss: 3.4480792045593263
Train Epoch: 59 steps: 260 / 4152 loss: 3.465727949142456
Train Epoch: 59 steps: 270 / 4152 loss: 3.441389536857605
Train Epoch: 59 steps: 280 / 4152 loss: 3.306725597381592
Train Epoch: 59 steps: 290 / 4152 loss: 3.4673616170883177
Train Epoch: 59 steps: 300 / 4152 loss: 3.4445105314254763
Train Epoch: 59 steps: 310 / 4152 loss: 3.4813579082489015
Train Epoch: 59 steps: 320 / 4152 loss: 3.4267918825149537
Train Epoch: 59 steps: 330 / 4152 loss: 3.525011444091797
Train Epoch: 59 steps: 340 / 4152 loss: 3.4014528036117553
Train Epoch: 59 steps: 350 / 4152 loss: 3.39450888633728
Train Epoch: 59 steps: 360 / 4152 loss: 3.5046802520751954
Train Epoch: 59 steps: 370 / 4152 loss: 3.4694730043411255
Train Epoch: 59 steps: 380 / 4152 loss: 3.4126835584640505
Train Epoch: 59 steps: 390 / 4152 loss: 3.538165020942688
Train Epoch: 59 steps: 400 / 4152 loss: 3.434775710105896
Train Epoch: 59 steps: 410 / 4152 loss: 3.3957391738891602
Train Epoch: 59 steps: 420 / 4152 loss: 3.4479355335235597
Train Epoch: 59 steps: 430 / 4152 loss: 3.463873338699341
Train Epoch: 59 steps: 440 / 4152 loss: 3.536614727973938
Train Epoch: 59 steps: 450 / 4152 loss: 3.4802665233612062
Train Epoch: 59 steps: 460 / 4152 loss: 3.4725611925125124
Train Epoch: 59 steps: 470 / 4152 loss: 3.4458121776580812
Train Epoch: 59 steps: 480 / 4152 loss: 3.4074792861938477
Train Epoch: 59 steps: 490 / 4152 loss: 3.4353521347045897
Train Epoch: 59 steps: 500 / 4152 loss: 3.3669875144958494
Train Epoch: 59 steps: 510 / 4152 loss: 3.3852458238601684
Train Epoch: 59 steps: 520 / 4152 loss: 3.369407868385315
Train Epoch: 59 steps: 530 / 4152 loss: 3.404933953285217
Train Epoch: 59 steps: 540 / 4152 loss: 3.537760782241821
Train Epoch: 59 steps: 550 / 4152 loss: 3.449704480171204
Train Epoch: 59 steps: 560 / 4152 loss: 3.3872886180877684
Train Epoch: 59 steps: 570 / 4152 loss: 3.4429388999938966
Train Epoch: 59 steps: 580 / 4152 loss: 3.4288739204406737
Train Epoch: 59 steps: 590 / 4152 loss: 3.3968663930892946
Train Epoch: 59 steps: 600 / 4152 loss: 3.5241464376449585
Train Epoch: 59 steps: 610 / 4152 loss: 3.4044886350631716
Train Epoch: 59 steps: 620 / 4152 loss: 3.431913900375366
Train Epoch: 59 steps: 630 / 4152 loss: 3.363859224319458
Train Epoch: 59 steps: 640 / 4152 loss: 3.4289331436157227
Train Epoch: 59 steps: 650 / 4152 loss: 3.4394174575805665
Train Epoch: 59 steps: 660 / 4152 loss: 3.4812237501144407
Train Epoch: 59 steps: 670 / 4152 loss: 3.355308699607849
Train Epoch: 59 steps: 680 / 4152 loss: 3.4575961351394655
Train Epoch: 59 steps: 690 / 4152 loss: 3.4061939239501955
Train Epoch: 59 steps: 700 / 4152 loss: 3.4637513637542723
Train Epoch: 59 steps: 710 / 4152 loss: 3.4350287199020384
Train Epoch: 59 steps: 720 / 4152 loss: 3.494511079788208
Train Epoch: 59 steps: 730 / 4152 loss: 3.4500959396362303
Train Epoch: 59 steps: 740 / 4152 loss: 3.399425721168518
Train Epoch: 59 steps: 750 / 4152 loss: 3.2633071422576903
Train Epoch: 59 steps: 760 / 4152 loss: 3.425925612449646
Train Epoch: 59 steps: 770 / 4152 loss: 3.4223607778549194
Train Epoch: 59 steps: 780 / 4152 loss: 3.4980274200439454
Train Epoch: 59 steps: 790 / 4152 loss: 3.372256565093994
Train Epoch: 59 steps: 800 / 4152 loss: 3.3778955221176146
Train Epoch: 59 steps: 810 / 4152 loss: 3.3988016128540037
Train Epoch: 59 steps: 820 / 4152 loss: 3.481978726387024
Train Epoch: 59 steps: 830 / 4152 loss: 3.4654714822769166
Train Epoch: 59 steps: 840 / 4152 loss: 3.439545154571533
Train Epoch: 59 steps: 850 / 4152 loss: 3.460716128349304
Train Epoch: 59 steps: 860 / 4152 loss: 3.3113531351089476
Train Epoch: 59 steps: 870 / 4152 loss: 3.4232033014297487
Train Epoch: 59 steps: 880 / 4152 loss: 3.510941219329834
Train Epoch: 59 steps: 890 / 4152 loss: 3.5003276109695434
Train Epoch: 59 steps: 900 / 4152 loss: 3.445032238960266
Train Epoch: 59 steps: 910 / 4152 loss: 3.504709553718567
Train Epoch: 59 steps: 920 / 4152 loss: 3.4977179288864138
Train Epoch: 59 steps: 930 / 4152 loss: 3.4250438451766967
Train Epoch: 59 steps: 940 / 4152 loss: 3.463870310783386
Train Epoch: 59 steps: 950 / 4152 loss: 3.5264066457748413
Train Epoch: 59 steps: 960 / 4152 loss: 3.4358065128326416
Train Epoch: 59 steps: 970 / 4152 loss: 3.3969788551330566
Train Epoch: 59 steps: 980 / 4152 loss: 3.4965210437774656
Train Epoch: 59 steps: 990 / 4152 loss: 3.473883843421936
Train Epoch: 59 steps: 1000 / 4152 loss: 3.53854022026062
Train Epoch: 59 steps: 1010 / 4152 loss: 3.4164411544799806
Train Epoch: 59 steps: 1020 / 4152 loss: 3.4006890296936034
Train Epoch: 59 steps: 1030 / 4152 loss: 3.3621639251708983
Train Epoch: 59 steps: 1040 / 4152 loss: 3.5497822523117066
----------------------------------------Epoch: 60----------------------------------------
----------------------------------------Epoch: 60----------------------------------------
----------------------------------------Epoch: 60----------------------------------------
----------------------------------------Epoch: 60----------------------------------------
Train Epoch: 60 steps: 0 / 4152 loss: 0.3369903087615967
Train Epoch: 60 steps: 10 / 4152 loss: 3.396527910232544
Train Epoch: 60 steps: 20 / 4152 loss: 3.4945281028747557
Train Epoch: 60 steps: 30 / 4152 loss: 3.425705575942993
Train Epoch: 60 steps: 40 / 4152 loss: 3.405020594596863
Train Epoch: 60 steps: 50 / 4152 loss: 3.490941596031189
Train Epoch: 60 steps: 60 / 4152 loss: 3.438506269454956
Train Epoch: 60 steps: 70 / 4152 loss: 3.472507667541504
Train Epoch: 60 steps: 80 / 4152 loss: 3.4441956520080566
Train Epoch: 60 steps: 90 / 4152 loss: 3.412769651412964
Train Epoch: 60 steps: 100 / 4152 loss: 3.3443562030792235
Train Epoch: 60 steps: 110 / 4152 loss: 3.334404969215393
Train Epoch: 60 steps: 120 / 4152 loss: 3.4433130741119387
Train Epoch: 60 steps: 130 / 4152 loss: 3.4318838357925414
Train Epoch: 60 steps: 140 / 4152 loss: 3.5075156927108764
Train Epoch: 60 steps: 150 / 4152 loss: 3.4462409257888793
Train Epoch: 60 steps: 160 / 4152 loss: 3.4713257789611816
Train Epoch: 60 steps: 170 / 4152 loss: 3.4617029428482056
Train Epoch: 60 steps: 180 / 4152 loss: 3.415735363960266
Train Epoch: 60 steps: 190 / 4152 loss: 3.4591882705688475
Train Epoch: 60 steps: 200 / 4152 loss: 3.501310920715332
Train Epoch: 60 steps: 210 / 4152 loss: 3.4608519792556764
Train Epoch: 60 steps: 220 / 4152 loss: 3.3955320358276366
Train Epoch: 60 steps: 230 / 4152 loss: 3.408536171913147
Train Epoch: 60 steps: 240 / 4152 loss: 3.4715590476989746
Train Epoch: 60 steps: 250 / 4152 loss: 3.4686739683151244
Train Epoch: 60 steps: 260 / 4152 loss: 3.4387815952301026
Train Epoch: 60 steps: 270 / 4152 loss: 3.4692451477050783
Train Epoch: 60 steps: 280 / 4152 loss: 3.4795963764190674
Train Epoch: 60 steps: 290 / 4152 loss: 3.4163572788238525
Train Epoch: 60 steps: 300 / 4152 loss: 3.2926227331161497
Train Epoch: 60 steps: 310 / 4152 loss: 3.384867286682129
Train Epoch: 60 steps: 320 / 4152 loss: 3.484876346588135
Train Epoch: 60 steps: 330 / 4152 loss: 3.5103335618972777
Train Epoch: 60 steps: 340 / 4152 loss: 3.4258933305740356
Train Epoch: 60 steps: 350 / 4152 loss: 3.336187481880188
Train Epoch: 60 steps: 360 / 4152 loss: 3.4717490434646607
Train Epoch: 60 steps: 370 / 4152 loss: 3.459257483482361
Train Epoch: 60 steps: 380 / 4152 loss: 3.4885241985321045
Train Epoch: 60 steps: 390 / 4152 loss: 3.4474237680435182
Train Epoch: 60 steps: 400 / 4152 loss: 3.479787492752075
Train Epoch: 60 steps: 410 / 4152 loss: 3.461351680755615
Train Epoch: 60 steps: 420 / 4152 loss: 3.470273733139038
Train Epoch: 60 steps: 430 / 4152 loss: 3.4113970041275024
Train Epoch: 60 steps: 440 / 4152 loss: 3.4538649797439573
Train Epoch: 60 steps: 450 / 4152 loss: 3.4818856477737428
Train Epoch: 60 steps: 460 / 4152 loss: 3.466441106796265
Train Epoch: 60 steps: 470 / 4152 loss: 3.4678372383117675
Train Epoch: 60 steps: 480 / 4152 loss: 3.4264243602752686
Train Epoch: 60 steps: 490 / 4152 loss: 3.4034428358078004
Train Epoch: 60 steps: 500 / 4152 loss: 3.426694631576538
Train Epoch: 60 steps: 510 / 4152 loss: 3.4375683307647704
Train Epoch: 60 steps: 520 / 4152 loss: 3.407876753807068
Train Epoch: 60 steps: 530 / 4152 loss: 3.3922411680221556
Train Epoch: 60 steps: 540 / 4152 loss: 3.4230985403060914
Train Epoch: 60 steps: 550 / 4152 loss: 3.4194319009780885
Train Epoch: 60 steps: 560 / 4152 loss: 3.460421013832092
Train Epoch: 60 steps: 570 / 4152 loss: 3.399102783203125
Train Epoch: 60 steps: 580 / 4152 loss: 3.501677656173706
Train Epoch: 60 steps: 590 / 4152 loss: 3.40704505443573
Train Epoch: 60 steps: 600 / 4152 loss: 3.493997001647949
Train Epoch: 60 steps: 610 / 4152 loss: 3.4973107099533083
Train Epoch: 60 steps: 620 / 4152 loss: 3.381424808502197
Train Epoch: 60 steps: 630 / 4152 loss: 3.484961247444153
Train Epoch: 60 steps: 640 / 4152 loss: 3.3932599067687987
Train Epoch: 60 steps: 650 / 4152 loss: 3.524422216415405
Train Epoch: 60 steps: 660 / 4152 loss: 3.409140610694885
Train Epoch: 60 steps: 670 / 4152 loss: 3.4332041263580324
Train Epoch: 60 steps: 680 / 4152 loss: 3.4662160873413086
Train Epoch: 60 steps: 690 / 4152 loss: 3.4223599195480348
Train Epoch: 60 steps: 700 / 4152 loss: 3.4617900133132933
Train Epoch: 60 steps: 710 / 4152 loss: 3.4374529123306274
Train Epoch: 60 steps: 720 / 4152 loss: 3.529046726226807
Train Epoch: 60 steps: 730 / 4152 loss: 3.453333115577698
Train Epoch: 60 steps: 740 / 4152 loss: 3.4588122606277465
Train Epoch: 60 steps: 750 / 4152 loss: 3.349488306045532
Train Epoch: 60 steps: 760 / 4152 loss: 3.4337636709213255
Train Epoch: 60 steps: 770 / 4152 loss: 3.4879098176956176
Train Epoch: 60 steps: 780 / 4152 loss: 3.4644434452056885
Train Epoch: 60 steps: 790 / 4152 loss: 3.433357286453247
Train Epoch: 60 steps: 800 / 4152 loss: 3.5283021450042726
Train Epoch: 60 steps: 810 / 4152 loss: 3.4943979501724245
Train Epoch: 60 steps: 820 / 4152 loss: 3.3995253801345826
Train Epoch: 60 steps: 830 / 4152 loss: 3.5171852111816406
Train Epoch: 60 steps: 840 / 4152 loss: 3.3351959943771363
Train Epoch: 60 steps: 850 / 4152 loss: 3.467908334732056
Train Epoch: 60 steps: 860 / 4152 loss: 3.526459240913391
Train Epoch: 60 steps: 870 / 4152 loss: 3.4906885623931885
Train Epoch: 60 steps: 880 / 4152 loss: 3.5081549167633055
Train Epoch: 60 steps: 890 / 4152 loss: 3.430541491508484
Train Epoch: 60 steps: 900 / 4152 loss: 3.3325520515441895
Train Epoch: 60 steps: 910 / 4152 loss: 3.47630889415741
Train Epoch: 60 steps: 920 / 4152 loss: 3.4258617877960207
Train Epoch: 60 steps: 930 / 4152 loss: 3.4784899711608888
Train Epoch: 60 steps: 940 / 4152 loss: 3.507418155670166
Train Epoch: 60 steps: 950 / 4152 loss: 3.4470434904098513
Train Epoch: 60 steps: 960 / 4152 loss: 3.4706703424453735
Train Epoch: 60 steps: 970 / 4152 loss: 3.527819871902466
Train Epoch: 60 steps: 980 / 4152 loss: 3.4400823593139647
Train Epoch: 60 steps: 990 / 4152 loss: 3.585157775878906
Train Epoch: 60 steps: 1000 / 4152 loss: 3.3618384838104247
Train Epoch: 60 steps: 1010 / 4152 loss: 3.389662837982178
Train Epoch: 60 steps: 1020 / 4152 loss: 3.4753907918930054
Train Epoch: 60 steps: 1030 / 4152 loss: 3.4100575923919676
Train Epoch: 60 steps: 1040 / 4152 loss: 3.4951831102371216
----------------------------------------Epoch: 61----------------------------------------
----------------------------------------Epoch: 61----------------------------------------
----------------------------------------Epoch: 61----------------------------------------
----------------------------------------Epoch: 61----------------------------------------
Train Epoch: 61 steps: 0 / 4152 loss: 0.35032925605773924
Train Epoch: 61 steps: 10 / 4152 loss: 3.4643871545791627
Train Epoch: 61 steps: 20 / 4152 loss: 3.398895335197449
Train Epoch: 61 steps: 30 / 4152 loss: 3.451917290687561
Train Epoch: 61 steps: 40 / 4152 loss: 3.3822808504104613
Train Epoch: 61 steps: 50 / 4152 loss: 3.478690004348755
Train Epoch: 61 steps: 60 / 4152 loss: 3.4694724321365356
Train Epoch: 61 steps: 70 / 4152 loss: 3.410022258758545
Train Epoch: 61 steps: 80 / 4152 loss: 3.419282913208008
Train Epoch: 61 steps: 90 / 4152 loss: 3.4766496896743773
Train Epoch: 61 steps: 100 / 4152 loss: 3.442521166801453
Train Epoch: 61 steps: 110 / 4152 loss: 3.4848849296569826
Train Epoch: 61 steps: 120 / 4152 loss: 3.5282276391983034
Train Epoch: 61 steps: 130 / 4152 loss: 3.3468051671981813
Train Epoch: 61 steps: 140 / 4152 loss: 3.468264603614807
Train Epoch: 61 steps: 150 / 4152 loss: 3.473586916923523
Train Epoch: 61 steps: 160 / 4152 loss: 3.374266529083252
Train Epoch: 61 steps: 170 / 4152 loss: 3.4627623081207277
Train Epoch: 61 steps: 180 / 4152 loss: 3.4106196403503417
Train Epoch: 61 steps: 190 / 4152 loss: 3.3903417348861695
Train Epoch: 61 steps: 200 / 4152 loss: 3.4722713947296144
Train Epoch: 61 steps: 210 / 4152 loss: 3.4148879766464235
Train Epoch: 61 steps: 220 / 4152 loss: 3.4034924030303957
Train Epoch: 61 steps: 230 / 4152 loss: 3.487594795227051
Train Epoch: 61 steps: 240 / 4152 loss: 3.475456118583679
Train Epoch: 61 steps: 250 / 4152 loss: 3.369956064224243
Train Epoch: 61 steps: 260 / 4152 loss: 3.432864212989807
Train Epoch: 61 steps: 270 / 4152 loss: 3.4148025274276734
Train Epoch: 61 steps: 280 / 4152 loss: 3.400032138824463
Train Epoch: 61 steps: 290 / 4152 loss: 3.4100856304168703
Train Epoch: 61 steps: 300 / 4152 loss: 3.4513543367385866
Train Epoch: 61 steps: 310 / 4152 loss: 3.469386577606201
Train Epoch: 61 steps: 320 / 4152 loss: 3.4175427675247194
Train Epoch: 61 steps: 330 / 4152 loss: 3.4405294179916384
Train Epoch: 61 steps: 340 / 4152 loss: 3.4694923400878905
Train Epoch: 61 steps: 350 / 4152 loss: 3.461747169494629
Train Epoch: 61 steps: 360 / 4152 loss: 3.453612232208252
Train Epoch: 61 steps: 370 / 4152 loss: 3.4937086582183836
Train Epoch: 61 steps: 380 / 4152 loss: 3.4845046758651734
Train Epoch: 61 steps: 390 / 4152 loss: 3.394509434700012
Train Epoch: 61 steps: 400 / 4152 loss: 3.369912552833557
Train Epoch: 61 steps: 410 / 4152 loss: 3.3851253986358643
Train Epoch: 61 steps: 420 / 4152 loss: 3.3614392280578613
Train Epoch: 61 steps: 430 / 4152 loss: 3.3513233423233033
Train Epoch: 61 steps: 440 / 4152 loss: 3.483147644996643
Train Epoch: 61 steps: 450 / 4152 loss: 3.4765399217605593
Train Epoch: 61 steps: 460 / 4152 loss: 3.4295350313186646
Train Epoch: 61 steps: 470 / 4152 loss: 3.519137644767761
Train Epoch: 61 steps: 480 / 4152 loss: 3.4727198123931884
Train Epoch: 61 steps: 490 / 4152 loss: 3.4513054847717286
Train Epoch: 61 steps: 500 / 4152 loss: 3.3998639822006225
Train Epoch: 61 steps: 510 / 4152 loss: 3.465661120414734
Train Epoch: 61 steps: 520 / 4152 loss: 3.47291476726532
Train Epoch: 61 steps: 530 / 4152 loss: 3.4546270608901977
Train Epoch: 61 steps: 540 / 4152 loss: 3.435437035560608
Train Epoch: 61 steps: 550 / 4152 loss: 3.383804368972778
Train Epoch: 61 steps: 560 / 4152 loss: 3.368675708770752
Train Epoch: 61 steps: 570 / 4152 loss: 3.4250394821166994
Train Epoch: 61 steps: 580 / 4152 loss: 3.3779566287994385
Train Epoch: 61 steps: 600 / 4152 loss: 6.502700543403625
Train Epoch: 61 steps: 610 / 4152 loss: 3.372891402244568
Train Epoch: 61 steps: 620 / 4152 loss: 3.4247260332107543
Train Epoch: 61 steps: 630 / 4152 loss: 3.516071391105652
Train Epoch: 61 steps: 640 / 4152 loss: 3.399406313896179
Train Epoch: 61 steps: 650 / 4152 loss: 3.4726149320602415
Train Epoch: 61 steps: 660 / 4152 loss: 3.392430281639099
Train Epoch: 61 steps: 670 / 4152 loss: 3.4697116136550905
Train Epoch: 61 steps: 680 / 4152 loss: 3.4008458852767944
Train Epoch: 61 steps: 690 / 4152 loss: 3.4821219205856324
Train Epoch: 61 steps: 700 / 4152 loss: 3.5057595014572143
Train Epoch: 61 steps: 710 / 4152 loss: 3.4550212144851686
Train Epoch: 61 steps: 720 / 4152 loss: 3.4383023023605346
Train Epoch: 61 steps: 730 / 4152 loss: 3.5120211362838747
Train Epoch: 61 steps: 740 / 4152 loss: 3.4381603956222535
Train Epoch: 61 steps: 750 / 4152 loss: 3.3757606029510496
Train Epoch: 61 steps: 760 / 4152 loss: 3.495055842399597
Train Epoch: 61 steps: 770 / 4152 loss: 3.5470589637756347
Train Epoch: 61 steps: 780 / 4152 loss: 3.4990976572036745
Train Epoch: 61 steps: 790 / 4152 loss: 3.524506163597107
Train Epoch: 61 steps: 800 / 4152 loss: 3.402340602874756
Train Epoch: 61 steps: 810 / 4152 loss: 3.4714077949523925
Train Epoch: 61 steps: 820 / 4152 loss: 3.540073537826538
Train Epoch: 61 steps: 830 / 4152 loss: 3.3501800775527952
Train Epoch: 61 steps: 840 / 4152 loss: 3.4950729608535767
Train Epoch: 61 steps: 850 / 4152 loss: 3.438424563407898
Train Epoch: 61 steps: 860 / 4152 loss: 3.399996542930603
Train Epoch: 61 steps: 870 / 4152 loss: 3.4871146202087404
Train Epoch: 61 steps: 880 / 4152 loss: 3.437832498550415
Train Epoch: 61 steps: 890 / 4152 loss: 3.446220064163208
Train Epoch: 61 steps: 900 / 4152 loss: 3.4561146974563597
Train Epoch: 61 steps: 910 / 4152 loss: 3.5293039798736574
Train Epoch: 61 steps: 920 / 4152 loss: 3.4582173824310303
Train Epoch: 61 steps: 930 / 4152 loss: 3.468038725852966
Train Epoch: 61 steps: 940 / 4152 loss: 3.4278977870941163
Train Epoch: 61 steps: 950 / 4152 loss: 3.446577858924866
Train Epoch: 61 steps: 960 / 4152 loss: 3.3903220891952515
Train Epoch: 61 steps: 970 / 4152 loss: 3.433099055290222
Train Epoch: 61 steps: 980 / 4152 loss: 3.4801305770874023
Train Epoch: 61 steps: 990 / 4152 loss: 3.4557419061660766
Train Epoch: 61 steps: 1000 / 4152 loss: 3.431296730041504
Train Epoch: 61 steps: 1010 / 4152 loss: 3.4595149517059327
Train Epoch: 61 steps: 1020 / 4152 loss: 3.388461446762085
Train Epoch: 61 steps: 1030 / 4152 loss: 3.374955654144287
Train Epoch: 61 steps: 1040 / 4152 loss: 3.453101968765259
----------------------------------------Epoch: 62----------------------------------------
----------------------------------------Epoch: 62----------------------------------------
----------------------------------------Epoch: 62----------------------------------------
----------------------------------------Epoch: 62----------------------------------------
Train Epoch: 62 steps: 0 / 4152 loss: 0.3584498167037964
Train Epoch: 62 steps: 10 / 4152 loss: 3.5131736516952516
Train Epoch: 62 steps: 20 / 4152 loss: 3.4838642358779905
Train Epoch: 62 steps: 30 / 4152 loss: 3.4515183687210085
Train Epoch: 62 steps: 40 / 4152 loss: 3.4642009019851683
Train Epoch: 62 steps: 50 / 4152 loss: 3.5040982961654663
Train Epoch: 62 steps: 60 / 4152 loss: 3.480145525932312
Train Epoch: 62 steps: 70 / 4152 loss: 3.488953948020935
Train Epoch: 62 steps: 80 / 4152 loss: 3.4493747472763063
Train Epoch: 62 steps: 90 / 4152 loss: 3.4072092056274412
Train Epoch: 62 steps: 100 / 4152 loss: 3.393093299865723
Train Epoch: 62 steps: 110 / 4152 loss: 3.4498546361923217
Train Epoch: 62 steps: 120 / 4152 loss: 3.47600679397583
Train Epoch: 62 steps: 130 / 4152 loss: 3.495202112197876
Train Epoch: 62 steps: 140 / 4152 loss: 3.4771004915237427
Train Epoch: 62 steps: 150 / 4152 loss: 3.4620048999786377
Train Epoch: 62 steps: 160 / 4152 loss: 3.470381665229797
Train Epoch: 62 steps: 170 / 4152 loss: 3.4369731903076173
Train Epoch: 62 steps: 180 / 4152 loss: 3.440132904052734
Train Epoch: 62 steps: 190 / 4152 loss: 3.443121099472046
Train Epoch: 62 steps: 200 / 4152 loss: 3.3964614868164062
Train Epoch: 62 steps: 210 / 4152 loss: 3.4535258293151854
Train Epoch: 62 steps: 220 / 4152 loss: 3.389025616645813
Train Epoch: 62 steps: 230 / 4152 loss: 3.491800403594971
Train Epoch: 62 steps: 240 / 4152 loss: 3.4808040857315063
Train Epoch: 62 steps: 250 / 4152 loss: 3.4393799543380736
Train Epoch: 62 steps: 260 / 4152 loss: 3.4500894069671633
Train Epoch: 62 steps: 270 / 4152 loss: 3.4676215648651123
Train Epoch: 62 steps: 280 / 4152 loss: 3.571732926368713
Train Epoch: 62 steps: 290 / 4152 loss: 3.459636950492859
Train Epoch: 62 steps: 300 / 4152 loss: 3.4301500797271727
Train Epoch: 62 steps: 310 / 4152 loss: 3.4566986560821533
Train Epoch: 62 steps: 320 / 4152 loss: 3.4267651557922365
Train Epoch: 62 steps: 330 / 4152 loss: 3.3812418460845945
Train Epoch: 62 steps: 340 / 4152 loss: 3.42070095539093
Train Epoch: 62 steps: 350 / 4152 loss: 3.436350440979004
Train Epoch: 62 steps: 360 / 4152 loss: 3.4103317737579344
Train Epoch: 62 steps: 370 / 4152 loss: 3.4853803396224974
Train Epoch: 62 steps: 380 / 4152 loss: 3.5027461767196657
Train Epoch: 62 steps: 390 / 4152 loss: 3.464087200164795
Train Epoch: 62 steps: 400 / 4152 loss: 3.4705810070037844
Train Epoch: 62 steps: 410 / 4152 loss: 3.50915949344635
Train Epoch: 62 steps: 420 / 4152 loss: 3.4357146501541136
Train Epoch: 62 steps: 430 / 4152 loss: 3.481128191947937
Train Epoch: 62 steps: 440 / 4152 loss: 3.433271312713623
Train Epoch: 62 steps: 450 / 4152 loss: 3.5015387535095215
Train Epoch: 62 steps: 460 / 4152 loss: 3.4799845695495604
Train Epoch: 62 steps: 470 / 4152 loss: 3.43229455947876
Train Epoch: 62 steps: 480 / 4152 loss: 3.44208881855011
Train Epoch: 62 steps: 490 / 4152 loss: 3.3667845249176027
Train Epoch: 62 steps: 500 / 4152 loss: 3.413803553581238
Train Epoch: 62 steps: 510 / 4152 loss: 3.5330477714538575
Train Epoch: 62 steps: 520 / 4152 loss: 3.5057305812835695
Train Epoch: 62 steps: 530 / 4152 loss: 3.41191987991333
Train Epoch: 62 steps: 540 / 4152 loss: 3.381883692741394
Train Epoch: 62 steps: 550 / 4152 loss: 3.3071863412857057
Train Epoch: 62 steps: 560 / 4152 loss: 3.411119079589844
Train Epoch: 62 steps: 570 / 4152 loss: 3.425106239318848
Train Epoch: 62 steps: 580 / 4152 loss: 3.4172557592391968
Train Epoch: 62 steps: 590 / 4152 loss: 3.4006027698516847
Train Epoch: 62 steps: 600 / 4152 loss: 3.4321895122528074
Train Epoch: 62 steps: 610 / 4152 loss: 3.3465365171432495
Train Epoch: 62 steps: 620 / 4152 loss: 3.3971540689468385
Train Epoch: 62 steps: 630 / 4152 loss: 3.437984251976013
Train Epoch: 62 steps: 640 / 4152 loss: 3.496766948699951
Train Epoch: 62 steps: 650 / 4152 loss: 3.3722568273544313
Train Epoch: 62 steps: 660 / 4152 loss: 3.4580162286758425
Train Epoch: 62 steps: 670 / 4152 loss: 3.3059794902801514
Train Epoch: 62 steps: 680 / 4152 loss: 3.328696632385254
Train Epoch: 62 steps: 690 / 4152 loss: 3.4951340198516845
Train Epoch: 62 steps: 700 / 4152 loss: 3.380185270309448
Train Epoch: 62 steps: 710 / 4152 loss: 3.4959511756896973
Train Epoch: 62 steps: 720 / 4152 loss: 3.439979410171509
Train Epoch: 62 steps: 730 / 4152 loss: 3.387559962272644
Train Epoch: 62 steps: 740 / 4152 loss: 3.48543496131897
Train Epoch: 62 steps: 750 / 4152 loss: 3.3670078992843626
Train Epoch: 62 steps: 760 / 4152 loss: 3.5046204328536987
Train Epoch: 62 steps: 770 / 4152 loss: 3.4429076671600343
Train Epoch: 62 steps: 780 / 4152 loss: 3.3994425773620605
Train Epoch: 62 steps: 790 / 4152 loss: 3.3754265308380127
Train Epoch: 62 steps: 800 / 4152 loss: 3.4481145620346068
Train Epoch: 62 steps: 810 / 4152 loss: 3.439156436920166
Train Epoch: 62 steps: 820 / 4152 loss: 3.4506718635559084
Train Epoch: 62 steps: 830 / 4152 loss: 3.428991270065308
Train Epoch: 62 steps: 840 / 4152 loss: 3.37910418510437
Train Epoch: 62 steps: 850 / 4152 loss: 3.492403483390808
Train Epoch: 62 steps: 860 / 4152 loss: 3.4210213899612425
Train Epoch: 62 steps: 870 / 4152 loss: 3.4261130332946776
Train Epoch: 62 steps: 880 / 4152 loss: 3.4410067319869997
Train Epoch: 62 steps: 890 / 4152 loss: 3.446197509765625
Train Epoch: 62 steps: 900 / 4152 loss: 3.4327526807785036
Train Epoch: 62 steps: 910 / 4152 loss: 3.489196848869324
Train Epoch: 62 steps: 920 / 4152 loss: 3.4136504411697386
Train Epoch: 62 steps: 930 / 4152 loss: 3.4486143827438354
Train Epoch: 62 steps: 940 / 4152 loss: 3.5323612451553346
Train Epoch: 62 steps: 950 / 4152 loss: 3.4373178720474242
Train Epoch: 62 steps: 960 / 4152 loss: 3.4768231868743897
Train Epoch: 62 steps: 970 / 4152 loss: 3.322092795372009
Train Epoch: 62 steps: 980 / 4152 loss: 3.53094482421875
Train Epoch: 62 steps: 990 / 4152 loss: 3.4757597923278807
Train Epoch: 62 steps: 1000 / 4152 loss: 3.465851926803589
Train Epoch: 62 steps: 1010 / 4152 loss: 3.4778366327285766
Train Epoch: 62 steps: 1020 / 4152 loss: 3.4760250568389894
Train Epoch: 62 steps: 1030 / 4152 loss: 3.4414350032806396
Train Epoch: 62 steps: 1040 / 4152 loss: 3.446700406074524
----------------------------------------Epoch: 63----------------------------------------
----------------------------------------Epoch: 63----------------------------------------
----------------------------------------Epoch: 63----------------------------------------
----------------------------------------Epoch: 63----------------------------------------
Train Epoch: 63 steps: 0 / 4152 loss: 0.3773395299911499
Train Epoch: 63 steps: 10 / 4152 loss: 3.47069456577301
Train Epoch: 63 steps: 20 / 4152 loss: 3.4511374950408937
Train Epoch: 63 steps: 30 / 4152 loss: 3.406317400932312
Train Epoch: 63 steps: 40 / 4152 loss: 3.3794757604598997
Train Epoch: 63 steps: 50 / 4152 loss: 3.401559662818909
Train Epoch: 63 steps: 60 / 4152 loss: 3.3774436712265015
Train Epoch: 63 steps: 70 / 4152 loss: 3.420836091041565
Train Epoch: 63 steps: 80 / 4152 loss: 3.4108297348022463
Train Epoch: 63 steps: 90 / 4152 loss: 3.3711034059524536
Train Epoch: 63 steps: 100 / 4152 loss: 3.424625849723816
Train Epoch: 63 steps: 110 / 4152 loss: 3.4110472440719604
Train Epoch: 63 steps: 120 / 4152 loss: 3.468108630180359
Train Epoch: 63 steps: 130 / 4152 loss: 3.4920033693313597
Train Epoch: 63 steps: 140 / 4152 loss: 3.4570230722427366
Train Epoch: 63 steps: 150 / 4152 loss: 3.377222275733948
Train Epoch: 63 steps: 160 / 4152 loss: 3.3437530994415283
Train Epoch: 63 steps: 170 / 4152 loss: 3.4745073556900024
Train Epoch: 63 steps: 180 / 4152 loss: 3.4912582635879517
Train Epoch: 63 steps: 190 / 4152 loss: 3.433950638771057
Train Epoch: 63 steps: 200 / 4152 loss: 3.4391703367233277
Train Epoch: 63 steps: 210 / 4152 loss: 3.4394840717315676
Train Epoch: 63 steps: 220 / 4152 loss: 3.4844056606292724
Train Epoch: 63 steps: 230 / 4152 loss: 3.4267576694488526
Train Epoch: 63 steps: 240 / 4152 loss: 3.3411601305007936
Train Epoch: 63 steps: 250 / 4152 loss: 3.4802807569503784
Train Epoch: 63 steps: 260 / 4152 loss: 3.418669271469116
Train Epoch: 63 steps: 270 / 4152 loss: 3.522538161277771
Train Epoch: 63 steps: 280 / 4152 loss: 3.519971752166748
Train Epoch: 63 steps: 290 / 4152 loss: 3.4848443269729614
Train Epoch: 63 steps: 300 / 4152 loss: 3.407325339317322
Train Epoch: 63 steps: 310 / 4152 loss: 3.5018861293792725
Train Epoch: 63 steps: 320 / 4152 loss: 3.5508009672164915
Train Epoch: 63 steps: 330 / 4152 loss: 3.3844637870788574
Train Epoch: 63 steps: 340 / 4152 loss: 3.467162013053894
Train Epoch: 63 steps: 350 / 4152 loss: 3.4473156213760374
Train Epoch: 63 steps: 360 / 4152 loss: 3.4371859788894654
Train Epoch: 63 steps: 370 / 4152 loss: 3.369859313964844
Train Epoch: 63 steps: 380 / 4152 loss: 3.532300615310669
Train Epoch: 63 steps: 390 / 4152 loss: 3.4487632274627686
Train Epoch: 63 steps: 400 / 4152 loss: 3.3667274475097657
Train Epoch: 63 steps: 410 / 4152 loss: 3.486217761039734
Train Epoch: 63 steps: 420 / 4152 loss: 3.477473831176758
Train Epoch: 63 steps: 430 / 4152 loss: 3.420195722579956
Train Epoch: 63 steps: 440 / 4152 loss: 3.3940953493118284
Train Epoch: 63 steps: 450 / 4152 loss: 3.4357481002807617
Train Epoch: 63 steps: 460 / 4152 loss: 3.4636303186416626
Train Epoch: 63 steps: 470 / 4152 loss: 3.4189183473587037
Train Epoch: 63 steps: 480 / 4152 loss: 3.5364460706710816
Train Epoch: 63 steps: 490 / 4152 loss: 3.3871880054473875
Train Epoch: 63 steps: 500 / 4152 loss: 3.4715058326721193
Train Epoch: 63 steps: 510 / 4152 loss: 3.479024600982666
Train Epoch: 63 steps: 520 / 4152 loss: 3.4475377798080444
Train Epoch: 63 steps: 530 / 4152 loss: 3.457695555686951
Train Epoch: 63 steps: 540 / 4152 loss: 3.4274164199829102
Train Epoch: 63 steps: 550 / 4152 loss: 3.377699303627014
Train Epoch: 63 steps: 560 / 4152 loss: 3.4005669355392456
Train Epoch: 63 steps: 570 / 4152 loss: 3.3518351316452026
Train Epoch: 63 steps: 580 / 4152 loss: 3.4397979259490965
Train Epoch: 63 steps: 590 / 4152 loss: 3.4436418294906614
Train Epoch: 63 steps: 600 / 4152 loss: 3.430438280105591
Train Epoch: 63 steps: 610 / 4152 loss: 3.4797728776931764
Train Epoch: 63 steps: 620 / 4152 loss: 3.44128680229187
Train Epoch: 63 steps: 630 / 4152 loss: 3.4049517154693603
Train Epoch: 63 steps: 640 / 4152 loss: 3.51031174659729
Train Epoch: 63 steps: 650 / 4152 loss: 3.472140645980835
Train Epoch: 63 steps: 660 / 4152 loss: 3.37671275138855
Train Epoch: 63 steps: 670 / 4152 loss: 3.489550256729126
Train Epoch: 63 steps: 680 / 4152 loss: 3.515555715560913
Train Epoch: 63 steps: 690 / 4152 loss: 3.4271673440933226
Train Epoch: 63 steps: 700 / 4152 loss: 3.458009624481201
Train Epoch: 63 steps: 710 / 4152 loss: 3.496043348312378
Train Epoch: 63 steps: 720 / 4152 loss: 3.4781129121780396
Train Epoch: 63 steps: 730 / 4152 loss: 3.5039406299591063
Train Epoch: 63 steps: 740 / 4152 loss: 3.4725446701049805
Train Epoch: 63 steps: 750 / 4152 loss: 3.4235498666763307
Train Epoch: 63 steps: 760 / 4152 loss: 3.4478021383285524
Train Epoch: 63 steps: 770 / 4152 loss: 3.3552633047103884
Train Epoch: 63 steps: 780 / 4152 loss: 3.4183782815933226
Train Epoch: 63 steps: 790 / 4152 loss: 3.4723632097244264
Train Epoch: 63 steps: 800 / 4152 loss: 3.4663684368133545
Train Epoch: 63 steps: 810 / 4152 loss: 3.5018206357955934
Train Epoch: 63 steps: 820 / 4152 loss: 3.465861105918884
Train Epoch: 63 steps: 830 / 4152 loss: 3.4236013889312744
Train Epoch: 63 steps: 840 / 4152 loss: 3.4214802980422974
Train Epoch: 63 steps: 850 / 4152 loss: 3.346402883529663
Train Epoch: 63 steps: 860 / 4152 loss: 3.445818305015564
Train Epoch: 63 steps: 870 / 4152 loss: 3.4053497314453125
Train Epoch: 63 steps: 880 / 4152 loss: 3.457732343673706
Train Epoch: 63 steps: 890 / 4152 loss: 3.4388242244720457
Train Epoch: 63 steps: 900 / 4152 loss: 3.4940207242965697
Train Epoch: 63 steps: 910 / 4152 loss: 3.399862790107727
Train Epoch: 63 steps: 920 / 4152 loss: 3.5320943355560304
Train Epoch: 63 steps: 930 / 4152 loss: 3.437962460517883
Train Epoch: 63 steps: 940 / 4152 loss: 3.3083287715911864
Train Epoch: 63 steps: 950 / 4152 loss: 3.4408634424209597
Train Epoch: 63 steps: 960 / 4152 loss: 3.474133777618408
Train Epoch: 63 steps: 970 / 4152 loss: 3.312430810928345
Train Epoch: 63 steps: 980 / 4152 loss: 3.4128061532974243
Train Epoch: 63 steps: 990 / 4152 loss: 3.4822607040405273
Train Epoch: 63 steps: 1000 / 4152 loss: 3.3418929815292358
Train Epoch: 63 steps: 1010 / 4152 loss: 3.5198367834091187
Train Epoch: 63 steps: 1020 / 4152 loss: 3.0564694881439207
Train Epoch: 63 steps: 1030 / 4152 loss: 3.504214811325073
Train Epoch: 63 steps: 1040 / 4152 loss: 3.513818597793579
----------------------------------------Epoch: 64----------------------------------------
----------------------------------------Epoch: 64----------------------------------------
----------------------------------------Epoch: 64----------------------------------------
----------------------------------------Epoch: 64----------------------------------------
Train Epoch: 64 steps: 0 / 4152 loss: 0.31411902904510497
Train Epoch: 64 steps: 10 / 4152 loss: 3.4456433296203612
Train Epoch: 64 steps: 20 / 4152 loss: 3.4514132738113403
Train Epoch: 64 steps: 30 / 4152 loss: 3.444698762893677
Train Epoch: 64 steps: 40 / 4152 loss: 3.4722956657409667
Train Epoch: 64 steps: 50 / 4152 loss: 3.4014272928237914
Train Epoch: 64 steps: 60 / 4152 loss: 3.4629464149475098
Train Epoch: 64 steps: 70 / 4152 loss: 3.3224593877792357
Train Epoch: 64 steps: 80 / 4152 loss: 3.3707868337631224
Train Epoch: 64 steps: 90 / 4152 loss: 3.463207793235779
Train Epoch: 64 steps: 100 / 4152 loss: 3.4232041120529173
Train Epoch: 64 steps: 110 / 4152 loss: 3.512656259536743
Train Epoch: 64 steps: 120 / 4152 loss: 3.4239432334899904
Train Epoch: 64 steps: 130 / 4152 loss: 3.4777307987213133
Train Epoch: 64 steps: 140 / 4152 loss: 3.3861648082733153
Train Epoch: 64 steps: 150 / 4152 loss: 3.4436082363128664
Train Epoch: 64 steps: 160 / 4152 loss: 3.4615527153015138
Train Epoch: 64 steps: 170 / 4152 loss: 3.4577569246292112
Train Epoch: 64 steps: 180 / 4152 loss: 3.4492607355117797
Train Epoch: 64 steps: 190 / 4152 loss: 3.451792502403259
Train Epoch: 64 steps: 200 / 4152 loss: 3.4248907804489135
Train Epoch: 64 steps: 210 / 4152 loss: 3.443226385116577
Train Epoch: 64 steps: 220 / 4152 loss: 3.301972770690918
Train Epoch: 64 steps: 230 / 4152 loss: 3.5015575170516966
Train Epoch: 64 steps: 240 / 4152 loss: 3.4709784507751467
Train Epoch: 64 steps: 250 / 4152 loss: 3.540560817718506
Train Epoch: 64 steps: 260 / 4152 loss: 3.522603392601013
Train Epoch: 64 steps: 270 / 4152 loss: 3.529493498802185
Train Epoch: 64 steps: 280 / 4152 loss: 3.422545862197876
Train Epoch: 64 steps: 290 / 4152 loss: 3.5449389457702636
Train Epoch: 64 steps: 300 / 4152 loss: 3.5025455236434935
Train Epoch: 64 steps: 310 / 4152 loss: 3.423154664039612
Train Epoch: 64 steps: 320 / 4152 loss: 3.354588198661804
Train Epoch: 64 steps: 330 / 4152 loss: 3.4287851572036745
Train Epoch: 64 steps: 340 / 4152 loss: 3.391767740249634
Train Epoch: 64 steps: 350 / 4152 loss: 3.475254440307617
Train Epoch: 64 steps: 360 / 4152 loss: 3.520066428184509
Train Epoch: 64 steps: 370 / 4152 loss: 3.4491244316101075
Train Epoch: 64 steps: 380 / 4152 loss: 3.4416844844818115
Train Epoch: 64 steps: 390 / 4152 loss: 3.438224029541016
Train Epoch: 64 steps: 400 / 4152 loss: 3.35584499835968
Train Epoch: 64 steps: 410 / 4152 loss: 3.48275146484375
Train Epoch: 64 steps: 420 / 4152 loss: 3.4519903898239135
Train Epoch: 64 steps: 430 / 4152 loss: 3.4786983251571657
Train Epoch: 64 steps: 440 / 4152 loss: 3.4129305124282836
Train Epoch: 64 steps: 450 / 4152 loss: 3.4777450561523438
Train Epoch: 64 steps: 460 / 4152 loss: 3.4936705827713013
Train Epoch: 64 steps: 470 / 4152 loss: 3.5247909784317017
Train Epoch: 64 steps: 480 / 4152 loss: 3.449571990966797
Train Epoch: 64 steps: 490 / 4152 loss: 3.5104333639144896
Train Epoch: 64 steps: 500 / 4152 loss: 3.4350131273269655
Train Epoch: 64 steps: 510 / 4152 loss: 3.3982317209243775
Train Epoch: 64 steps: 520 / 4152 loss: 3.475574016571045
Train Epoch: 64 steps: 530 / 4152 loss: 3.4429198026657106
Train Epoch: 64 steps: 540 / 4152 loss: 3.439209771156311
Train Epoch: 64 steps: 550 / 4152 loss: 3.489747500419617
Train Epoch: 64 steps: 560 / 4152 loss: 3.396902060508728
Train Epoch: 64 steps: 570 / 4152 loss: 3.5039234161376953
Train Epoch: 64 steps: 580 / 4152 loss: 3.4489978313446046
Train Epoch: 64 steps: 590 / 4152 loss: 3.14657666683197
Train Epoch: 64 steps: 600 / 4152 loss: 3.3755402326583863
Train Epoch: 64 steps: 610 / 4152 loss: 3.5183954000473023
Train Epoch: 64 steps: 620 / 4152 loss: 3.467144584655762
Train Epoch: 64 steps: 630 / 4152 loss: 3.458600091934204
Train Epoch: 64 steps: 640 / 4152 loss: 3.4212292671203612
Train Epoch: 64 steps: 650 / 4152 loss: 3.4262747526168824
Train Epoch: 64 steps: 660 / 4152 loss: 3.3721949815750123
Train Epoch: 64 steps: 670 / 4152 loss: 3.4754945278167724
Train Epoch: 64 steps: 680 / 4152 loss: 3.3542211771011354
Train Epoch: 64 steps: 690 / 4152 loss: 3.4427533626556395
Train Epoch: 64 steps: 700 / 4152 loss: 3.4156288146972655
Train Epoch: 64 steps: 710 / 4152 loss: 3.4271202802658083
Train Epoch: 64 steps: 720 / 4152 loss: 3.467926812171936
Train Epoch: 64 steps: 730 / 4152 loss: 3.4199902296066282
Train Epoch: 64 steps: 740 / 4152 loss: 3.401991844177246
Train Epoch: 64 steps: 750 / 4152 loss: 3.4096419334411623
Train Epoch: 64 steps: 760 / 4152 loss: 3.4197314739227296
Train Epoch: 64 steps: 770 / 4152 loss: 3.408378076553345
Train Epoch: 64 steps: 780 / 4152 loss: 3.3177321434020994
Train Epoch: 64 steps: 790 / 4152 loss: 3.419294571876526
Train Epoch: 64 steps: 800 / 4152 loss: 3.509318447113037
Train Epoch: 64 steps: 810 / 4152 loss: 3.3710328578948974
Train Epoch: 64 steps: 820 / 4152 loss: 3.4392515420913696
Train Epoch: 64 steps: 830 / 4152 loss: 3.433042311668396
Train Epoch: 64 steps: 840 / 4152 loss: 3.4186249732971192
Train Epoch: 64 steps: 850 / 4152 loss: 3.422274851799011
Train Epoch: 64 steps: 860 / 4152 loss: 3.3808927297592164
Train Epoch: 64 steps: 870 / 4152 loss: 3.417742919921875
Train Epoch: 64 steps: 880 / 4152 loss: 3.463122248649597
Train Epoch: 64 steps: 890 / 4152 loss: 3.4077054023742677
Train Epoch: 64 steps: 900 / 4152 loss: 3.432151937484741
Train Epoch: 64 steps: 910 / 4152 loss: 3.4628140449523928
Train Epoch: 64 steps: 920 / 4152 loss: 3.4018085479736326
Train Epoch: 64 steps: 930 / 4152 loss: 3.42192964553833
Train Epoch: 64 steps: 940 / 4152 loss: 3.462403416633606
Train Epoch: 64 steps: 950 / 4152 loss: 3.045564150810242
Train Epoch: 64 steps: 960 / 4152 loss: 3.35687837600708
Train Epoch: 64 steps: 970 / 4152 loss: 3.3805956840515137
Train Epoch: 64 steps: 980 / 4152 loss: 3.3660470485687255
Train Epoch: 64 steps: 990 / 4152 loss: 3.489672088623047
Train Epoch: 64 steps: 1000 / 4152 loss: 3.462981605529785
Train Epoch: 64 steps: 1010 / 4152 loss: 3.437380814552307
Train Epoch: 64 steps: 1020 / 4152 loss: 3.4223082065582275
Train Epoch: 64 steps: 1030 / 4152 loss: 3.4600008010864256
Train Epoch: 64 steps: 1040 / 4152 loss: 3.4297785997390746
----------------------------------------Epoch: 65----------------------------------------
----------------------------------------Epoch: 65----------------------------------------
----------------------------------------Epoch: 65----------------------------------------
----------------------------------------Epoch: 65----------------------------------------
Train Epoch: 65 steps: 0 / 4152 loss: 0.36151862144470215
Train Epoch: 65 steps: 10 / 4152 loss: 3.4338815212249756
Train Epoch: 65 steps: 20 / 4152 loss: 3.4689115285873413
Train Epoch: 65 steps: 30 / 4152 loss: 3.5007220268249513
Train Epoch: 65 steps: 40 / 4152 loss: 3.454874587059021
Train Epoch: 65 steps: 50 / 4152 loss: 3.404176664352417
Train Epoch: 65 steps: 60 / 4152 loss: 3.3836687326431276
Train Epoch: 65 steps: 70 / 4152 loss: 3.4639445304870606
Train Epoch: 65 steps: 80 / 4152 loss: 3.469029259681702
Train Epoch: 65 steps: 90 / 4152 loss: 3.446141076087952
Train Epoch: 65 steps: 100 / 4152 loss: 3.3910616874694823
Train Epoch: 65 steps: 110 / 4152 loss: 3.3914328098297117
Train Epoch: 65 steps: 120 / 4152 loss: 3.44393253326416
Train Epoch: 65 steps: 130 / 4152 loss: 3.3185524463653566
Train Epoch: 65 steps: 140 / 4152 loss: 3.4218576669692995
Train Epoch: 65 steps: 150 / 4152 loss: 3.4531023502349854
Train Epoch: 65 steps: 160 / 4152 loss: 3.48700487613678
Train Epoch: 65 steps: 170 / 4152 loss: 3.4607376575469972
Train Epoch: 65 steps: 180 / 4152 loss: 3.3759672164916994
Train Epoch: 65 steps: 190 / 4152 loss: 3.4271682024002077
Train Epoch: 65 steps: 200 / 4152 loss: 3.4472609043121336
Train Epoch: 65 steps: 210 / 4152 loss: 3.4268008708953857
Train Epoch: 65 steps: 220 / 4152 loss: 3.457103800773621
Train Epoch: 65 steps: 230 / 4152 loss: 3.4454174518585203
Train Epoch: 65 steps: 240 / 4152 loss: 3.483066177368164
Train Epoch: 65 steps: 250 / 4152 loss: 3.429340887069702
Train Epoch: 65 steps: 260 / 4152 loss: 3.3305222749710084
Train Epoch: 65 steps: 270 / 4152 loss: 3.4715432643890383
Train Epoch: 65 steps: 280 / 4152 loss: 3.4160022020339964
Train Epoch: 65 steps: 290 / 4152 loss: 3.4749994039535523
Train Epoch: 65 steps: 300 / 4152 loss: 3.4602288484573362
Train Epoch: 65 steps: 310 / 4152 loss: 3.4205325126647947
Train Epoch: 65 steps: 320 / 4152 loss: 3.4963539123535154
Train Epoch: 65 steps: 330 / 4152 loss: 3.4389447927474976
Train Epoch: 65 steps: 340 / 4152 loss: 3.4579344272613524
Train Epoch: 65 steps: 350 / 4152 loss: 3.49885892868042
Train Epoch: 65 steps: 360 / 4152 loss: 3.3971375942230226
Train Epoch: 65 steps: 370 / 4152 loss: 3.4951762437820433
Train Epoch: 65 steps: 380 / 4152 loss: 3.432034707069397
Train Epoch: 65 steps: 390 / 4152 loss: 3.4327821731567383
Train Epoch: 65 steps: 400 / 4152 loss: 3.434643530845642
Train Epoch: 65 steps: 410 / 4152 loss: 3.3980862140655517
Train Epoch: 65 steps: 420 / 4152 loss: 3.42086443901062
Train Epoch: 65 steps: 430 / 4152 loss: 3.555583143234253
Train Epoch: 65 steps: 440 / 4152 loss: 3.402705979347229
Train Epoch: 65 steps: 450 / 4152 loss: 3.324471879005432
Train Epoch: 65 steps: 460 / 4152 loss: 3.4465797185897826
Train Epoch: 65 steps: 470 / 4152 loss: 3.4492098093032837
Train Epoch: 65 steps: 480 / 4152 loss: 3.4794328212738037
Train Epoch: 65 steps: 490 / 4152 loss: 3.4905149221420286
Train Epoch: 65 steps: 500 / 4152 loss: 3.445350170135498
Train Epoch: 65 steps: 510 / 4152 loss: 3.397412109375
Train Epoch: 65 steps: 520 / 4152 loss: 3.503439736366272
Train Epoch: 65 steps: 530 / 4152 loss: 3.4097487688064576
Train Epoch: 65 steps: 540 / 4152 loss: 3.4484856367111205
Train Epoch: 65 steps: 550 / 4152 loss: 3.4562878131866457
Train Epoch: 65 steps: 560 / 4152 loss: 3.496950101852417
Train Epoch: 65 steps: 570 / 4152 loss: 3.4702611923217774
Train Epoch: 65 steps: 580 / 4152 loss: 3.4853755235671997
Train Epoch: 65 steps: 590 / 4152 loss: 3.4499323844909666
Train Epoch: 65 steps: 600 / 4152 loss: 3.5533362865447997
Train Epoch: 65 steps: 610 / 4152 loss: 3.4265194177627563
Train Epoch: 65 steps: 620 / 4152 loss: 3.525457429885864
Train Epoch: 65 steps: 630 / 4152 loss: 3.5126272439956665
Train Epoch: 65 steps: 640 / 4152 loss: 3.330597734451294
Train Epoch: 65 steps: 650 / 4152 loss: 3.456594705581665
Train Epoch: 65 steps: 660 / 4152 loss: 3.4429121255874633
Train Epoch: 65 steps: 670 / 4152 loss: 3.3955962896347045
Train Epoch: 65 steps: 680 / 4152 loss: 3.4420446157455444
Train Epoch: 65 steps: 690 / 4152 loss: 3.46184823513031
Train Epoch: 65 steps: 700 / 4152 loss: 3.4418172597885133
Train Epoch: 65 steps: 710 / 4152 loss: 3.391906428337097
Train Epoch: 65 steps: 720 / 4152 loss: 3.3912123918533323
Train Epoch: 65 steps: 730 / 4152 loss: 3.508158874511719
Train Epoch: 65 steps: 740 / 4152 loss: 3.4491716861724853
Train Epoch: 65 steps: 750 / 4152 loss: 3.3934004306793213
Train Epoch: 65 steps: 760 / 4152 loss: 3.33672091960907
Train Epoch: 65 steps: 770 / 4152 loss: 3.5287032604217528
Train Epoch: 65 steps: 780 / 4152 loss: 3.4623913049697874
Train Epoch: 65 steps: 790 / 4152 loss: 3.3879213333129883
Train Epoch: 65 steps: 800 / 4152 loss: 3.4454027652740478
Train Epoch: 65 steps: 810 / 4152 loss: 3.4570401191711424
Train Epoch: 65 steps: 820 / 4152 loss: 3.496979904174805
Train Epoch: 65 steps: 830 / 4152 loss: 3.413799023628235
Train Epoch: 65 steps: 840 / 4152 loss: 3.46187744140625
Train Epoch: 65 steps: 850 / 4152 loss: 3.405161190032959
Train Epoch: 65 steps: 860 / 4152 loss: 3.4709935188293457
Train Epoch: 65 steps: 870 / 4152 loss: 3.459928274154663
Train Epoch: 65 steps: 880 / 4152 loss: 3.445155119895935
Train Epoch: 65 steps: 890 / 4152 loss: 3.391805624961853
Train Epoch: 65 steps: 900 / 4152 loss: 3.4344703197479247
Train Epoch: 65 steps: 910 / 4152 loss: 3.4681369066238403
Train Epoch: 65 steps: 920 / 4152 loss: 3.4486418962478638
Train Epoch: 65 steps: 930 / 4152 loss: 3.39482901096344
Train Epoch: 65 steps: 940 / 4152 loss: 3.360062909126282
Train Epoch: 65 steps: 950 / 4152 loss: 3.4710107803344727
Train Epoch: 65 steps: 960 / 4152 loss: 3.4459741353988647
Train Epoch: 65 steps: 970 / 4152 loss: 3.3697025299072267
Train Epoch: 65 steps: 980 / 4152 loss: 3.460603046417236
Train Epoch: 65 steps: 990 / 4152 loss: 3.3393736600875856
Train Epoch: 65 steps: 1000 / 4152 loss: 3.4554864883422853
Train Epoch: 65 steps: 1010 / 4152 loss: 3.4463659524917603
Train Epoch: 65 steps: 1020 / 4152 loss: 3.4907227754592896
Train Epoch: 65 steps: 1030 / 4152 loss: 3.4182469606399537
Train Epoch: 65 steps: 1040 / 4152 loss: 3.4582430839538576
----------------------------------------Epoch: 66----------------------------------------
----------------------------------------Epoch: 66----------------------------------------
----------------------------------------Epoch: 66----------------------------------------
----------------------------------------Epoch: 66----------------------------------------
Train Epoch: 66 steps: 0 / 4152 loss: 0.3329014778137207
Train Epoch: 66 steps: 10 / 4152 loss: 3.395155930519104
Train Epoch: 66 steps: 20 / 4152 loss: 3.4859258413314818
Train Epoch: 66 steps: 30 / 4152 loss: 3.4671081781387327
Train Epoch: 66 steps: 40 / 4152 loss: 3.436404514312744
Train Epoch: 66 steps: 50 / 4152 loss: 3.4183256149291994
Train Epoch: 66 steps: 60 / 4152 loss: 3.4905653476715086
Train Epoch: 66 steps: 70 / 4152 loss: 3.555421996116638
Train Epoch: 66 steps: 80 / 4152 loss: 3.3990102767944337
Train Epoch: 66 steps: 90 / 4152 loss: 3.425979733467102
Train Epoch: 66 steps: 100 / 4152 loss: 3.505274772644043
Train Epoch: 66 steps: 110 / 4152 loss: 3.502222418785095
Train Epoch: 66 steps: 120 / 4152 loss: 3.4057801008224486
Train Epoch: 66 steps: 130 / 4152 loss: 3.4620763540267943
Train Epoch: 66 steps: 140 / 4152 loss: 3.4823449850082397
Train Epoch: 66 steps: 150 / 4152 loss: 3.386850929260254
Train Epoch: 66 steps: 160 / 4152 loss: 3.4559617757797243
Train Epoch: 66 steps: 170 / 4152 loss: 3.463396453857422
Train Epoch: 66 steps: 180 / 4152 loss: 3.4345691204071045
Train Epoch: 66 steps: 190 / 4152 loss: 3.4528841972351074
Train Epoch: 66 steps: 200 / 4152 loss: 3.3942083358764648
Train Epoch: 66 steps: 210 / 4152 loss: 3.3824112892150877
Train Epoch: 66 steps: 220 / 4152 loss: 3.427038145065308
Train Epoch: 66 steps: 230 / 4152 loss: 3.4579688787460325
Train Epoch: 66 steps: 240 / 4152 loss: 3.403951621055603
Train Epoch: 66 steps: 250 / 4152 loss: 3.4416839361190794
Train Epoch: 66 steps: 260 / 4152 loss: 3.414416027069092
Train Epoch: 66 steps: 270 / 4152 loss: 3.4799493074417116
Train Epoch: 66 steps: 280 / 4152 loss: 3.538623809814453
Train Epoch: 66 steps: 290 / 4152 loss: 3.4591137886047365
Train Epoch: 66 steps: 300 / 4152 loss: 3.423227620124817
Train Epoch: 66 steps: 310 / 4152 loss: 3.4777081489562987
Train Epoch: 66 steps: 320 / 4152 loss: 3.4527783393859863
Train Epoch: 66 steps: 330 / 4152 loss: 3.387014365196228
Train Epoch: 66 steps: 340 / 4152 loss: 3.4615086793899534
Train Epoch: 66 steps: 350 / 4152 loss: 3.4055279970169066
Train Epoch: 66 steps: 360 / 4152 loss: 3.438777494430542
Train Epoch: 66 steps: 370 / 4152 loss: 3.435207223892212
Train Epoch: 66 steps: 380 / 4152 loss: 3.281382441520691
Train Epoch: 66 steps: 390 / 4152 loss: 3.419217014312744
Train Epoch: 66 steps: 400 / 4152 loss: 3.455659103393555
Train Epoch: 66 steps: 410 / 4152 loss: 3.415405249595642
Train Epoch: 66 steps: 420 / 4152 loss: 3.3652843475341796
Train Epoch: 66 steps: 430 / 4152 loss: 3.4274807453155516
Train Epoch: 66 steps: 440 / 4152 loss: 3.438564920425415
Train Epoch: 66 steps: 460 / 4152 loss: 6.6033224821090695
Train Epoch: 66 steps: 470 / 4152 loss: 3.403579902648926
Train Epoch: 66 steps: 480 / 4152 loss: 3.4802014112472532
Train Epoch: 66 steps: 490 / 4152 loss: 3.470388579368591
Train Epoch: 66 steps: 500 / 4152 loss: 3.4464460134506227
Train Epoch: 66 steps: 510 / 4152 loss: 3.519946241378784
Train Epoch: 66 steps: 520 / 4152 loss: 3.479989528656006
Train Epoch: 66 steps: 530 / 4152 loss: 3.4336021184921264
Train Epoch: 66 steps: 540 / 4152 loss: 3.421291780471802
Train Epoch: 66 steps: 550 / 4152 loss: 3.462746572494507
Train Epoch: 66 steps: 560 / 4152 loss: 3.400922393798828
Train Epoch: 66 steps: 570 / 4152 loss: 3.459440279006958
Train Epoch: 66 steps: 580 / 4152 loss: 3.4763596296310424
Train Epoch: 66 steps: 590 / 4152 loss: 3.4169806003570558
Train Epoch: 66 steps: 600 / 4152 loss: 3.5018789052963255
Train Epoch: 66 steps: 610 / 4152 loss: 3.447224807739258
Train Epoch: 66 steps: 620 / 4152 loss: 3.425950813293457
Train Epoch: 66 steps: 630 / 4152 loss: 3.465025544166565
Train Epoch: 66 steps: 640 / 4152 loss: 3.4255741834640503
Train Epoch: 66 steps: 650 / 4152 loss: 3.4090113401412965
Train Epoch: 66 steps: 660 / 4152 loss: 3.365966463088989
Train Epoch: 66 steps: 670 / 4152 loss: 3.1279248714447023
Train Epoch: 66 steps: 680 / 4152 loss: 3.3754512071609497
Train Epoch: 66 steps: 690 / 4152 loss: 3.4177075386047364
Train Epoch: 66 steps: 700 / 4152 loss: 3.3637080907821657
Train Epoch: 66 steps: 710 / 4152 loss: 3.4864639043807983
Train Epoch: 66 steps: 720 / 4152 loss: 3.4206244945526123
Train Epoch: 66 steps: 730 / 4152 loss: 3.478382921218872
Train Epoch: 66 steps: 740 / 4152 loss: 3.3955284118652345
Train Epoch: 66 steps: 750 / 4152 loss: 3.4427207469940186
Train Epoch: 66 steps: 760 / 4152 loss: 3.471221852302551
Train Epoch: 66 steps: 770 / 4152 loss: 3.3253405570983885
Train Epoch: 66 steps: 780 / 4152 loss: 3.442561459541321
Train Epoch: 66 steps: 790 / 4152 loss: 3.2769564151763917
Train Epoch: 66 steps: 800 / 4152 loss: 3.371865963935852
Train Epoch: 66 steps: 810 / 4152 loss: 3.43220796585083
Train Epoch: 66 steps: 820 / 4152 loss: 3.5035865783691404
Train Epoch: 66 steps: 830 / 4152 loss: 3.3924723148345945
Train Epoch: 66 steps: 840 / 4152 loss: 3.4054945945739745
Train Epoch: 66 steps: 850 / 4152 loss: 3.4487958431243895
Train Epoch: 66 steps: 860 / 4152 loss: 3.4213503122329714
Train Epoch: 66 steps: 870 / 4152 loss: 3.4848793506622315
Train Epoch: 66 steps: 880 / 4152 loss: 3.4682302474975586
Train Epoch: 66 steps: 890 / 4152 loss: 3.3728871822357176
Train Epoch: 66 steps: 900 / 4152 loss: 3.4357730388641357
Train Epoch: 66 steps: 910 / 4152 loss: 3.5279494762420653
Train Epoch: 66 steps: 920 / 4152 loss: 3.487946701049805
Train Epoch: 66 steps: 930 / 4152 loss: 3.387893557548523
Train Epoch: 66 steps: 940 / 4152 loss: 3.4322778463363646
Train Epoch: 66 steps: 950 / 4152 loss: 3.3439680337905884
Train Epoch: 66 steps: 960 / 4152 loss: 3.3613090753555297
Train Epoch: 66 steps: 970 / 4152 loss: 3.414365816116333
Train Epoch: 66 steps: 980 / 4152 loss: 3.39460232257843
Train Epoch: 66 steps: 990 / 4152 loss: 3.4194281816482546
Train Epoch: 66 steps: 1000 / 4152 loss: 3.391068434715271
Train Epoch: 66 steps: 1010 / 4152 loss: 3.4216140031814577
Train Epoch: 66 steps: 1020 / 4152 loss: 3.451749324798584
Train Epoch: 66 steps: 1030 / 4152 loss: 3.4670851945877077
Train Epoch: 66 steps: 1040 / 4152 loss: 3.422834277153015
----------------------------------------Epoch: 67----------------------------------------
----------------------------------------Epoch: 67----------------------------------------
----------------------------------------Epoch: 67----------------------------------------
----------------------------------------Epoch: 67----------------------------------------
Train Epoch: 67 steps: 0 / 4152 loss: 0.3485192060470581
Train Epoch: 67 steps: 10 / 4152 loss: 3.5095028400421144
Train Epoch: 67 steps: 20 / 4152 loss: 3.4116271495819093
Train Epoch: 67 steps: 30 / 4152 loss: 3.5065584897994997
Train Epoch: 67 steps: 40 / 4152 loss: 3.4696057558059694
Train Epoch: 67 steps: 50 / 4152 loss: 3.4401716709136965
Train Epoch: 67 steps: 60 / 4152 loss: 3.4777459144592284
Train Epoch: 67 steps: 70 / 4152 loss: 3.409175181388855
Train Epoch: 67 steps: 80 / 4152 loss: 3.4249540090560915
Train Epoch: 67 steps: 90 / 4152 loss: 3.49621000289917
Train Epoch: 67 steps: 100 / 4152 loss: 3.441863465309143
Train Epoch: 67 steps: 110 / 4152 loss: 3.4192355394363405
Train Epoch: 67 steps: 120 / 4152 loss: 3.4121617317199706
Train Epoch: 67 steps: 130 / 4152 loss: 3.413595509529114
Train Epoch: 67 steps: 140 / 4152 loss: 3.4879543781280518
Train Epoch: 67 steps: 150 / 4152 loss: 3.5229345083236696
Train Epoch: 67 steps: 160 / 4152 loss: 3.453309655189514
Train Epoch: 67 steps: 170 / 4152 loss: 3.4204233646392823
Train Epoch: 67 steps: 180 / 4152 loss: 3.35392849445343
Train Epoch: 67 steps: 190 / 4152 loss: 3.4866539001464845
Train Epoch: 67 steps: 200 / 4152 loss: 3.39922833442688
Train Epoch: 67 steps: 210 / 4152 loss: 3.402837371826172
Train Epoch: 67 steps: 220 / 4152 loss: 3.4819871187210083
Train Epoch: 67 steps: 230 / 4152 loss: 3.426759886741638
Train Epoch: 67 steps: 240 / 4152 loss: 3.4681859970092774
Train Epoch: 67 steps: 250 / 4152 loss: 3.41975314617157
Train Epoch: 67 steps: 260 / 4152 loss: 3.4276065587997437
Train Epoch: 67 steps: 270 / 4152 loss: 3.435034728050232
Train Epoch: 67 steps: 280 / 4152 loss: 3.478145718574524
Train Epoch: 67 steps: 290 / 4152 loss: 3.356760263442993
Train Epoch: 67 steps: 300 / 4152 loss: 3.347226452827454
Train Epoch: 67 steps: 310 / 4152 loss: 3.4659627437591554
Train Epoch: 67 steps: 320 / 4152 loss: 3.4984994649887087
Train Epoch: 67 steps: 330 / 4152 loss: 3.459765100479126
Train Epoch: 67 steps: 340 / 4152 loss: 3.3721631526947022
Train Epoch: 67 steps: 350 / 4152 loss: 3.4844663381576537
Train Epoch: 67 steps: 360 / 4152 loss: 3.4741751670837404
Train Epoch: 67 steps: 370 / 4152 loss: 3.4240915060043333
Train Epoch: 67 steps: 380 / 4152 loss: 3.518386435508728
Train Epoch: 67 steps: 390 / 4152 loss: 3.467162036895752
Train Epoch: 67 steps: 400 / 4152 loss: 3.398437190055847
Train Epoch: 67 steps: 410 / 4152 loss: 3.4360522747039797
Train Epoch: 67 steps: 420 / 4152 loss: 3.47499680519104
Train Epoch: 67 steps: 430 / 4152 loss: 3.49155535697937
Train Epoch: 67 steps: 440 / 4152 loss: 3.407218098640442
Train Epoch: 67 steps: 450 / 4152 loss: 3.49994478225708
Train Epoch: 67 steps: 460 / 4152 loss: 3.472547435760498
Train Epoch: 67 steps: 470 / 4152 loss: 3.4523401498794555
Train Epoch: 67 steps: 480 / 4152 loss: 3.4218149185180664
Train Epoch: 67 steps: 490 / 4152 loss: 3.5330009937286375
Train Epoch: 67 steps: 500 / 4152 loss: 3.493136930465698
Train Epoch: 67 steps: 510 / 4152 loss: 3.5165873765945435
Train Epoch: 67 steps: 520 / 4152 loss: 3.4890443325042724
Train Epoch: 67 steps: 530 / 4152 loss: 3.3984755754470823
Train Epoch: 67 steps: 540 / 4152 loss: 3.433548593521118
Train Epoch: 67 steps: 550 / 4152 loss: 3.4681053876876833
Train Epoch: 67 steps: 560 / 4152 loss: 3.448836064338684
Train Epoch: 67 steps: 570 / 4152 loss: 3.427227568626404
Train Epoch: 67 steps: 580 / 4152 loss: 3.4410321950912475
Train Epoch: 67 steps: 590 / 4152 loss: 3.491386294364929
Train Epoch: 67 steps: 600 / 4152 loss: 3.455543041229248
Train Epoch: 67 steps: 610 / 4152 loss: 3.4140413999557495
Train Epoch: 67 steps: 620 / 4152 loss: 3.4055195569992067
Train Epoch: 67 steps: 630 / 4152 loss: 3.5225891351699827
Train Epoch: 67 steps: 640 / 4152 loss: 3.500084733963013
Train Epoch: 67 steps: 650 / 4152 loss: 3.4294867515563965
Train Epoch: 67 steps: 660 / 4152 loss: 3.3965203762054443
Train Epoch: 67 steps: 670 / 4152 loss: 3.4574735879898073
Train Epoch: 67 steps: 680 / 4152 loss: 3.4214778423309324
Train Epoch: 67 steps: 690 / 4152 loss: 3.4611226081848145
Train Epoch: 67 steps: 700 / 4152 loss: 3.4095210313796995
Train Epoch: 67 steps: 710 / 4152 loss: 3.4137688159942625
Train Epoch: 67 steps: 720 / 4152 loss: 3.427283239364624
Train Epoch: 67 steps: 730 / 4152 loss: 3.468100881576538
Train Epoch: 67 steps: 740 / 4152 loss: 3.392133116722107
Train Epoch: 67 steps: 750 / 4152 loss: 3.4432878732681274
Train Epoch: 67 steps: 760 / 4152 loss: 3.474167513847351
Train Epoch: 67 steps: 770 / 4152 loss: 3.46306426525116
Train Epoch: 67 steps: 780 / 4152 loss: 3.3754008293151854
Train Epoch: 67 steps: 790 / 4152 loss: 3.505596160888672
Train Epoch: 67 steps: 800 / 4152 loss: 3.350220489501953
Train Epoch: 67 steps: 810 / 4152 loss: 3.473852348327637
Train Epoch: 67 steps: 820 / 4152 loss: 3.46551034450531
Train Epoch: 67 steps: 830 / 4152 loss: 3.424308180809021
Train Epoch: 67 steps: 840 / 4152 loss: 3.4504411697387694
Train Epoch: 67 steps: 850 / 4152 loss: 3.393169808387756
Train Epoch: 67 steps: 860 / 4152 loss: 3.5047513246536255
Train Epoch: 67 steps: 870 / 4152 loss: 3.459052014350891
Train Epoch: 67 steps: 880 / 4152 loss: 3.4538487672805784
Train Epoch: 67 steps: 890 / 4152 loss: 3.4004390001297
Train Epoch: 67 steps: 900 / 4152 loss: 3.459339952468872
Train Epoch: 67 steps: 910 / 4152 loss: 3.478502058982849
Train Epoch: 67 steps: 920 / 4152 loss: 3.3781152963638306
Train Epoch: 67 steps: 930 / 4152 loss: 3.33184175491333
Train Epoch: 67 steps: 940 / 4152 loss: 3.376020574569702
Train Epoch: 67 steps: 950 / 4152 loss: 3.379064702987671
Train Epoch: 67 steps: 960 / 4152 loss: 3.417657423019409
Train Epoch: 67 steps: 970 / 4152 loss: 3.4608069181442263
Train Epoch: 67 steps: 980 / 4152 loss: 3.440357041358948
Train Epoch: 67 steps: 990 / 4152 loss: 3.4350904703140257
Train Epoch: 67 steps: 1000 / 4152 loss: 3.4325716733932494
Train Epoch: 67 steps: 1010 / 4152 loss: 3.420352411270142
Train Epoch: 67 steps: 1020 / 4152 loss: 3.446251630783081
Train Epoch: 67 steps: 1030 / 4152 loss: 3.4772202253341673
Train Epoch: 67 steps: 1040 / 4152 loss: 3.446092700958252
----------------------------------------Epoch: 68----------------------------------------
----------------------------------------Epoch: 68----------------------------------------
----------------------------------------Epoch: 68----------------------------------------
----------------------------------------Epoch: 68----------------------------------------
Train Epoch: 68 steps: 0 / 4152 loss: 0.35854856967926024
Train Epoch: 68 steps: 10 / 4152 loss: 3.4405431509017945
Train Epoch: 68 steps: 20 / 4152 loss: 3.442489409446716
Train Epoch: 68 steps: 30 / 4152 loss: 3.471353220939636
Train Epoch: 68 steps: 40 / 4152 loss: 3.4961708545684815
Train Epoch: 68 steps: 50 / 4152 loss: 3.4769094944000245
Train Epoch: 68 steps: 60 / 4152 loss: 3.424455189704895
Train Epoch: 68 steps: 70 / 4152 loss: 3.3799145936965944
Train Epoch: 68 steps: 80 / 4152 loss: 3.3802780389785765
Train Epoch: 68 steps: 90 / 4152 loss: 3.4957452774047852
Train Epoch: 68 steps: 100 / 4152 loss: 3.507969522476196
Train Epoch: 68 steps: 110 / 4152 loss: 3.479649806022644
Train Epoch: 68 steps: 120 / 4152 loss: 3.510380816459656
Train Epoch: 68 steps: 130 / 4152 loss: 3.40291428565979
Train Epoch: 68 steps: 140 / 4152 loss: 3.357390856742859
Train Epoch: 68 steps: 150 / 4152 loss: 3.449220657348633
Train Epoch: 68 steps: 160 / 4152 loss: 3.5184231281280516
Train Epoch: 68 steps: 170 / 4152 loss: 3.3760162830352782
Train Epoch: 68 steps: 180 / 4152 loss: 3.4169598817825317
Train Epoch: 68 steps: 190 / 4152 loss: 3.40544753074646
Train Epoch: 68 steps: 200 / 4152 loss: 3.469961071014404
Train Epoch: 68 steps: 210 / 4152 loss: 3.4315625190734864
Train Epoch: 68 steps: 220 / 4152 loss: 3.5221263647079466
Train Epoch: 68 steps: 230 / 4152 loss: 3.485590934753418
Train Epoch: 68 steps: 240 / 4152 loss: 3.4253002405166626
Train Epoch: 68 steps: 250 / 4152 loss: 3.452815818786621
Train Epoch: 68 steps: 260 / 4152 loss: 3.4236477613449097
Train Epoch: 68 steps: 270 / 4152 loss: 3.4655433654785157
Train Epoch: 68 steps: 280 / 4152 loss: 3.4181027889251707
Train Epoch: 68 steps: 290 / 4152 loss: 3.2984567642211915
Train Epoch: 68 steps: 300 / 4152 loss: 3.3764903068542482
Train Epoch: 68 steps: 310 / 4152 loss: 3.4474977970123293
Train Epoch: 68 steps: 320 / 4152 loss: 3.414402794837952
Train Epoch: 68 steps: 330 / 4152 loss: 3.517814826965332
Train Epoch: 68 steps: 340 / 4152 loss: 3.444917416572571
Train Epoch: 68 steps: 350 / 4152 loss: 3.4184497117996218
Train Epoch: 68 steps: 360 / 4152 loss: 3.4592012405395507
Train Epoch: 68 steps: 370 / 4152 loss: 3.50744743347168
Train Epoch: 68 steps: 380 / 4152 loss: 3.4064311027526855
Train Epoch: 68 steps: 390 / 4152 loss: 3.481401252746582
Train Epoch: 68 steps: 400 / 4152 loss: 3.509686589241028
Train Epoch: 68 steps: 410 / 4152 loss: 3.443282723426819
Train Epoch: 68 steps: 420 / 4152 loss: 3.447685432434082
Train Epoch: 68 steps: 430 / 4152 loss: 3.382059359550476
Train Epoch: 68 steps: 440 / 4152 loss: 3.4652358293533325
Train Epoch: 68 steps: 450 / 4152 loss: 3.301811957359314
Train Epoch: 68 steps: 460 / 4152 loss: 3.5196666955947875
Train Epoch: 68 steps: 470 / 4152 loss: 3.46981041431427
Train Epoch: 68 steps: 480 / 4152 loss: 3.4531182289123534
Train Epoch: 68 steps: 490 / 4152 loss: 3.421775984764099
Train Epoch: 68 steps: 500 / 4152 loss: 3.4504506826400756
Train Epoch: 68 steps: 510 / 4152 loss: 3.477455711364746
Train Epoch: 68 steps: 520 / 4152 loss: 3.4171672582626345
Train Epoch: 68 steps: 530 / 4152 loss: 3.4534066677093507
Train Epoch: 68 steps: 540 / 4152 loss: 3.406080722808838
Train Epoch: 68 steps: 550 / 4152 loss: 3.4006428956985473
Train Epoch: 68 steps: 560 / 4152 loss: 3.4719080209732054
Train Epoch: 68 steps: 570 / 4152 loss: 3.4984615325927733
Train Epoch: 68 steps: 580 / 4152 loss: 3.5237879514694215
Train Epoch: 68 steps: 590 / 4152 loss: 3.352250576019287
Train Epoch: 68 steps: 600 / 4152 loss: 3.4692107915878294
Train Epoch: 68 steps: 610 / 4152 loss: 3.447760486602783
Train Epoch: 68 steps: 620 / 4152 loss: 3.445960593223572
Train Epoch: 68 steps: 630 / 4152 loss: 3.514301609992981
Train Epoch: 68 steps: 640 / 4152 loss: 3.532835292816162
Train Epoch: 68 steps: 650 / 4152 loss: 3.432840085029602
Train Epoch: 68 steps: 660 / 4152 loss: 3.488376593589783
Train Epoch: 68 steps: 680 / 4152 loss: 6.450397276878357
Train Epoch: 68 steps: 690 / 4152 loss: 3.488719439506531
Train Epoch: 68 steps: 700 / 4152 loss: 3.401439094543457
Train Epoch: 68 steps: 710 / 4152 loss: 3.4446661949157713
Train Epoch: 68 steps: 720 / 4152 loss: 3.3631343603134156
Train Epoch: 68 steps: 730 / 4152 loss: 3.4392308235168456
Train Epoch: 68 steps: 740 / 4152 loss: 3.363634490966797
Train Epoch: 68 steps: 750 / 4152 loss: 3.4449637651443483
Train Epoch: 68 steps: 760 / 4152 loss: 3.485368084907532
Train Epoch: 68 steps: 770 / 4152 loss: 3.392997884750366
Train Epoch: 68 steps: 780 / 4152 loss: 3.48465256690979
Train Epoch: 68 steps: 790 / 4152 loss: 3.4130262613296507
Train Epoch: 68 steps: 800 / 4152 loss: 3.4465104818344114
Train Epoch: 68 steps: 810 / 4152 loss: 3.4196223974227906
Train Epoch: 68 steps: 820 / 4152 loss: 3.3786964654922484
Train Epoch: 68 steps: 830 / 4152 loss: 3.5149532079696657
Train Epoch: 68 steps: 840 / 4152 loss: 3.446392560005188
Train Epoch: 68 steps: 850 / 4152 loss: 3.4317357301712037
Train Epoch: 68 steps: 860 / 4152 loss: 3.4444856882095336
Train Epoch: 68 steps: 870 / 4152 loss: 3.4052910089492796
Train Epoch: 68 steps: 880 / 4152 loss: 3.3921701908111572
Train Epoch: 68 steps: 890 / 4152 loss: 3.351800489425659
Train Epoch: 68 steps: 900 / 4152 loss: 3.5501410245895384
Train Epoch: 68 steps: 910 / 4152 loss: 3.498128795623779
Train Epoch: 68 steps: 920 / 4152 loss: 3.42640540599823
Train Epoch: 68 steps: 930 / 4152 loss: 3.3421758890151976
Train Epoch: 68 steps: 940 / 4152 loss: 3.3879586935043333
Train Epoch: 68 steps: 950 / 4152 loss: 3.463730978965759
Train Epoch: 68 steps: 960 / 4152 loss: 3.4401858329772947
Train Epoch: 68 steps: 970 / 4152 loss: 3.5091444730758665
Train Epoch: 68 steps: 980 / 4152 loss: 3.4426498889923094
Train Epoch: 68 steps: 990 / 4152 loss: 3.4155948400497436
Train Epoch: 68 steps: 1000 / 4152 loss: 3.4416600942611693
Train Epoch: 68 steps: 1010 / 4152 loss: 3.4253458261489866
Train Epoch: 68 steps: 1020 / 4152 loss: 3.3941654920578004
Train Epoch: 68 steps: 1030 / 4152 loss: 3.3985565900802612
Train Epoch: 68 steps: 1040 / 4152 loss: 3.402202272415161
----------------------------------------Epoch: 69----------------------------------------
----------------------------------------Epoch: 69----------------------------------------
----------------------------------------Epoch: 69----------------------------------------
----------------------------------------Epoch: 69----------------------------------------
Train Epoch: 69 steps: 0 / 4152 loss: 0.3045868635177612
Train Epoch: 69 steps: 10 / 4152 loss: 3.4194644689559937
Train Epoch: 69 steps: 20 / 4152 loss: 3.4313485622406006
Train Epoch: 69 steps: 30 / 4152 loss: 3.5742906093597413
Train Epoch: 69 steps: 40 / 4152 loss: 3.435260772705078
Train Epoch: 69 steps: 50 / 4152 loss: 3.3788068532943725
Train Epoch: 69 steps: 60 / 4152 loss: 3.474546456336975
Train Epoch: 69 steps: 70 / 4152 loss: 3.4911510229110716
Train Epoch: 69 steps: 80 / 4152 loss: 3.41092369556427
Train Epoch: 69 steps: 90 / 4152 loss: 3.4880446434020995
Train Epoch: 69 steps: 100 / 4152 loss: 3.4312169313430787
Train Epoch: 69 steps: 110 / 4152 loss: 3.38530855178833
Train Epoch: 69 steps: 120 / 4152 loss: 3.4748770713806154
Train Epoch: 69 steps: 130 / 4152 loss: 3.4483504056930543
Train Epoch: 69 steps: 140 / 4152 loss: 3.5078086614608766
Train Epoch: 69 steps: 150 / 4152 loss: 3.4091136932373045
Train Epoch: 69 steps: 160 / 4152 loss: 3.442796564102173
Train Epoch: 69 steps: 170 / 4152 loss: 3.44733304977417
Train Epoch: 69 steps: 180 / 4152 loss: 3.473050928115845
Train Epoch: 69 steps: 190 / 4152 loss: 3.300006604194641
Train Epoch: 69 steps: 200 / 4152 loss: 3.4081377267837523
Train Epoch: 69 steps: 210 / 4152 loss: 3.5123667478561402
Train Epoch: 69 steps: 220 / 4152 loss: 3.411967158317566
Train Epoch: 69 steps: 230 / 4152 loss: 3.458452820777893
Train Epoch: 69 steps: 240 / 4152 loss: 3.396251010894775
Train Epoch: 69 steps: 250 / 4152 loss: 3.459478664398193
Train Epoch: 69 steps: 260 / 4152 loss: 3.5213644981384276
Train Epoch: 69 steps: 270 / 4152 loss: 3.5032124519348145
Train Epoch: 69 steps: 280 / 4152 loss: 3.4296567678451537
Train Epoch: 69 steps: 290 / 4152 loss: 3.4822731733322145
Train Epoch: 69 steps: 300 / 4152 loss: 3.4184079647064207
Train Epoch: 69 steps: 310 / 4152 loss: 3.4404803037643434
Train Epoch: 69 steps: 320 / 4152 loss: 3.4494133472442625
Train Epoch: 69 steps: 330 / 4152 loss: 3.474941277503967
Train Epoch: 69 steps: 340 / 4152 loss: 3.463401436805725
Train Epoch: 69 steps: 350 / 4152 loss: 3.445225739479065
Train Epoch: 69 steps: 360 / 4152 loss: 3.486186718940735
Train Epoch: 69 steps: 370 / 4152 loss: 3.4111689567565917
Train Epoch: 69 steps: 380 / 4152 loss: 3.3950366497039797
Train Epoch: 69 steps: 390 / 4152 loss: 3.4312376976013184
Train Epoch: 69 steps: 400 / 4152 loss: 3.4003379344940186
Train Epoch: 69 steps: 410 / 4152 loss: 3.4809533834457396
Train Epoch: 69 steps: 420 / 4152 loss: 3.394689679145813
Train Epoch: 69 steps: 430 / 4152 loss: 3.466779112815857
Train Epoch: 69 steps: 440 / 4152 loss: 3.443479132652283
Train Epoch: 69 steps: 450 / 4152 loss: 3.4456175565719604
Train Epoch: 69 steps: 460 / 4152 loss: 3.3518867015838625
Train Epoch: 69 steps: 470 / 4152 loss: 3.450123333930969
Train Epoch: 69 steps: 480 / 4152 loss: 3.4409673690795897
Train Epoch: 69 steps: 490 / 4152 loss: 3.47285258769989
Train Epoch: 69 steps: 500 / 4152 loss: 3.3729865550994873
Train Epoch: 69 steps: 510 / 4152 loss: 3.392666745185852
Train Epoch: 69 steps: 520 / 4152 loss: 3.4983150005340575
Train Epoch: 69 steps: 530 / 4152 loss: 3.4814595937728883
Train Epoch: 69 steps: 540 / 4152 loss: 3.3940855979919435
Train Epoch: 69 steps: 550 / 4152 loss: 3.509068250656128
Train Epoch: 69 steps: 560 / 4152 loss: 3.4283239603042603
Train Epoch: 69 steps: 570 / 4152 loss: 3.4741772651672362
Train Epoch: 69 steps: 580 / 4152 loss: 3.468562650680542
Train Epoch: 69 steps: 590 / 4152 loss: 3.4099857807159424
Train Epoch: 69 steps: 600 / 4152 loss: 3.4255037784576414
Train Epoch: 69 steps: 610 / 4152 loss: 3.4553802251815795
Train Epoch: 69 steps: 620 / 4152 loss: 3.4348963022232057
Train Epoch: 69 steps: 630 / 4152 loss: 3.5694435596466065
Train Epoch: 69 steps: 640 / 4152 loss: 3.4224437713623046
Train Epoch: 69 steps: 650 / 4152 loss: 3.4556484699249266
Train Epoch: 69 steps: 660 / 4152 loss: 3.4156909227371215
Train Epoch: 69 steps: 670 / 4152 loss: 3.456377911567688
Train Epoch: 69 steps: 680 / 4152 loss: 3.334933638572693
Train Epoch: 69 steps: 690 / 4152 loss: 3.4127156019210814
Train Epoch: 69 steps: 700 / 4152 loss: 3.407557964324951
Train Epoch: 69 steps: 710 / 4152 loss: 3.4702277421951293
Train Epoch: 69 steps: 720 / 4152 loss: 3.4066599130630495
Train Epoch: 69 steps: 730 / 4152 loss: 3.440814805030823
Train Epoch: 69 steps: 740 / 4152 loss: 3.4808873176574706
Train Epoch: 69 steps: 750 / 4152 loss: 3.4643160104751587
Train Epoch: 69 steps: 760 / 4152 loss: 3.48617160320282
Train Epoch: 69 steps: 770 / 4152 loss: 3.4883401870727537
Train Epoch: 69 steps: 780 / 4152 loss: 3.404950714111328
Train Epoch: 69 steps: 790 / 4152 loss: 3.3953322649002073
Train Epoch: 69 steps: 800 / 4152 loss: 3.403622055053711
Train Epoch: 69 steps: 810 / 4152 loss: 3.5015491008758546
Train Epoch: 69 steps: 820 / 4152 loss: 3.4380144834518434
Train Epoch: 69 steps: 830 / 4152 loss: 3.431191420555115
Train Epoch: 69 steps: 840 / 4152 loss: 3.4277507305145263
Train Epoch: 69 steps: 850 / 4152 loss: 3.4086886405944825
Train Epoch: 69 steps: 860 / 4152 loss: 3.4312542915344237
Train Epoch: 69 steps: 870 / 4152 loss: 3.4908944606781005
Train Epoch: 69 steps: 880 / 4152 loss: 3.387655019760132
Train Epoch: 69 steps: 890 / 4152 loss: 3.478417921066284
Train Epoch: 69 steps: 900 / 4152 loss: 3.380802845954895
Train Epoch: 69 steps: 910 / 4152 loss: 3.4133200883865356
Train Epoch: 69 steps: 920 / 4152 loss: 3.391165781021118
Train Epoch: 69 steps: 930 / 4152 loss: 3.444956088066101
Train Epoch: 69 steps: 940 / 4152 loss: 3.44651780128479
Train Epoch: 69 steps: 950 / 4152 loss: 3.4744870901107787
Train Epoch: 69 steps: 960 / 4152 loss: 3.4617432594299316
Train Epoch: 69 steps: 970 / 4152 loss: 3.417712116241455
Train Epoch: 69 steps: 980 / 4152 loss: 3.4446605682373046
Train Epoch: 69 steps: 990 / 4152 loss: 3.458376979827881
Train Epoch: 69 steps: 1000 / 4152 loss: 3.433622884750366
Train Epoch: 69 steps: 1010 / 4152 loss: 3.3905234575271606
Train Epoch: 69 steps: 1020 / 4152 loss: 3.4159435987472535
Train Epoch: 69 steps: 1030 / 4152 loss: 3.4027321577072143
Train Epoch: 69 steps: 1040 / 4152 loss: 3.323115682601929
----------------------------------------Epoch: 70----------------------------------------
----------------------------------------Epoch: 70----------------------------------------
----------------------------------------Epoch: 70----------------------------------------
----------------------------------------Epoch: 70----------------------------------------
Train Epoch: 70 steps: 0 / 4152 loss: 0.3353564262390137
Train Epoch: 70 steps: 10 / 4152 loss: 3.434411120414734
Train Epoch: 70 steps: 20 / 4152 loss: 3.47351393699646
Train Epoch: 70 steps: 30 / 4152 loss: 3.424884724617004
Train Epoch: 70 steps: 40 / 4152 loss: 3.432193565368652
Train Epoch: 70 steps: 50 / 4152 loss: 3.4110435247421265
Train Epoch: 70 steps: 60 / 4152 loss: 3.4749645233154296
Train Epoch: 70 steps: 70 / 4152 loss: 3.4814889907836912
Train Epoch: 70 steps: 80 / 4152 loss: 3.419222044944763
Train Epoch: 70 steps: 90 / 4152 loss: 3.4724470138549806
Train Epoch: 70 steps: 100 / 4152 loss: 3.4056073904037474
Train Epoch: 70 steps: 110 / 4152 loss: 3.45486159324646
Train Epoch: 70 steps: 120 / 4152 loss: 3.444173216819763
Train Epoch: 70 steps: 130 / 4152 loss: 3.3534427642822267
Train Epoch: 70 steps: 140 / 4152 loss: 3.4863047361373902
Train Epoch: 70 steps: 150 / 4152 loss: 3.4682822465896606
Train Epoch: 70 steps: 160 / 4152 loss: 3.461456823348999
Train Epoch: 70 steps: 170 / 4152 loss: 3.428821086883545
Train Epoch: 70 steps: 180 / 4152 loss: 3.5089597702026367
Train Epoch: 70 steps: 190 / 4152 loss: 3.4351075649261475
Train Epoch: 70 steps: 200 / 4152 loss: 3.4750890254974367
Train Epoch: 70 steps: 210 / 4152 loss: 3.358970069885254
Train Epoch: 70 steps: 220 / 4152 loss: 3.3952162981033327
Train Epoch: 70 steps: 230 / 4152 loss: 3.435391664505005
Train Epoch: 70 steps: 240 / 4152 loss: 3.3861265182495117
Train Epoch: 70 steps: 250 / 4152 loss: 3.416574740409851
Train Epoch: 70 steps: 260 / 4152 loss: 3.402860641479492
Train Epoch: 70 steps: 270 / 4152 loss: 3.2333986520767213
Train Epoch: 70 steps: 280 / 4152 loss: 3.481954002380371
Train Epoch: 70 steps: 290 / 4152 loss: 3.3141109704971314
Train Epoch: 70 steps: 300 / 4152 loss: 3.4741902112960816
Train Epoch: 70 steps: 310 / 4152 loss: 3.467044472694397
Train Epoch: 70 steps: 320 / 4152 loss: 3.4553192615509034
Train Epoch: 70 steps: 330 / 4152 loss: 3.4778909921646117
Train Epoch: 70 steps: 340 / 4152 loss: 3.3669150114059447
Train Epoch: 70 steps: 350 / 4152 loss: 3.404082417488098
Train Epoch: 70 steps: 360 / 4152 loss: 3.4511919736862184
Train Epoch: 70 steps: 370 / 4152 loss: 3.444097661972046
Train Epoch: 70 steps: 380 / 4152 loss: 3.4642476558685305
Train Epoch: 70 steps: 390 / 4152 loss: 3.5263516902923584
Train Epoch: 70 steps: 400 / 4152 loss: 3.39635009765625
Train Epoch: 70 steps: 410 / 4152 loss: 3.4334797143936155
Train Epoch: 70 steps: 420 / 4152 loss: 3.4706724882125854
Train Epoch: 70 steps: 430 / 4152 loss: 3.4226552486419677
Train Epoch: 70 steps: 440 / 4152 loss: 3.409226083755493
Train Epoch: 70 steps: 450 / 4152 loss: 3.4424527645111085
Train Epoch: 70 steps: 460 / 4152 loss: 3.381614565849304
Train Epoch: 70 steps: 470 / 4152 loss: 3.4531659364700316
Train Epoch: 70 steps: 480 / 4152 loss: 3.5095280408859253
Train Epoch: 70 steps: 490 / 4152 loss: 3.4620649337768556
Train Epoch: 70 steps: 500 / 4152 loss: 3.4905115604400634
Train Epoch: 70 steps: 510 / 4152 loss: 3.51555278301239
Train Epoch: 70 steps: 520 / 4152 loss: 3.4458372831344604
Train Epoch: 70 steps: 530 / 4152 loss: 3.4851202249526976
Train Epoch: 70 steps: 540 / 4152 loss: 3.492180013656616
Train Epoch: 70 steps: 550 / 4152 loss: 3.4871224403381347
Train Epoch: 70 steps: 560 / 4152 loss: 3.4605539798736573
Train Epoch: 70 steps: 570 / 4152 loss: 3.3605090618133544
Train Epoch: 70 steps: 580 / 4152 loss: 3.423741936683655
Train Epoch: 70 steps: 590 / 4152 loss: 3.3893789052963257
Train Epoch: 70 steps: 600 / 4152 loss: 3.4058273077011108
Train Epoch: 70 steps: 610 / 4152 loss: 3.464429259300232
Train Epoch: 70 steps: 620 / 4152 loss: 3.4102902173995973
Train Epoch: 70 steps: 630 / 4152 loss: 3.443263864517212
Train Epoch: 70 steps: 640 / 4152 loss: 3.4032279014587403
Train Epoch: 70 steps: 650 / 4152 loss: 3.4582851409912108
Train Epoch: 70 steps: 660 / 4152 loss: 3.399466609954834
Train Epoch: 70 steps: 670 / 4152 loss: 3.3956671953201294
Train Epoch: 70 steps: 680 / 4152 loss: 3.4257329225540163
Train Epoch: 70 steps: 690 / 4152 loss: 3.4206886291503906
Train Epoch: 70 steps: 700 / 4152 loss: 3.3931015729904175
Train Epoch: 70 steps: 710 / 4152 loss: 3.3823323965072634
Train Epoch: 70 steps: 720 / 4152 loss: 3.4042956590652467
Train Epoch: 70 steps: 730 / 4152 loss: 3.47617506980896
Train Epoch: 70 steps: 740 / 4152 loss: 3.3923056364059447
Train Epoch: 70 steps: 750 / 4152 loss: 3.413202929496765
Train Epoch: 70 steps: 760 / 4152 loss: 3.502107310295105
Train Epoch: 70 steps: 770 / 4152 loss: 3.510938787460327
Train Epoch: 70 steps: 780 / 4152 loss: 3.3905691623687746
Train Epoch: 70 steps: 790 / 4152 loss: 3.481149196624756
Train Epoch: 70 steps: 800 / 4152 loss: 3.4257139444351195
Train Epoch: 70 steps: 810 / 4152 loss: 3.4440131902694704
Train Epoch: 70 steps: 820 / 4152 loss: 3.464180827140808
Train Epoch: 70 steps: 830 / 4152 loss: 3.4863571643829347
Train Epoch: 70 steps: 840 / 4152 loss: 3.4646392107009887
Train Epoch: 70 steps: 850 / 4152 loss: 3.4265371561050415
Train Epoch: 70 steps: 860 / 4152 loss: 3.324266457557678
Train Epoch: 70 steps: 870 / 4152 loss: 3.4136903285980225
Train Epoch: 70 steps: 880 / 4152 loss: 3.4565985918045046
Train Epoch: 70 steps: 890 / 4152 loss: 3.4070883274078367
Train Epoch: 70 steps: 900 / 4152 loss: 3.446540665626526
Train Epoch: 70 steps: 910 / 4152 loss: 3.39265398979187
Train Epoch: 70 steps: 920 / 4152 loss: 3.4089184045791625
Train Epoch: 70 steps: 930 / 4152 loss: 3.4787681341171264
Train Epoch: 70 steps: 940 / 4152 loss: 3.499737524986267
Train Epoch: 70 steps: 950 / 4152 loss: 3.395124006271362
Train Epoch: 70 steps: 960 / 4152 loss: 3.4668901443481444
Train Epoch: 70 steps: 970 / 4152 loss: 3.5182183980941772
Train Epoch: 70 steps: 980 / 4152 loss: 3.358274483680725
Train Epoch: 70 steps: 990 / 4152 loss: 3.424759578704834
Train Epoch: 70 steps: 1000 / 4152 loss: 3.4296997785568237
Train Epoch: 70 steps: 1010 / 4152 loss: 3.424030375480652
Train Epoch: 70 steps: 1020 / 4152 loss: 3.3789783000946043
Train Epoch: 70 steps: 1030 / 4152 loss: 3.277476930618286
Train Epoch: 70 steps: 1040 / 4152 loss: 3.4908355236053468
----------------------------------------Epoch: 71----------------------------------------
----------------------------------------Epoch: 71----------------------------------------
----------------------------------------Epoch: 71----------------------------------------
----------------------------------------Epoch: 71----------------------------------------
Train Epoch: 71 steps: 0 / 4152 loss: 0.357099723815918
Train Epoch: 71 steps: 10 / 4152 loss: 3.535199284553528
Train Epoch: 71 steps: 20 / 4152 loss: 3.4061766624450684
Train Epoch: 71 steps: 30 / 4152 loss: 3.369470977783203
Train Epoch: 71 steps: 40 / 4152 loss: 3.408675527572632
Train Epoch: 71 steps: 50 / 4152 loss: 3.507956600189209
Train Epoch: 71 steps: 60 / 4152 loss: 3.366219711303711
Train Epoch: 71 steps: 70 / 4152 loss: 3.434420585632324
Train Epoch: 71 steps: 80 / 4152 loss: 3.4737369537353517
Train Epoch: 71 steps: 90 / 4152 loss: 3.3840111255645753
Train Epoch: 71 steps: 100 / 4152 loss: 3.5048187255859373
Train Epoch: 71 steps: 110 / 4152 loss: 3.4783005475997926
Train Epoch: 71 steps: 120 / 4152 loss: 3.4785239934921264
Train Epoch: 71 steps: 130 / 4152 loss: 3.4627600431442263
Train Epoch: 71 steps: 140 / 4152 loss: 3.3891406297683715
Train Epoch: 71 steps: 150 / 4152 loss: 3.4064265727996825
Train Epoch: 71 steps: 160 / 4152 loss: 3.338166284561157
Train Epoch: 71 steps: 170 / 4152 loss: 3.4316245555877685
Train Epoch: 71 steps: 180 / 4152 loss: 3.4235811948776247
Train Epoch: 71 steps: 190 / 4152 loss: 3.4517409324646
Train Epoch: 71 steps: 200 / 4152 loss: 3.470951271057129
Train Epoch: 71 steps: 210 / 4152 loss: 3.444845104217529
Train Epoch: 71 steps: 220 / 4152 loss: 3.271679401397705
Train Epoch: 71 steps: 230 / 4152 loss: 3.4248575448989866
Train Epoch: 71 steps: 240 / 4152 loss: 3.4026195764541627
Train Epoch: 71 steps: 250 / 4152 loss: 3.509761691093445
Train Epoch: 71 steps: 260 / 4152 loss: 3.4754676818847656
Train Epoch: 71 steps: 270 / 4152 loss: 3.460197186470032
Train Epoch: 71 steps: 280 / 4152 loss: 3.4565420866012575
Train Epoch: 71 steps: 290 / 4152 loss: 3.4893415689468386
Train Epoch: 71 steps: 300 / 4152 loss: 3.455640435218811
Train Epoch: 71 steps: 310 / 4152 loss: 3.5169575929641725
Train Epoch: 71 steps: 320 / 4152 loss: 3.440235233306885
Train Epoch: 71 steps: 330 / 4152 loss: 3.4312203407287596
Train Epoch: 71 steps: 340 / 4152 loss: 3.446589398384094
Train Epoch: 71 steps: 350 / 4152 loss: 3.374916648864746
Train Epoch: 71 steps: 360 / 4152 loss: 3.5710299968719483
Train Epoch: 71 steps: 370 / 4152 loss: 3.392595815658569
Train Epoch: 71 steps: 380 / 4152 loss: 3.3776614904403686
Train Epoch: 71 steps: 390 / 4152 loss: 3.4385228872299196
Train Epoch: 71 steps: 400 / 4152 loss: 3.510849118232727
Train Epoch: 71 steps: 410 / 4152 loss: 3.458737277984619
Train Epoch: 71 steps: 420 / 4152 loss: 3.434505248069763
Train Epoch: 71 steps: 430 / 4152 loss: 3.492102861404419
Train Epoch: 71 steps: 440 / 4152 loss: 3.4057796239852904
Train Epoch: 71 steps: 450 / 4152 loss: 3.4713550329208376
Train Epoch: 71 steps: 460 / 4152 loss: 3.4237521171569822
Train Epoch: 71 steps: 470 / 4152 loss: 3.47332649230957
Train Epoch: 71 steps: 480 / 4152 loss: 3.471006441116333
Train Epoch: 71 steps: 490 / 4152 loss: 3.5071837663650514
Train Epoch: 71 steps: 500 / 4152 loss: 3.455526876449585
Train Epoch: 71 steps: 510 / 4152 loss: 3.405693006515503
Train Epoch: 71 steps: 520 / 4152 loss: 3.4020057678222657
Train Epoch: 71 steps: 530 / 4152 loss: 3.502033805847168
Train Epoch: 71 steps: 540 / 4152 loss: 3.380871891975403
Train Epoch: 71 steps: 550 / 4152 loss: 3.512692022323608
Train Epoch: 71 steps: 560 / 4152 loss: 3.4107803106307983
Train Epoch: 71 steps: 570 / 4152 loss: 3.4616002798080445
Train Epoch: 71 steps: 580 / 4152 loss: 3.421098327636719
Train Epoch: 71 steps: 590 / 4152 loss: 3.404101753234863
Train Epoch: 71 steps: 600 / 4152 loss: 3.5141437292099
Train Epoch: 71 steps: 610 / 4152 loss: 3.4097166776657106
Train Epoch: 71 steps: 620 / 4152 loss: 3.4227545499801635
Train Epoch: 71 steps: 630 / 4152 loss: 3.4539196729660033
Train Epoch: 71 steps: 640 / 4152 loss: 3.480686664581299
Train Epoch: 71 steps: 650 / 4152 loss: 3.458673691749573
Train Epoch: 71 steps: 660 / 4152 loss: 3.4040461778640747
Train Epoch: 71 steps: 670 / 4152 loss: 3.3782868146896363
Train Epoch: 71 steps: 680 / 4152 loss: 3.393692469596863
Train Epoch: 71 steps: 690 / 4152 loss: 3.5143585205078125
Train Epoch: 71 steps: 700 / 4152 loss: 3.401832437515259
Train Epoch: 71 steps: 710 / 4152 loss: 3.389258050918579
Train Epoch: 71 steps: 720 / 4152 loss: 3.4751129388809203
Train Epoch: 71 steps: 730 / 4152 loss: 3.477695441246033
Train Epoch: 71 steps: 740 / 4152 loss: 3.50130934715271
Train Epoch: 71 steps: 750 / 4152 loss: 3.447094941139221
Train Epoch: 71 steps: 760 / 4152 loss: 3.4687785148620605
Train Epoch: 71 steps: 770 / 4152 loss: 3.4598716259002686
Train Epoch: 71 steps: 780 / 4152 loss: 3.413610816001892
Train Epoch: 71 steps: 790 / 4152 loss: 3.4191399812698364
Train Epoch: 71 steps: 800 / 4152 loss: 3.416200637817383
Train Epoch: 71 steps: 810 / 4152 loss: 3.493059206008911
Train Epoch: 71 steps: 820 / 4152 loss: 3.4077223777770995
Train Epoch: 71 steps: 830 / 4152 loss: 3.3613444805145263
Train Epoch: 71 steps: 840 / 4152 loss: 3.4651303052902223
Train Epoch: 71 steps: 850 / 4152 loss: 3.4047451257705688
Train Epoch: 71 steps: 860 / 4152 loss: 3.356517767906189
Train Epoch: 71 steps: 870 / 4152 loss: 3.441851282119751
Train Epoch: 71 steps: 880 / 4152 loss: 3.457047200202942
Train Epoch: 71 steps: 890 / 4152 loss: 3.5013697385787963
Train Epoch: 71 steps: 900 / 4152 loss: 3.394756031036377
Train Epoch: 71 steps: 910 / 4152 loss: 3.3869648218154906
Train Epoch: 71 steps: 920 / 4152 loss: 3.4201976537704466
Train Epoch: 71 steps: 930 / 4152 loss: 3.3584672689437864
Train Epoch: 71 steps: 940 / 4152 loss: 3.4164672613143923
Train Epoch: 71 steps: 950 / 4152 loss: 3.4158729314804077
Train Epoch: 71 steps: 960 / 4152 loss: 3.477188754081726
Train Epoch: 71 steps: 970 / 4152 loss: 3.4414623975753784
Train Epoch: 71 steps: 980 / 4152 loss: 3.4719972372055055
Train Epoch: 71 steps: 990 / 4152 loss: 3.4993101835250853
Train Epoch: 71 steps: 1000 / 4152 loss: 3.4780065298080443
Train Epoch: 71 steps: 1010 / 4152 loss: 3.470933723449707
Train Epoch: 71 steps: 1020 / 4152 loss: 3.4000730514526367
Train Epoch: 71 steps: 1030 / 4152 loss: 3.5048724174499513
Train Epoch: 71 steps: 1040 / 4152 loss: 3.4860958576202394
----------------------------------------Epoch: 72----------------------------------------
----------------------------------------Epoch: 72----------------------------------------
----------------------------------------Epoch: 72----------------------------------------
----------------------------------------Epoch: 72----------------------------------------
Train Epoch: 72 steps: 0 / 4152 loss: 0.34052448272705077
Train Epoch: 72 steps: 10 / 4152 loss: 3.459900069236755
Train Epoch: 72 steps: 20 / 4152 loss: 3.4381901025772095
Train Epoch: 72 steps: 30 / 4152 loss: 3.318921971321106
Train Epoch: 72 steps: 40 / 4152 loss: 3.467185711860657
Train Epoch: 72 steps: 50 / 4152 loss: 3.4618213176727295
Train Epoch: 72 steps: 60 / 4152 loss: 3.4832598686218263
Train Epoch: 72 steps: 70 / 4152 loss: 3.432912540435791
Train Epoch: 72 steps: 80 / 4152 loss: 3.452162837982178
Train Epoch: 72 steps: 90 / 4152 loss: 3.4187296628952026
Train Epoch: 72 steps: 100 / 4152 loss: 3.3860926389694215
Train Epoch: 72 steps: 110 / 4152 loss: 3.395670986175537
Train Epoch: 72 steps: 120 / 4152 loss: 3.509489727020264
Train Epoch: 72 steps: 130 / 4152 loss: 3.347228240966797
Train Epoch: 72 steps: 140 / 4152 loss: 3.4192330598831178
Train Epoch: 72 steps: 150 / 4152 loss: 3.495224952697754
Train Epoch: 72 steps: 160 / 4152 loss: 3.4524055242538454
Train Epoch: 72 steps: 170 / 4152 loss: 3.518855571746826
Train Epoch: 72 steps: 180 / 4152 loss: 3.440909719467163
Train Epoch: 72 steps: 190 / 4152 loss: 3.487588310241699
Train Epoch: 72 steps: 200 / 4152 loss: 3.2551276445388795
Train Epoch: 72 steps: 210 / 4152 loss: 3.4642016172409056
Train Epoch: 72 steps: 220 / 4152 loss: 3.367706370353699
Train Epoch: 72 steps: 230 / 4152 loss: 3.4485399961471557
Train Epoch: 72 steps: 240 / 4152 loss: 3.396225428581238
Train Epoch: 72 steps: 250 / 4152 loss: 3.41436185836792
Train Epoch: 72 steps: 260 / 4152 loss: 3.4863173723220826
Train Epoch: 72 steps: 270 / 4152 loss: 3.408093571662903
Train Epoch: 72 steps: 280 / 4152 loss: 3.3627549171447755
Train Epoch: 72 steps: 290 / 4152 loss: 3.4190775632858275
Train Epoch: 72 steps: 300 / 4152 loss: 3.3832329511642456
Train Epoch: 72 steps: 310 / 4152 loss: 3.398813796043396
Train Epoch: 72 steps: 320 / 4152 loss: 3.3475348949432373
Train Epoch: 72 steps: 330 / 4152 loss: 3.3931746959686278
Train Epoch: 72 steps: 340 / 4152 loss: 3.3794663906097413
Train Epoch: 72 steps: 350 / 4152 loss: 3.3703261852264403
Train Epoch: 72 steps: 360 / 4152 loss: 3.4188490867614747
Train Epoch: 72 steps: 370 / 4152 loss: 3.4330318927764893
Train Epoch: 72 steps: 380 / 4152 loss: 3.3476370096206667
Train Epoch: 72 steps: 390 / 4152 loss: 3.422239327430725
Train Epoch: 72 steps: 400 / 4152 loss: 3.4238466739654543
Train Epoch: 72 steps: 410 / 4152 loss: 3.404644227027893
Train Epoch: 72 steps: 420 / 4152 loss: 3.4834980010986327
Train Epoch: 72 steps: 430 / 4152 loss: 3.3978999614715577
Train Epoch: 72 steps: 440 / 4152 loss: 3.4279175996780396
Train Epoch: 72 steps: 450 / 4152 loss: 3.455236291885376
Train Epoch: 72 steps: 460 / 4152 loss: 3.4698729038238527
Train Epoch: 72 steps: 470 / 4152 loss: 3.508664846420288
Train Epoch: 72 steps: 480 / 4152 loss: 3.458745574951172
Train Epoch: 72 steps: 490 / 4152 loss: 3.4398163080215456
Train Epoch: 72 steps: 500 / 4152 loss: 3.4970268487930296
Train Epoch: 72 steps: 510 / 4152 loss: 3.472036576271057
Train Epoch: 72 steps: 520 / 4152 loss: 3.475792145729065
Train Epoch: 72 steps: 530 / 4152 loss: 3.458782434463501
Train Epoch: 72 steps: 540 / 4152 loss: 3.3724830865859987
Train Epoch: 72 steps: 550 / 4152 loss: 3.411273789405823
Train Epoch: 72 steps: 560 / 4152 loss: 3.4681379079818724
Train Epoch: 72 steps: 570 / 4152 loss: 3.4704987049102782
Train Epoch: 72 steps: 580 / 4152 loss: 3.4343343496322634
Train Epoch: 72 steps: 590 / 4152 loss: 3.4656668424606325
Train Epoch: 72 steps: 600 / 4152 loss: 3.4757026195526124
Train Epoch: 72 steps: 610 / 4152 loss: 3.395941376686096
Train Epoch: 72 steps: 620 / 4152 loss: 3.4098134994506837
Train Epoch: 72 steps: 630 / 4152 loss: 3.40186083316803
Train Epoch: 72 steps: 640 / 4152 loss: 3.4192561388015745
Train Epoch: 72 steps: 650 / 4152 loss: 3.4494770765304565
Train Epoch: 72 steps: 660 / 4152 loss: 3.4673757791519164
Train Epoch: 72 steps: 670 / 4152 loss: 3.426863670349121
Train Epoch: 72 steps: 680 / 4152 loss: 3.4028128147125245
Train Epoch: 72 steps: 690 / 4152 loss: 3.4414023637771605
Train Epoch: 72 steps: 700 / 4152 loss: 3.4347551107406615
Train Epoch: 72 steps: 710 / 4152 loss: 3.4579479932785033
Train Epoch: 72 steps: 720 / 4152 loss: 3.3457613706588747
Train Epoch: 72 steps: 730 / 4152 loss: 3.3800967931747437
Train Epoch: 72 steps: 740 / 4152 loss: 3.4264770269393923
Train Epoch: 72 steps: 750 / 4152 loss: 3.398930549621582
Train Epoch: 72 steps: 760 / 4152 loss: 3.4683865308761597
Train Epoch: 72 steps: 770 / 4152 loss: 3.4243067026138307
Train Epoch: 72 steps: 780 / 4152 loss: 3.4052865982055662
Train Epoch: 72 steps: 790 / 4152 loss: 3.3774104595184324
Train Epoch: 72 steps: 800 / 4152 loss: 3.423050332069397
Train Epoch: 72 steps: 810 / 4152 loss: 3.4355677366256714
Train Epoch: 72 steps: 820 / 4152 loss: 3.4648730516433717
Train Epoch: 72 steps: 830 / 4152 loss: 3.370578408241272
Train Epoch: 72 steps: 840 / 4152 loss: 3.4835421085357665
Train Epoch: 72 steps: 850 / 4152 loss: 3.462521958351135
Train Epoch: 72 steps: 860 / 4152 loss: 3.5167736291885374
Train Epoch: 72 steps: 870 / 4152 loss: 3.4192453622817993
Train Epoch: 72 steps: 880 / 4152 loss: 3.4889053106307983
Train Epoch: 72 steps: 890 / 4152 loss: 3.423782968521118
Train Epoch: 72 steps: 900 / 4152 loss: 3.4288827180862427
Train Epoch: 72 steps: 910 / 4152 loss: 3.4389716148376466
Train Epoch: 72 steps: 920 / 4152 loss: 3.4581300258636474
Train Epoch: 72 steps: 930 / 4152 loss: 3.3994269132614137
Train Epoch: 72 steps: 940 / 4152 loss: 3.4462872982025146
Train Epoch: 72 steps: 950 / 4152 loss: 3.4635690450668335
Train Epoch: 72 steps: 960 / 4152 loss: 3.4684227228164675
Train Epoch: 72 steps: 970 / 4152 loss: 3.3886244535446166
Train Epoch: 72 steps: 980 / 4152 loss: 3.3752671241760255
Train Epoch: 72 steps: 990 / 4152 loss: 3.442346787452698
Train Epoch: 72 steps: 1000 / 4152 loss: 3.3802716732025146
Train Epoch: 72 steps: 1010 / 4152 loss: 3.493837761878967
Train Epoch: 72 steps: 1020 / 4152 loss: 3.4468129158020018
Train Epoch: 72 steps: 1030 / 4152 loss: 3.482907199859619
Train Epoch: 72 steps: 1040 / 4152 loss: 3.3740346908569334
----------------------------------------Epoch: 73----------------------------------------
----------------------------------------Epoch: 73----------------------------------------
----------------------------------------Epoch: 73----------------------------------------
----------------------------------------Epoch: 73----------------------------------------
Train Epoch: 73 steps: 0 / 4152 loss: 0.3329501152038574
Train Epoch: 73 steps: 10 / 4152 loss: 3.4400762796401976
Train Epoch: 73 steps: 20 / 4152 loss: 3.4612404108047485
Train Epoch: 73 steps: 30 / 4152 loss: 3.445194697380066
Train Epoch: 73 steps: 40 / 4152 loss: 3.4547287940979006
Train Epoch: 73 steps: 50 / 4152 loss: 3.5216450691223145
Train Epoch: 73 steps: 60 / 4152 loss: 3.4388699769973754
Train Epoch: 73 steps: 70 / 4152 loss: 3.5161540508270264
Train Epoch: 73 steps: 80 / 4152 loss: 3.404409313201904
Train Epoch: 73 steps: 90 / 4152 loss: 3.413787913322449
Train Epoch: 73 steps: 100 / 4152 loss: 3.525691533088684
Train Epoch: 73 steps: 110 / 4152 loss: 3.4725811004638674
Train Epoch: 73 steps: 120 / 4152 loss: 3.397325348854065
Train Epoch: 73 steps: 130 / 4152 loss: 3.4795568227767943
Train Epoch: 73 steps: 140 / 4152 loss: 3.48157114982605
Train Epoch: 73 steps: 150 / 4152 loss: 3.466368627548218
Train Epoch: 73 steps: 160 / 4152 loss: 3.4122399568557737
Train Epoch: 73 steps: 170 / 4152 loss: 3.433250832557678
Train Epoch: 73 steps: 180 / 4152 loss: 3.3933289527893065
Train Epoch: 73 steps: 190 / 4152 loss: 3.37727530002594
Train Epoch: 73 steps: 200 / 4152 loss: 3.3727412700653074
Train Epoch: 73 steps: 210 / 4152 loss: 3.4691050052642822
Train Epoch: 73 steps: 220 / 4152 loss: 3.5489840507507324
Train Epoch: 73 steps: 230 / 4152 loss: 3.4634963512420653
Train Epoch: 73 steps: 240 / 4152 loss: 3.4912905216217043
Train Epoch: 73 steps: 250 / 4152 loss: 3.3835036039352415
Train Epoch: 73 steps: 260 / 4152 loss: 3.3684537410736084
Train Epoch: 73 steps: 270 / 4152 loss: 3.4398534536361693
Train Epoch: 73 steps: 280 / 4152 loss: 3.480693531036377
Train Epoch: 73 steps: 290 / 4152 loss: 3.452454614639282
Train Epoch: 73 steps: 300 / 4152 loss: 3.416448783874512
Train Epoch: 73 steps: 310 / 4152 loss: 3.4862712383270265
Train Epoch: 73 steps: 320 / 4152 loss: 3.3688216686248778
Train Epoch: 73 steps: 330 / 4152 loss: 3.402497673034668
Train Epoch: 73 steps: 340 / 4152 loss: 3.4947352409362793
Train Epoch: 73 steps: 350 / 4152 loss: 3.3922560453414916
Train Epoch: 73 steps: 360 / 4152 loss: 3.4680076122283934
Train Epoch: 73 steps: 370 / 4152 loss: 3.395456314086914
Train Epoch: 73 steps: 380 / 4152 loss: 3.4619730710983276
Train Epoch: 73 steps: 390 / 4152 loss: 3.4754431009292603
Train Epoch: 73 steps: 400 / 4152 loss: 3.485546112060547
Train Epoch: 73 steps: 410 / 4152 loss: 3.4297467708587646
Train Epoch: 73 steps: 420 / 4152 loss: 3.44970588684082
Train Epoch: 73 steps: 430 / 4152 loss: 3.3741106510162355
Train Epoch: 73 steps: 440 / 4152 loss: 3.4535683155059815
Train Epoch: 73 steps: 450 / 4152 loss: 3.405087924003601
Train Epoch: 73 steps: 460 / 4152 loss: 3.351784420013428
Train Epoch: 73 steps: 470 / 4152 loss: 3.4705591440200805
Train Epoch: 73 steps: 480 / 4152 loss: 3.432234358787537
Train Epoch: 73 steps: 490 / 4152 loss: 3.36815025806427
Train Epoch: 73 steps: 500 / 4152 loss: 3.390029859542847
Train Epoch: 73 steps: 510 / 4152 loss: 3.3785812616348267
Train Epoch: 73 steps: 520 / 4152 loss: 3.4424284219741823
Train Epoch: 73 steps: 530 / 4152 loss: 3.4320367574691772
Train Epoch: 73 steps: 540 / 4152 loss: 3.5205172061920167
Train Epoch: 73 steps: 550 / 4152 loss: 3.4060073852539063
Train Epoch: 73 steps: 560 / 4152 loss: 3.3897587299346923
Train Epoch: 73 steps: 570 / 4152 loss: 3.4193053007125855
Train Epoch: 73 steps: 580 / 4152 loss: 3.3844920873641966
Train Epoch: 73 steps: 590 / 4152 loss: 3.4001237630844114
Train Epoch: 73 steps: 600 / 4152 loss: 3.3613409042358398
Train Epoch: 73 steps: 610 / 4152 loss: 3.5167920112609865
Train Epoch: 73 steps: 620 / 4152 loss: 3.494584631919861
Train Epoch: 73 steps: 630 / 4152 loss: 3.403519558906555
Train Epoch: 73 steps: 640 / 4152 loss: 3.455129361152649
Train Epoch: 73 steps: 650 / 4152 loss: 3.506668210029602
Train Epoch: 73 steps: 660 / 4152 loss: 3.359147787094116
Train Epoch: 73 steps: 670 / 4152 loss: 3.498027873039246
Train Epoch: 73 steps: 680 / 4152 loss: 3.4347337961196898
Train Epoch: 73 steps: 690 / 4152 loss: 3.4134790658950807
Train Epoch: 73 steps: 700 / 4152 loss: 3.4569220542907715
Train Epoch: 73 steps: 710 / 4152 loss: 3.4578463554382326
Train Epoch: 73 steps: 720 / 4152 loss: 3.472677397727966
Train Epoch: 73 steps: 730 / 4152 loss: 3.423612189292908
Train Epoch: 73 steps: 740 / 4152 loss: 3.4144885301589967
Train Epoch: 73 steps: 750 / 4152 loss: 3.406960153579712
Train Epoch: 73 steps: 760 / 4152 loss: 3.3609673738479615
Train Epoch: 73 steps: 770 / 4152 loss: 3.4225922346115114
Train Epoch: 73 steps: 780 / 4152 loss: 3.385865569114685
Train Epoch: 73 steps: 790 / 4152 loss: 3.388963222503662
Train Epoch: 73 steps: 800 / 4152 loss: 3.471221947669983
Train Epoch: 73 steps: 810 / 4152 loss: 3.462282085418701
Train Epoch: 73 steps: 820 / 4152 loss: 3.534938907623291
Train Epoch: 73 steps: 830 / 4152 loss: 3.510677671432495
Train Epoch: 73 steps: 840 / 4152 loss: 3.382593584060669
Train Epoch: 73 steps: 850 / 4152 loss: 3.4533778190612794
Train Epoch: 73 steps: 860 / 4152 loss: 3.4883764505386354
Train Epoch: 73 steps: 870 / 4152 loss: 3.4363821029663084
Train Epoch: 73 steps: 880 / 4152 loss: 3.4318302154541014
Train Epoch: 73 steps: 890 / 4152 loss: 3.424765157699585
Train Epoch: 73 steps: 900 / 4152 loss: 3.4130017280578615
Train Epoch: 73 steps: 910 / 4152 loss: 3.491120433807373
Train Epoch: 73 steps: 920 / 4152 loss: 3.502117943763733
Train Epoch: 73 steps: 930 / 4152 loss: 3.4049962043762205
Train Epoch: 73 steps: 940 / 4152 loss: 3.440905714035034
Train Epoch: 73 steps: 950 / 4152 loss: 3.407853603363037
Train Epoch: 73 steps: 960 / 4152 loss: 3.540605878829956
Train Epoch: 73 steps: 970 / 4152 loss: 3.4331164836883543
Train Epoch: 73 steps: 980 / 4152 loss: 3.4237438440322876
Train Epoch: 73 steps: 990 / 4152 loss: 3.4355199337005615
Train Epoch: 73 steps: 1000 / 4152 loss: 3.364816093444824
Train Epoch: 73 steps: 1010 / 4152 loss: 3.417585754394531
Train Epoch: 73 steps: 1020 / 4152 loss: 3.4898482084274294
Train Epoch: 73 steps: 1030 / 4152 loss: 3.4069931507110596
Train Epoch: 73 steps: 1040 / 4152 loss: 3.5236390590667725
----------------------------------------Epoch: 74----------------------------------------
----------------------------------------Epoch: 74----------------------------------------
----------------------------------------Epoch: 74----------------------------------------
----------------------------------------Epoch: 74----------------------------------------
Train Epoch: 74 steps: 0 / 4152 loss: 0.36723790168762205
Train Epoch: 74 steps: 10 / 4152 loss: 3.4088908433914185
Train Epoch: 74 steps: 20 / 4152 loss: 3.4340002059936525
Train Epoch: 74 steps: 30 / 4152 loss: 3.4738353729248046
Train Epoch: 74 steps: 40 / 4152 loss: 3.4211581230163572
Train Epoch: 74 steps: 50 / 4152 loss: 3.467921280860901
Train Epoch: 74 steps: 60 / 4152 loss: 3.462523627281189
Train Epoch: 74 steps: 70 / 4152 loss: 3.4882310390472413
Train Epoch: 74 steps: 80 / 4152 loss: 3.4014860868453978
Train Epoch: 74 steps: 90 / 4152 loss: 3.427707052230835
Train Epoch: 74 steps: 100 / 4152 loss: 3.3891146421432494
Train Epoch: 74 steps: 110 / 4152 loss: 3.4650106191635133
Train Epoch: 74 steps: 120 / 4152 loss: 3.4625426530838013
Train Epoch: 74 steps: 130 / 4152 loss: 3.50869197845459
Train Epoch: 74 steps: 140 / 4152 loss: 3.5062883853912354
Train Epoch: 74 steps: 150 / 4152 loss: 3.3633142471313477
Train Epoch: 74 steps: 160 / 4152 loss: 3.460771679878235
Train Epoch: 74 steps: 170 / 4152 loss: 3.4182806253433227
Train Epoch: 74 steps: 180 / 4152 loss: 3.40120005607605
Train Epoch: 74 steps: 190 / 4152 loss: 3.3076851844787596
Train Epoch: 74 steps: 200 / 4152 loss: 3.472069191932678
Train Epoch: 74 steps: 210 / 4152 loss: 3.410101127624512
Train Epoch: 74 steps: 220 / 4152 loss: 3.484348440170288
Train Epoch: 74 steps: 230 / 4152 loss: 3.520810103416443
Train Epoch: 74 steps: 240 / 4152 loss: 3.3664758920669557
Train Epoch: 74 steps: 250 / 4152 loss: 3.4567113876342774
Train Epoch: 74 steps: 260 / 4152 loss: 3.386468768119812
Train Epoch: 74 steps: 270 / 4152 loss: 3.471049761772156
Train Epoch: 74 steps: 280 / 4152 loss: 3.466634654998779
Train Epoch: 74 steps: 290 / 4152 loss: 3.421141791343689
Train Epoch: 74 steps: 300 / 4152 loss: 3.401619482040405
Train Epoch: 74 steps: 310 / 4152 loss: 3.4453114748001097
Train Epoch: 74 steps: 320 / 4152 loss: 3.3645748853683473
Train Epoch: 74 steps: 330 / 4152 loss: 3.4713781118392943
Train Epoch: 74 steps: 340 / 4152 loss: 3.4632745504379274
Train Epoch: 74 steps: 350 / 4152 loss: 3.4983299493789675
Train Epoch: 74 steps: 360 / 4152 loss: 3.4746758699417115
Train Epoch: 74 steps: 370 / 4152 loss: 3.501460838317871
Train Epoch: 74 steps: 380 / 4152 loss: 3.423720192909241
Train Epoch: 74 steps: 390 / 4152 loss: 3.4346380472183227
Train Epoch: 74 steps: 400 / 4152 loss: 3.3894508123397826
Train Epoch: 74 steps: 410 / 4152 loss: 3.5179534435272215
Train Epoch: 74 steps: 420 / 4152 loss: 3.4108239650726317
Train Epoch: 74 steps: 430 / 4152 loss: 3.4935382604599
Train Epoch: 74 steps: 440 / 4152 loss: 3.4313937425613403
Train Epoch: 74 steps: 450 / 4152 loss: 3.4037730932235717
Train Epoch: 74 steps: 460 / 4152 loss: 3.4583486318588257
Train Epoch: 74 steps: 470 / 4152 loss: 3.4151660203933716
Train Epoch: 74 steps: 480 / 4152 loss: 3.4439238548278808
Train Epoch: 74 steps: 490 / 4152 loss: 3.48395357131958
Train Epoch: 74 steps: 500 / 4152 loss: 3.336897778511047
Train Epoch: 74 steps: 510 / 4152 loss: 3.4453186988830566
Train Epoch: 74 steps: 520 / 4152 loss: 3.4747318983078004
Train Epoch: 74 steps: 530 / 4152 loss: 3.3283816814422607
Train Epoch: 74 steps: 540 / 4152 loss: 3.499414300918579
Train Epoch: 74 steps: 550 / 4152 loss: 3.446741247177124
Train Epoch: 74 steps: 560 / 4152 loss: 3.3361019849777223
Train Epoch: 74 steps: 570 / 4152 loss: 3.463913607597351
Train Epoch: 74 steps: 580 / 4152 loss: 3.463088035583496
Train Epoch: 74 steps: 590 / 4152 loss: 3.4811922311782837
Train Epoch: 74 steps: 600 / 4152 loss: 3.3984216928482054
Train Epoch: 74 steps: 610 / 4152 loss: 3.5201431274414063
Train Epoch: 74 steps: 620 / 4152 loss: 3.4129326343536377
Train Epoch: 74 steps: 630 / 4152 loss: 3.499494528770447
Train Epoch: 74 steps: 640 / 4152 loss: 3.3902157306671143
Train Epoch: 74 steps: 650 / 4152 loss: 3.4750796794891357
Train Epoch: 74 steps: 660 / 4152 loss: 3.372573137283325
Train Epoch: 74 steps: 670 / 4152 loss: 3.440955972671509
Train Epoch: 74 steps: 680 / 4152 loss: 3.488959050178528
Train Epoch: 74 steps: 690 / 4152 loss: 3.4120465993881224
Train Epoch: 74 steps: 700 / 4152 loss: 3.383860468864441
Train Epoch: 74 steps: 710 / 4152 loss: 3.5041019201278685
Train Epoch: 74 steps: 720 / 4152 loss: 3.4036736726760863
Train Epoch: 74 steps: 730 / 4152 loss: 3.2436294078826906
Train Epoch: 74 steps: 740 / 4152 loss: 3.457902932167053
Train Epoch: 74 steps: 750 / 4152 loss: 3.4620907068252564
Train Epoch: 74 steps: 760 / 4152 loss: 3.4513355255126954
Train Epoch: 74 steps: 770 / 4152 loss: 3.542018413543701
Train Epoch: 74 steps: 780 / 4152 loss: 3.4396552801132203
Train Epoch: 74 steps: 790 / 4152 loss: 3.5165507793426514
Train Epoch: 74 steps: 800 / 4152 loss: 3.5136642932891844
Train Epoch: 74 steps: 810 / 4152 loss: 3.4061933517456056
Train Epoch: 74 steps: 820 / 4152 loss: 3.4770294427871704
Train Epoch: 74 steps: 830 / 4152 loss: 3.4897830963134764
Train Epoch: 74 steps: 840 / 4152 loss: 3.449182915687561
Train Epoch: 74 steps: 850 / 4152 loss: 3.383377194404602
Train Epoch: 74 steps: 860 / 4152 loss: 3.4181133985519407
Train Epoch: 74 steps: 870 / 4152 loss: 3.461697554588318
Train Epoch: 74 steps: 880 / 4152 loss: 3.3971659183502196
Train Epoch: 74 steps: 890 / 4152 loss: 3.3919660091400146
Train Epoch: 74 steps: 900 / 4152 loss: 3.3921820163726806
Train Epoch: 74 steps: 910 / 4152 loss: 3.511342406272888
Train Epoch: 74 steps: 920 / 4152 loss: 3.5077966690063476
Train Epoch: 74 steps: 930 / 4152 loss: 3.4598599910736083
Train Epoch: 74 steps: 940 / 4152 loss: 3.3702558279037476
Train Epoch: 74 steps: 950 / 4152 loss: 3.4307590246200563
Train Epoch: 74 steps: 960 / 4152 loss: 3.381952714920044
Train Epoch: 74 steps: 970 / 4152 loss: 3.327246809005737
Train Epoch: 74 steps: 980 / 4152 loss: 3.5018464088439942
Train Epoch: 74 steps: 990 / 4152 loss: 3.424178624153137
Train Epoch: 74 steps: 1000 / 4152 loss: 3.4457468748092652
Train Epoch: 74 steps: 1010 / 4152 loss: 3.458051061630249
Train Epoch: 74 steps: 1020 / 4152 loss: 3.417371368408203
Train Epoch: 74 steps: 1030 / 4152 loss: 3.382245659828186
Train Epoch: 74 steps: 1040 / 4152 loss: 3.4354507684707642
----------------------------------------Epoch: 75----------------------------------------
----------------------------------------Epoch: 75----------------------------------------
----------------------------------------Epoch: 75----------------------------------------
----------------------------------------Epoch: 75----------------------------------------
Train Epoch: 75 steps: 0 / 4152 loss: 0.3579083442687988
Train Epoch: 75 steps: 10 / 4152 loss: 3.5308852672576903
Train Epoch: 75 steps: 20 / 4152 loss: 3.4502362966537476
Train Epoch: 75 steps: 30 / 4152 loss: 3.452799677848816
Train Epoch: 75 steps: 40 / 4152 loss: 3.4342666625976563
Train Epoch: 75 steps: 50 / 4152 loss: 3.334893488883972
Train Epoch: 75 steps: 60 / 4152 loss: 3.3362327337265016
Train Epoch: 75 steps: 70 / 4152 loss: 3.4751095294952394
Train Epoch: 75 steps: 80 / 4152 loss: 3.478910517692566
Train Epoch: 75 steps: 90 / 4152 loss: 3.478351092338562
Train Epoch: 75 steps: 100 / 4152 loss: 3.392007088661194
Train Epoch: 75 steps: 110 / 4152 loss: 3.4296579122543336
Train Epoch: 75 steps: 120 / 4152 loss: 3.455880379676819
Train Epoch: 75 steps: 130 / 4152 loss: 3.4602471828460692
Train Epoch: 75 steps: 140 / 4152 loss: 3.3626025438308718
Train Epoch: 75 steps: 150 / 4152 loss: 3.40405478477478
Train Epoch: 75 steps: 160 / 4152 loss: 3.4126758575439453
Train Epoch: 75 steps: 170 / 4152 loss: 3.4639754772186278
Train Epoch: 75 steps: 180 / 4152 loss: 3.4991829872131346
Train Epoch: 75 steps: 190 / 4152 loss: 3.4525392770767214
Train Epoch: 75 steps: 200 / 4152 loss: 3.46168737411499
Train Epoch: 75 steps: 210 / 4152 loss: 3.435779356956482
Train Epoch: 75 steps: 220 / 4152 loss: 3.413607382774353
Train Epoch: 75 steps: 230 / 4152 loss: 3.449244165420532
Train Epoch: 75 steps: 240 / 4152 loss: 3.367375445365906
Train Epoch: 75 steps: 250 / 4152 loss: 3.4716344356536863
Train Epoch: 75 steps: 260 / 4152 loss: 3.395526814460754
Train Epoch: 75 steps: 270 / 4152 loss: 3.4982752323150637
Train Epoch: 75 steps: 280 / 4152 loss: 3.49652156829834
Train Epoch: 75 steps: 290 / 4152 loss: 3.4788090229034423
Train Epoch: 75 steps: 300 / 4152 loss: 3.40608811378479
Train Epoch: 75 steps: 310 / 4152 loss: 3.4487002372741697
Train Epoch: 75 steps: 320 / 4152 loss: 3.5185049295425417
Train Epoch: 75 steps: 330 / 4152 loss: 3.423860788345337
Train Epoch: 75 steps: 340 / 4152 loss: 3.3938523054122927
Train Epoch: 75 steps: 350 / 4152 loss: 3.432915735244751
Train Epoch: 75 steps: 360 / 4152 loss: 3.4487499952316285
Train Epoch: 75 steps: 370 / 4152 loss: 3.491380715370178
Train Epoch: 75 steps: 380 / 4152 loss: 3.480454659461975
Train Epoch: 75 steps: 390 / 4152 loss: 3.4578818321228026
Train Epoch: 75 steps: 400 / 4152 loss: 3.442350888252258
Train Epoch: 75 steps: 410 / 4152 loss: 3.4092326402664184
Train Epoch: 75 steps: 420 / 4152 loss: 3.392716479301453
Train Epoch: 75 steps: 430 / 4152 loss: 3.489440751075745
Train Epoch: 75 steps: 440 / 4152 loss: 3.432245969772339
Train Epoch: 75 steps: 450 / 4152 loss: 3.449305033683777
Train Epoch: 75 steps: 460 / 4152 loss: 3.3601540327072144
Train Epoch: 75 steps: 470 / 4152 loss: 3.4103281497955322
Train Epoch: 75 steps: 480 / 4152 loss: 3.461195468902588
Train Epoch: 75 steps: 490 / 4152 loss: 3.4787818670272825
Train Epoch: 75 steps: 500 / 4152 loss: 3.3520099401473997
Train Epoch: 75 steps: 510 / 4152 loss: 3.421413016319275
Train Epoch: 75 steps: 520 / 4152 loss: 3.4660396575927734
Train Epoch: 75 steps: 530 / 4152 loss: 3.5119106769561768
Train Epoch: 75 steps: 540 / 4152 loss: 3.4787083148956297
Train Epoch: 75 steps: 550 / 4152 loss: 3.4749065160751345
Train Epoch: 75 steps: 560 / 4152 loss: 3.428884243965149
Train Epoch: 75 steps: 570 / 4152 loss: 3.4722063302993775
Train Epoch: 75 steps: 580 / 4152 loss: 3.4176663160324097
Train Epoch: 75 steps: 590 / 4152 loss: 3.3987634658813475
Train Epoch: 75 steps: 600 / 4152 loss: 3.487554407119751
Train Epoch: 75 steps: 610 / 4152 loss: 3.4120853185653686
Train Epoch: 75 steps: 620 / 4152 loss: 3.4288710594177245
Train Epoch: 75 steps: 630 / 4152 loss: 3.4392133951187134
Train Epoch: 75 steps: 640 / 4152 loss: 3.3418703079223633
Train Epoch: 75 steps: 650 / 4152 loss: 3.3813522815704347
Train Epoch: 75 steps: 660 / 4152 loss: 3.4362050533294677
Train Epoch: 75 steps: 670 / 4152 loss: 3.4183306455612184
Train Epoch: 75 steps: 680 / 4152 loss: 3.4262777090072634
Train Epoch: 75 steps: 690 / 4152 loss: 3.4056446075439455
Train Epoch: 75 steps: 700 / 4152 loss: 3.5202067375183104
Train Epoch: 75 steps: 710 / 4152 loss: 3.4656156063079835
Train Epoch: 75 steps: 720 / 4152 loss: 3.4468129158020018
Train Epoch: 75 steps: 730 / 4152 loss: 3.4689056634902955
Train Epoch: 75 steps: 740 / 4152 loss: 3.4309751749038697
Train Epoch: 75 steps: 750 / 4152 loss: 3.505065989494324
Train Epoch: 75 steps: 760 / 4152 loss: 3.4093122482299805
Train Epoch: 75 steps: 770 / 4152 loss: 3.400535988807678
Train Epoch: 75 steps: 780 / 4152 loss: 3.4263306140899656
Train Epoch: 75 steps: 790 / 4152 loss: 3.096476340293884
Train Epoch: 75 steps: 800 / 4152 loss: 3.42955858707428
Train Epoch: 75 steps: 810 / 4152 loss: 3.3468380212783813
Train Epoch: 75 steps: 820 / 4152 loss: 3.3438349962234497
Train Epoch: 75 steps: 830 / 4152 loss: 3.453699159622192
Train Epoch: 75 steps: 840 / 4152 loss: 3.4612205982208253
Train Epoch: 75 steps: 850 / 4152 loss: 3.3542235851287843
Train Epoch: 75 steps: 860 / 4152 loss: 3.1758970737457277
Train Epoch: 75 steps: 870 / 4152 loss: 3.545971989631653
Train Epoch: 75 steps: 880 / 4152 loss: 3.43941388130188
Train Epoch: 75 steps: 890 / 4152 loss: 3.5095444917678833
Train Epoch: 75 steps: 900 / 4152 loss: 3.377046823501587
Train Epoch: 75 steps: 910 / 4152 loss: 3.441739821434021
Train Epoch: 75 steps: 920 / 4152 loss: 3.4684502124786376
Train Epoch: 75 steps: 930 / 4152 loss: 3.3647147178649903
Train Epoch: 75 steps: 940 / 4152 loss: 3.460718011856079
Train Epoch: 75 steps: 950 / 4152 loss: 3.4370019912719725
Train Epoch: 75 steps: 960 / 4152 loss: 3.467319631576538
Train Epoch: 75 steps: 970 / 4152 loss: 3.420335054397583
Train Epoch: 75 steps: 980 / 4152 loss: 3.3874586820602417
Train Epoch: 75 steps: 990 / 4152 loss: 3.3313037633895872
Train Epoch: 75 steps: 1000 / 4152 loss: 3.4837153434753416
Train Epoch: 75 steps: 1010 / 4152 loss: 3.3902784109115602
Train Epoch: 75 steps: 1020 / 4152 loss: 3.479594683647156
Train Epoch: 75 steps: 1030 / 4152 loss: 3.4666558742523192
Train Epoch: 75 steps: 1040 / 4152 loss: 3.457750129699707
----------------------------------------Epoch: 76----------------------------------------
----------------------------------------Epoch: 76----------------------------------------
----------------------------------------Epoch: 76----------------------------------------
----------------------------------------Epoch: 76----------------------------------------
Train Epoch: 76 steps: 0 / 4152 loss: 0.353652286529541
Train Epoch: 76 steps: 10 / 4152 loss: 3.3663617372512817
Train Epoch: 76 steps: 20 / 4152 loss: 3.347627854347229
Train Epoch: 76 steps: 30 / 4152 loss: 3.43257851600647
Train Epoch: 76 steps: 40 / 4152 loss: 3.49082293510437
Train Epoch: 76 steps: 50 / 4152 loss: 3.3654748678207396
Train Epoch: 76 steps: 60 / 4152 loss: 3.460883903503418
Train Epoch: 76 steps: 70 / 4152 loss: 3.463313341140747
Train Epoch: 76 steps: 80 / 4152 loss: 3.4476544141769407
Train Epoch: 76 steps: 90 / 4152 loss: 3.3714298248291015
Train Epoch: 76 steps: 100 / 4152 loss: 3.4170509338378907
Train Epoch: 76 steps: 110 / 4152 loss: 3.3332082748413088
Train Epoch: 76 steps: 120 / 4152 loss: 3.4550318717956543
Train Epoch: 76 steps: 130 / 4152 loss: 3.5030400276184084
Train Epoch: 76 steps: 140 / 4152 loss: 3.3724337339401247
Train Epoch: 76 steps: 150 / 4152 loss: 3.4581045150756835
Train Epoch: 76 steps: 160 / 4152 loss: 3.4206580400466917
Train Epoch: 76 steps: 170 / 4152 loss: 3.3585180044174194
Train Epoch: 76 steps: 180 / 4152 loss: 3.4488762855529784
Train Epoch: 76 steps: 190 / 4152 loss: 3.3766074657440184
Train Epoch: 76 steps: 200 / 4152 loss: 3.4144053936004637
Train Epoch: 76 steps: 210 / 4152 loss: 3.4856215476989747
Train Epoch: 76 steps: 220 / 4152 loss: 3.4412166833877564
Train Epoch: 76 steps: 230 / 4152 loss: 3.423760724067688
Train Epoch: 76 steps: 240 / 4152 loss: 3.337814283370972
Train Epoch: 76 steps: 250 / 4152 loss: 3.4986824989318848
Train Epoch: 76 steps: 260 / 4152 loss: 3.36872341632843
Train Epoch: 76 steps: 270 / 4152 loss: 3.292718935012817
Train Epoch: 76 steps: 280 / 4152 loss: 3.3284160614013674
Train Epoch: 76 steps: 290 / 4152 loss: 3.3820110321044923
Train Epoch: 76 steps: 300 / 4152 loss: 3.4238410711288454
Train Epoch: 76 steps: 310 / 4152 loss: 3.4339084386825562
Train Epoch: 76 steps: 320 / 4152 loss: 3.395342540740967
Train Epoch: 76 steps: 330 / 4152 loss: 3.382179689407349
Train Epoch: 76 steps: 340 / 4152 loss: 3.4570241451263426
Train Epoch: 76 steps: 350 / 4152 loss: 3.354702425003052
Train Epoch: 76 steps: 360 / 4152 loss: 3.415044927597046
Train Epoch: 76 steps: 370 / 4152 loss: 3.3990667343139647
Train Epoch: 76 steps: 380 / 4152 loss: 3.427478575706482
Train Epoch: 76 steps: 390 / 4152 loss: 3.4451855659484862
Train Epoch: 76 steps: 400 / 4152 loss: 3.501376485824585
Train Epoch: 76 steps: 410 / 4152 loss: 3.412045621871948
Train Epoch: 76 steps: 420 / 4152 loss: 3.4226245164871214
Train Epoch: 76 steps: 430 / 4152 loss: 3.477830505371094
Train Epoch: 76 steps: 440 / 4152 loss: 3.4402394771575926
Train Epoch: 76 steps: 450 / 4152 loss: 3.5237292289733886
Train Epoch: 76 steps: 460 / 4152 loss: 3.399674105644226
Train Epoch: 76 steps: 470 / 4152 loss: 3.392775368690491
Train Epoch: 76 steps: 480 / 4152 loss: 3.4583370685577393
Train Epoch: 76 steps: 490 / 4152 loss: 3.369306039810181
Train Epoch: 76 steps: 500 / 4152 loss: 3.4249196290969848
Train Epoch: 76 steps: 510 / 4152 loss: 3.29400794506073
Train Epoch: 76 steps: 520 / 4152 loss: 3.454081964492798
Train Epoch: 76 steps: 530 / 4152 loss: 3.40128173828125
Train Epoch: 76 steps: 540 / 4152 loss: 3.46079363822937
Train Epoch: 76 steps: 550 / 4152 loss: 3.398264265060425
Train Epoch: 76 steps: 560 / 4152 loss: 3.512020134925842
Train Epoch: 76 steps: 570 / 4152 loss: 3.310754179954529
Train Epoch: 76 steps: 580 / 4152 loss: 3.405748224258423
Train Epoch: 76 steps: 590 / 4152 loss: 3.336711859703064
Train Epoch: 76 steps: 600 / 4152 loss: 3.46861891746521
Train Epoch: 76 steps: 610 / 4152 loss: 3.4294028520584106
Train Epoch: 76 steps: 620 / 4152 loss: 3.490541100502014
Train Epoch: 76 steps: 630 / 4152 loss: 3.4381881952285767
Train Epoch: 76 steps: 640 / 4152 loss: 3.5216887950897218
Train Epoch: 76 steps: 650 / 4152 loss: 3.421923017501831
Train Epoch: 76 steps: 660 / 4152 loss: 3.4774210453033447
Train Epoch: 76 steps: 670 / 4152 loss: 3.4263677835464477
Train Epoch: 76 steps: 680 / 4152 loss: 3.411569595336914
Train Epoch: 76 steps: 690 / 4152 loss: 3.4459327936172484
Train Epoch: 76 steps: 700 / 4152 loss: 3.466998076438904
Train Epoch: 76 steps: 710 / 4152 loss: 3.4892904281616213
Train Epoch: 76 steps: 720 / 4152 loss: 3.410510468482971
Train Epoch: 76 steps: 730 / 4152 loss: 3.325792837142944
Train Epoch: 76 steps: 740 / 4152 loss: 3.44948353767395
Train Epoch: 76 steps: 750 / 4152 loss: 3.5022709369659424
Train Epoch: 76 steps: 760 / 4152 loss: 3.5130491733551024
Train Epoch: 76 steps: 770 / 4152 loss: 3.384538412094116
Train Epoch: 76 steps: 780 / 4152 loss: 3.465104174613953
Train Epoch: 76 steps: 790 / 4152 loss: 3.3989956617355346
Train Epoch: 76 steps: 800 / 4152 loss: 3.4301074504852296
Train Epoch: 76 steps: 810 / 4152 loss: 3.4311548471450806
Train Epoch: 76 steps: 820 / 4152 loss: 3.4353745937347413
Train Epoch: 76 steps: 830 / 4152 loss: 3.466889667510986
Train Epoch: 76 steps: 840 / 4152 loss: 3.3595420598983763
Train Epoch: 76 steps: 850 / 4152 loss: 3.4876667737960814
Train Epoch: 76 steps: 860 / 4152 loss: 3.4779202938079834
Train Epoch: 76 steps: 870 / 4152 loss: 3.439194989204407
Train Epoch: 76 steps: 880 / 4152 loss: 3.3631332397460936
Train Epoch: 76 steps: 890 / 4152 loss: 3.378033685684204
Train Epoch: 76 steps: 900 / 4152 loss: 3.4647329807281495
Train Epoch: 76 steps: 910 / 4152 loss: 3.385823440551758
Train Epoch: 76 steps: 920 / 4152 loss: 3.4124264478683473
Train Epoch: 76 steps: 930 / 4152 loss: 3.4329351425170898
Train Epoch: 76 steps: 940 / 4152 loss: 3.4361338138580324
Train Epoch: 76 steps: 950 / 4152 loss: 3.486494517326355
Train Epoch: 76 steps: 960 / 4152 loss: 3.475992512702942
Train Epoch: 76 steps: 970 / 4152 loss: 3.474915885925293
Train Epoch: 76 steps: 980 / 4152 loss: 3.4474749088287355
Train Epoch: 76 steps: 990 / 4152 loss: 3.449710822105408
Train Epoch: 76 steps: 1000 / 4152 loss: 3.4808353662490843
Train Epoch: 76 steps: 1010 / 4152 loss: 3.4747364044189455
Train Epoch: 76 steps: 1020 / 4152 loss: 3.393634819984436
Train Epoch: 76 steps: 1030 / 4152 loss: 3.449511003494263
Train Epoch: 76 steps: 1040 / 4152 loss: 3.498038649559021
----------------------------------------Epoch: 77----------------------------------------
----------------------------------------Epoch: 77----------------------------------------
----------------------------------------Epoch: 77----------------------------------------
----------------------------------------Epoch: 77----------------------------------------
Train Epoch: 77 steps: 0 / 4152 loss: 0.3624606132507324
Train Epoch: 77 steps: 10 / 4152 loss: 3.4603580474853515
Train Epoch: 77 steps: 20 / 4152 loss: 3.431461215019226
Train Epoch: 77 steps: 30 / 4152 loss: 3.485406279563904
Train Epoch: 77 steps: 40 / 4152 loss: 3.4594180583953857
Train Epoch: 77 steps: 50 / 4152 loss: 3.4685067415237425
Train Epoch: 77 steps: 60 / 4152 loss: 3.4847373485565187
Train Epoch: 77 steps: 70 / 4152 loss: 3.4644818782806395
Train Epoch: 77 steps: 80 / 4152 loss: 3.432885766029358
Train Epoch: 77 steps: 90 / 4152 loss: 3.4838289260864257
Train Epoch: 77 steps: 100 / 4152 loss: 3.390073275566101
Train Epoch: 77 steps: 110 / 4152 loss: 3.414782500267029
Train Epoch: 77 steps: 120 / 4152 loss: 3.395933508872986
Train Epoch: 77 steps: 130 / 4152 loss: 3.4730430126190184
Train Epoch: 77 steps: 140 / 4152 loss: 3.433877372741699
Train Epoch: 77 steps: 150 / 4152 loss: 3.351678657531738
Train Epoch: 77 steps: 160 / 4152 loss: 3.557907819747925
Train Epoch: 77 steps: 170 / 4152 loss: 3.1309515714645384
Train Epoch: 77 steps: 180 / 4152 loss: 3.4704012155532835
Train Epoch: 77 steps: 190 / 4152 loss: 3.326531934738159
Train Epoch: 77 steps: 200 / 4152 loss: 3.3906203269958497
Train Epoch: 77 steps: 210 / 4152 loss: 3.5432209253311155
Train Epoch: 77 steps: 220 / 4152 loss: 3.460028624534607
Train Epoch: 77 steps: 230 / 4152 loss: 3.418623852729797
Train Epoch: 77 steps: 240 / 4152 loss: 3.4660111904144286
Train Epoch: 77 steps: 250 / 4152 loss: 3.460215377807617
Train Epoch: 77 steps: 260 / 4152 loss: 3.341914987564087
Train Epoch: 77 steps: 270 / 4152 loss: 3.4038374423980713
Train Epoch: 77 steps: 280 / 4152 loss: 3.4282384634017946
Train Epoch: 77 steps: 290 / 4152 loss: 3.430039405822754
Train Epoch: 77 steps: 300 / 4152 loss: 3.4379441261291506
Train Epoch: 77 steps: 310 / 4152 loss: 3.3844321250915526
Train Epoch: 77 steps: 320 / 4152 loss: 3.4770815134048463
Train Epoch: 77 steps: 330 / 4152 loss: 3.4860091686248778
Train Epoch: 77 steps: 340 / 4152 loss: 3.4289611339569093
Train Epoch: 77 steps: 350 / 4152 loss: 3.4216895580291746
Train Epoch: 77 steps: 360 / 4152 loss: 3.435726547241211
Train Epoch: 77 steps: 370 / 4152 loss: 3.500612497329712
Train Epoch: 77 steps: 380 / 4152 loss: 3.4075197696685793
Train Epoch: 77 steps: 390 / 4152 loss: 3.3924984693527223
Train Epoch: 77 steps: 400 / 4152 loss: 3.5389245986938476
Train Epoch: 77 steps: 410 / 4152 loss: 3.3994937181472777
Train Epoch: 77 steps: 420 / 4152 loss: 3.466355323791504
Train Epoch: 77 steps: 430 / 4152 loss: 3.4770052433013916
Train Epoch: 77 steps: 440 / 4152 loss: 3.3856342792510987
Train Epoch: 77 steps: 450 / 4152 loss: 3.5035499334335327
Train Epoch: 77 steps: 460 / 4152 loss: 3.409922885894775
Train Epoch: 77 steps: 470 / 4152 loss: 3.4275315523147585
Train Epoch: 77 steps: 480 / 4152 loss: 3.4248355865478515
Train Epoch: 77 steps: 490 / 4152 loss: 3.400194215774536
Train Epoch: 77 steps: 500 / 4152 loss: 3.3877671718597413
Train Epoch: 77 steps: 510 / 4152 loss: 3.389597678184509
Train Epoch: 77 steps: 520 / 4152 loss: 3.351768445968628
Train Epoch: 77 steps: 530 / 4152 loss: 3.397994637489319
Train Epoch: 77 steps: 540 / 4152 loss: 3.4028842210769654
Train Epoch: 77 steps: 550 / 4152 loss: 3.355261707305908
Train Epoch: 77 steps: 560 / 4152 loss: 3.388056993484497
Train Epoch: 77 steps: 570 / 4152 loss: 3.4989344835281373
Train Epoch: 77 steps: 580 / 4152 loss: 3.423727822303772
Train Epoch: 77 steps: 590 / 4152 loss: 3.5537811756134032
Train Epoch: 77 steps: 600 / 4152 loss: 3.4206076145172117
Train Epoch: 77 steps: 610 / 4152 loss: 3.3718621015548704
Train Epoch: 77 steps: 620 / 4152 loss: 3.457613205909729
Train Epoch: 77 steps: 630 / 4152 loss: 3.4506682634353636
Train Epoch: 77 steps: 640 / 4152 loss: 3.491138744354248
Train Epoch: 77 steps: 650 / 4152 loss: 3.4707130670547484
Train Epoch: 77 steps: 660 / 4152 loss: 3.463365578651428
Train Epoch: 77 steps: 670 / 4152 loss: 3.45802481174469
Train Epoch: 77 steps: 680 / 4152 loss: 3.4752867460250854
Train Epoch: 77 steps: 690 / 4152 loss: 3.405121636390686
Train Epoch: 77 steps: 700 / 4152 loss: 3.433030200004578
Train Epoch: 77 steps: 710 / 4152 loss: 3.3660587072372437
Train Epoch: 77 steps: 720 / 4152 loss: 3.3822747230529786
Train Epoch: 77 steps: 730 / 4152 loss: 3.3885807275772093
Train Epoch: 77 steps: 740 / 4152 loss: 3.417606329917908
Train Epoch: 77 steps: 750 / 4152 loss: 3.4018250942230224
Train Epoch: 77 steps: 760 / 4152 loss: 3.35068998336792
Train Epoch: 77 steps: 770 / 4152 loss: 3.4377309799194338
Train Epoch: 77 steps: 780 / 4152 loss: 3.4616585254669188
Train Epoch: 77 steps: 790 / 4152 loss: 3.406692624092102
Train Epoch: 77 steps: 800 / 4152 loss: 3.4216582775115967
Train Epoch: 77 steps: 810 / 4152 loss: 3.389362359046936
Train Epoch: 77 steps: 820 / 4152 loss: 3.3956838607788087
Train Epoch: 77 steps: 830 / 4152 loss: 3.4344924449920655
Train Epoch: 77 steps: 840 / 4152 loss: 3.5000688314437864
Train Epoch: 77 steps: 850 / 4152 loss: 3.5049997568130493
Train Epoch: 77 steps: 860 / 4152 loss: 3.4404879331588747
Train Epoch: 77 steps: 870 / 4152 loss: 3.4738321781158445
Train Epoch: 77 steps: 880 / 4152 loss: 3.4397993803024294
Train Epoch: 77 steps: 890 / 4152 loss: 3.465770220756531
Train Epoch: 77 steps: 900 / 4152 loss: 3.47994978427887
Train Epoch: 77 steps: 910 / 4152 loss: 3.403920602798462
Train Epoch: 77 steps: 920 / 4152 loss: 3.4902641773223877
Train Epoch: 77 steps: 930 / 4152 loss: 3.447642135620117
Train Epoch: 77 steps: 940 / 4152 loss: 3.3792778491973876
Train Epoch: 77 steps: 950 / 4152 loss: 3.3155442237854005
Train Epoch: 77 steps: 960 / 4152 loss: 3.3939613103866577
Train Epoch: 77 steps: 970 / 4152 loss: 3.4530430316925047
Train Epoch: 77 steps: 980 / 4152 loss: 3.422026491165161
Train Epoch: 77 steps: 990 / 4152 loss: 3.374913549423218
Train Epoch: 77 steps: 1000 / 4152 loss: 3.3691248893737793
Train Epoch: 77 steps: 1010 / 4152 loss: 3.420282554626465
Train Epoch: 77 steps: 1020 / 4152 loss: 3.477702832221985
Train Epoch: 77 steps: 1030 / 4152 loss: 3.498875594139099
Train Epoch: 77 steps: 1040 / 4152 loss: 3.4632826805114747
----------------------------------------Epoch: 78----------------------------------------
----------------------------------------Epoch: 78----------------------------------------
----------------------------------------Epoch: 78----------------------------------------
----------------------------------------Epoch: 78----------------------------------------
Train Epoch: 78 steps: 0 / 4152 loss: 0.3436488389968872
Train Epoch: 78 steps: 10 / 4152 loss: 3.323048806190491
Train Epoch: 78 steps: 20 / 4152 loss: 3.37372772693634
Train Epoch: 78 steps: 30 / 4152 loss: 3.4321317434310914
Train Epoch: 78 steps: 40 / 4152 loss: 3.450747489929199
Train Epoch: 78 steps: 50 / 4152 loss: 3.373067831993103
Train Epoch: 78 steps: 60 / 4152 loss: 3.4244945287704467
Train Epoch: 78 steps: 70 / 4152 loss: 3.486302971839905
Train Epoch: 78 steps: 80 / 4152 loss: 3.405737113952637
Train Epoch: 78 steps: 90 / 4152 loss: 3.337799882888794
Train Epoch: 78 steps: 100 / 4152 loss: 3.3744490146636963
Train Epoch: 78 steps: 110 / 4152 loss: 3.458883786201477
Train Epoch: 78 steps: 120 / 4152 loss: 3.442958354949951
Train Epoch: 78 steps: 130 / 4152 loss: 3.488436222076416
Train Epoch: 78 steps: 140 / 4152 loss: 3.4445546865463257
Train Epoch: 78 steps: 150 / 4152 loss: 3.403926229476929
Train Epoch: 78 steps: 160 / 4152 loss: 3.422780466079712
Train Epoch: 78 steps: 170 / 4152 loss: 3.432556486129761
Train Epoch: 78 steps: 180 / 4152 loss: 3.3954700231552124
Train Epoch: 78 steps: 190 / 4152 loss: 3.4586926698684692
Train Epoch: 78 steps: 200 / 4152 loss: 3.441687750816345
Train Epoch: 78 steps: 210 / 4152 loss: 3.372166633605957
Train Epoch: 78 steps: 220 / 4152 loss: 3.4155855417251586
Train Epoch: 78 steps: 230 / 4152 loss: 3.426014256477356
Train Epoch: 78 steps: 240 / 4152 loss: 3.3436272144317627
Train Epoch: 78 steps: 250 / 4152 loss: 3.4271657466888428
Train Epoch: 78 steps: 260 / 4152 loss: 3.4352336883544923
Train Epoch: 78 steps: 270 / 4152 loss: 3.4216589450836183
Train Epoch: 78 steps: 280 / 4152 loss: 3.4246325731277465
Train Epoch: 78 steps: 290 / 4152 loss: 3.4575013875961305
Train Epoch: 78 steps: 300 / 4152 loss: 3.3624031782150268
Train Epoch: 78 steps: 310 / 4152 loss: 3.441305994987488
Train Epoch: 78 steps: 320 / 4152 loss: 3.455155682563782
Train Epoch: 78 steps: 330 / 4152 loss: 3.4675453424453737
Train Epoch: 78 steps: 340 / 4152 loss: 3.4225615739822386
Train Epoch: 78 steps: 350 / 4152 loss: 3.3736730098724363
Train Epoch: 78 steps: 360 / 4152 loss: 3.4344432830810545
Train Epoch: 78 steps: 370 / 4152 loss: 3.406230092048645
Train Epoch: 78 steps: 380 / 4152 loss: 3.4407936334609985
Train Epoch: 78 steps: 390 / 4152 loss: 3.4650492668151855
Train Epoch: 78 steps: 400 / 4152 loss: 3.4628634691238402
Train Epoch: 78 steps: 410 / 4152 loss: 3.463206481933594
Train Epoch: 78 steps: 420 / 4152 loss: 3.1140615701675416
Train Epoch: 78 steps: 430 / 4152 loss: 3.555424213409424
Train Epoch: 78 steps: 440 / 4152 loss: 3.456957697868347
Train Epoch: 78 steps: 450 / 4152 loss: 3.40717294216156
Train Epoch: 78 steps: 460 / 4152 loss: 3.4221476316452026
Train Epoch: 78 steps: 470 / 4152 loss: 3.4064643383026123
Train Epoch: 78 steps: 480 / 4152 loss: 3.4845986366271973
Train Epoch: 78 steps: 490 / 4152 loss: 3.4278733491897584
Train Epoch: 78 steps: 500 / 4152 loss: 3.4288897037506105
Train Epoch: 78 steps: 510 / 4152 loss: 3.48332679271698
Train Epoch: 78 steps: 520 / 4152 loss: 3.481636118888855
Train Epoch: 78 steps: 530 / 4152 loss: 3.3114370822906496
Train Epoch: 78 steps: 540 / 4152 loss: 3.426763987541199
Train Epoch: 78 steps: 550 / 4152 loss: 3.4678889989852903
Train Epoch: 78 steps: 560 / 4152 loss: 3.4754226207733154
Train Epoch: 78 steps: 570 / 4152 loss: 3.4083637475967405
Train Epoch: 78 steps: 580 / 4152 loss: 3.408598804473877
Train Epoch: 78 steps: 590 / 4152 loss: 3.405390667915344
Train Epoch: 78 steps: 600 / 4152 loss: 3.4567347288131716
Train Epoch: 78 steps: 610 / 4152 loss: 3.4391783475875854
Train Epoch: 78 steps: 620 / 4152 loss: 3.5118006229400636
Train Epoch: 78 steps: 630 / 4152 loss: 3.433210825920105
Train Epoch: 78 steps: 640 / 4152 loss: 3.4494765758514405
Train Epoch: 78 steps: 650 / 4152 loss: 3.3810717105865478
Train Epoch: 78 steps: 660 / 4152 loss: 3.321317672729492
Train Epoch: 78 steps: 670 / 4152 loss: 3.4951059103012083
Train Epoch: 78 steps: 680 / 4152 loss: 3.3338273048400877
Train Epoch: 78 steps: 690 / 4152 loss: 3.492460608482361
Train Epoch: 78 steps: 700 / 4152 loss: 3.4465686082839966
Train Epoch: 78 steps: 710 / 4152 loss: 3.4933376550674438
Train Epoch: 78 steps: 720 / 4152 loss: 3.4412641286849976
Train Epoch: 78 steps: 730 / 4152 loss: 3.447491097450256
Train Epoch: 78 steps: 740 / 4152 loss: 3.4478874683380125
Train Epoch: 78 steps: 750 / 4152 loss: 3.4143341779708862
Train Epoch: 78 steps: 760 / 4152 loss: 3.4428993225097657
Train Epoch: 78 steps: 770 / 4152 loss: 3.363690948486328
Train Epoch: 78 steps: 780 / 4152 loss: 3.4466453313827516
Train Epoch: 78 steps: 790 / 4152 loss: 3.468501663208008
Train Epoch: 78 steps: 800 / 4152 loss: 3.4778218030929566
Train Epoch: 78 steps: 810 / 4152 loss: 3.417323637008667
Train Epoch: 78 steps: 820 / 4152 loss: 3.4266210794448853
Train Epoch: 78 steps: 830 / 4152 loss: 3.4212051153182985
Train Epoch: 78 steps: 840 / 4152 loss: 3.512685203552246
Train Epoch: 78 steps: 850 / 4152 loss: 3.456124210357666
Train Epoch: 78 steps: 860 / 4152 loss: 3.334022879600525
Train Epoch: 78 steps: 870 / 4152 loss: 3.4105975151062013
Train Epoch: 78 steps: 880 / 4152 loss: 3.4689990520477294
Train Epoch: 78 steps: 890 / 4152 loss: 3.4405722618103027
Train Epoch: 78 steps: 900 / 4152 loss: 3.45482337474823
Train Epoch: 78 steps: 910 / 4152 loss: 3.445920991897583
Train Epoch: 78 steps: 920 / 4152 loss: 3.5110766649246217
Train Epoch: 78 steps: 930 / 4152 loss: 3.3641494035720827
Train Epoch: 78 steps: 940 / 4152 loss: 3.464510989189148
Train Epoch: 78 steps: 950 / 4152 loss: 3.473270606994629
Train Epoch: 78 steps: 960 / 4152 loss: 3.4304283380508425
Train Epoch: 78 steps: 970 / 4152 loss: 3.475713586807251
Train Epoch: 78 steps: 980 / 4152 loss: 3.4490190744400024
Train Epoch: 78 steps: 990 / 4152 loss: 3.4512783527374267
Train Epoch: 78 steps: 1000 / 4152 loss: 3.4035606384277344
Train Epoch: 78 steps: 1010 / 4152 loss: 3.4931493759155274
Train Epoch: 78 steps: 1020 / 4152 loss: 3.446428394317627
Train Epoch: 78 steps: 1030 / 4152 loss: 3.4554429054260254
Train Epoch: 78 steps: 1040 / 4152 loss: 3.402375102043152
----------------------------------------Epoch: 79----------------------------------------
----------------------------------------Epoch: 79----------------------------------------
----------------------------------------Epoch: 79----------------------------------------
----------------------------------------Epoch: 79----------------------------------------
Train Epoch: 79 steps: 0 / 4152 loss: 0.32895569801330565
Train Epoch: 79 steps: 10 / 4152 loss: 3.4412012100219727
Train Epoch: 79 steps: 20 / 4152 loss: 3.366827368736267
Train Epoch: 79 steps: 30 / 4152 loss: 3.4262022972106934
Train Epoch: 79 steps: 40 / 4152 loss: 3.4779866695404054
Train Epoch: 79 steps: 50 / 4152 loss: 3.375206708908081
Train Epoch: 79 steps: 60 / 4152 loss: 3.454639172554016
Train Epoch: 79 steps: 70 / 4152 loss: 3.4153269052505495
Train Epoch: 79 steps: 80 / 4152 loss: 3.424333024024963
Train Epoch: 79 steps: 90 / 4152 loss: 3.441526985168457
Train Epoch: 79 steps: 100 / 4152 loss: 3.4700530529022218
Train Epoch: 79 steps: 110 / 4152 loss: 3.4868365287780763
Train Epoch: 79 steps: 120 / 4152 loss: 3.445630359649658
Train Epoch: 79 steps: 130 / 4152 loss: 3.5077512502670287
Train Epoch: 79 steps: 140 / 4152 loss: 3.479606032371521
Train Epoch: 79 steps: 150 / 4152 loss: 3.4465885400772094
Train Epoch: 79 steps: 160 / 4152 loss: 3.4376938581466674
Train Epoch: 79 steps: 170 / 4152 loss: 3.3267713308334352
Train Epoch: 79 steps: 180 / 4152 loss: 3.470338296890259
Train Epoch: 79 steps: 190 / 4152 loss: 3.4423216581344604
Train Epoch: 79 steps: 200 / 4152 loss: 3.511858510971069
Train Epoch: 79 steps: 210 / 4152 loss: 3.423492431640625
Train Epoch: 79 steps: 220 / 4152 loss: 3.4236478567123414
Train Epoch: 79 steps: 230 / 4152 loss: 3.5054782390594483
Train Epoch: 79 steps: 240 / 4152 loss: 3.3887247323989866
Train Epoch: 79 steps: 250 / 4152 loss: 3.431138038635254
Train Epoch: 79 steps: 260 / 4152 loss: 3.4094085693359375
Train Epoch: 79 steps: 270 / 4152 loss: 3.35715856552124
Train Epoch: 79 steps: 280 / 4152 loss: 3.424229550361633
Train Epoch: 79 steps: 290 / 4152 loss: 3.305132436752319
Train Epoch: 79 steps: 300 / 4152 loss: 3.407851719856262
Train Epoch: 79 steps: 310 / 4152 loss: 3.4465637683868406
Train Epoch: 79 steps: 320 / 4152 loss: 3.408165144920349
Train Epoch: 79 steps: 330 / 4152 loss: 3.463366389274597
Train Epoch: 79 steps: 340 / 4152 loss: 3.427280879020691
Train Epoch: 79 steps: 350 / 4152 loss: 3.345661473274231
Train Epoch: 79 steps: 360 / 4152 loss: 3.479721713066101
Train Epoch: 79 steps: 370 / 4152 loss: 3.452384352684021
Train Epoch: 79 steps: 380 / 4152 loss: 3.4817049503326416
Train Epoch: 79 steps: 390 / 4152 loss: 3.5093053340911866
Train Epoch: 79 steps: 400 / 4152 loss: 3.416306495666504
Train Epoch: 79 steps: 410 / 4152 loss: 3.4519443988800047
Train Epoch: 79 steps: 420 / 4152 loss: 3.480722427368164
Train Epoch: 79 steps: 430 / 4152 loss: 3.4301880836486816
Train Epoch: 79 steps: 440 / 4152 loss: 3.449321222305298
Train Epoch: 79 steps: 450 / 4152 loss: 3.4575283527374268
Train Epoch: 79 steps: 460 / 4152 loss: 3.5195967674255373
Train Epoch: 79 steps: 470 / 4152 loss: 3.395952558517456
Train Epoch: 79 steps: 480 / 4152 loss: 3.3883077621459963
Train Epoch: 79 steps: 490 / 4152 loss: 3.3997073650360106
Train Epoch: 79 steps: 500 / 4152 loss: 3.40171594619751
Train Epoch: 79 steps: 510 / 4152 loss: 3.41404550075531
Train Epoch: 79 steps: 520 / 4152 loss: 3.4060227394104006
Train Epoch: 79 steps: 530 / 4152 loss: 3.4131471633911135
Train Epoch: 79 steps: 540 / 4152 loss: 3.5082666873931885
Train Epoch: 79 steps: 550 / 4152 loss: 3.456190347671509
Train Epoch: 79 steps: 560 / 4152 loss: 3.5146360397338867
Train Epoch: 79 steps: 570 / 4152 loss: 3.4067243337631226
Train Epoch: 79 steps: 580 / 4152 loss: 3.3938910722732545
Train Epoch: 79 steps: 590 / 4152 loss: 3.45620973110199
Train Epoch: 79 steps: 600 / 4152 loss: 3.4561207056045533
Train Epoch: 79 steps: 610 / 4152 loss: 3.5136120557785033
Train Epoch: 79 steps: 620 / 4152 loss: 3.5187944889068605
Train Epoch: 79 steps: 630 / 4152 loss: 3.3488126516342165
Train Epoch: 79 steps: 640 / 4152 loss: 3.43253231048584
Train Epoch: 79 steps: 650 / 4152 loss: 3.459045934677124
Train Epoch: 79 steps: 660 / 4152 loss: 3.426669716835022
Train Epoch: 79 steps: 670 / 4152 loss: 3.4239892244338987
Train Epoch: 79 steps: 680 / 4152 loss: 3.4294333457946777
Train Epoch: 79 steps: 690 / 4152 loss: 3.466602635383606
Train Epoch: 79 steps: 700 / 4152 loss: 3.4629257678985597
Train Epoch: 79 steps: 710 / 4152 loss: 3.3946431636810304
Train Epoch: 79 steps: 720 / 4152 loss: 3.4633548498153686
Train Epoch: 79 steps: 730 / 4152 loss: 3.4341103553771974
Train Epoch: 79 steps: 740 / 4152 loss: 3.4776246547698975
Train Epoch: 79 steps: 750 / 4152 loss: 3.4662620067596435
Train Epoch: 79 steps: 760 / 4152 loss: 3.5003525257110595
Train Epoch: 79 steps: 770 / 4152 loss: 3.4410595655441285
Train Epoch: 79 steps: 780 / 4152 loss: 3.4911495447158813
Train Epoch: 79 steps: 790 / 4152 loss: 3.4125354051589967
Train Epoch: 79 steps: 800 / 4152 loss: 3.483223557472229
Train Epoch: 79 steps: 810 / 4152 loss: 3.451115036010742
Train Epoch: 79 steps: 820 / 4152 loss: 3.4102158069610597
Train Epoch: 79 steps: 830 / 4152 loss: 3.4563091516494753
Train Epoch: 79 steps: 840 / 4152 loss: 3.386710262298584
Train Epoch: 79 steps: 850 / 4152 loss: 3.3411934852600096
Train Epoch: 79 steps: 860 / 4152 loss: 3.3384514331817625
Train Epoch: 79 steps: 870 / 4152 loss: 3.4460330247879027
Train Epoch: 79 steps: 880 / 4152 loss: 3.4005514860153196
Train Epoch: 79 steps: 890 / 4152 loss: 3.4912100315093992
Train Epoch: 79 steps: 900 / 4152 loss: 3.4656256198883058
Train Epoch: 79 steps: 910 / 4152 loss: 3.42385516166687
Train Epoch: 79 steps: 920 / 4152 loss: 3.475654864311218
Train Epoch: 79 steps: 930 / 4152 loss: 3.3778074264526365
Train Epoch: 79 steps: 940 / 4152 loss: 3.447820854187012
Train Epoch: 79 steps: 950 / 4152 loss: 3.4143049716949463
Train Epoch: 79 steps: 960 / 4152 loss: 3.3065858602523805
Train Epoch: 79 steps: 970 / 4152 loss: 3.405395841598511
Train Epoch: 79 steps: 980 / 4152 loss: 3.4618228673934937
Train Epoch: 79 steps: 990 / 4152 loss: 3.4056409120559694
Train Epoch: 79 steps: 1000 / 4152 loss: 3.4386495113372804
Train Epoch: 79 steps: 1010 / 4152 loss: 3.38368935585022
Train Epoch: 79 steps: 1020 / 4152 loss: 3.425813579559326
Train Epoch: 79 steps: 1030 / 4152 loss: 3.4698060274124147
Train Epoch: 79 steps: 1040 / 4152 loss: 3.428569459915161
----------------------------------------Epoch: 80----------------------------------------
----------------------------------------Epoch: 80----------------------------------------
----------------------------------------Epoch: 80----------------------------------------
----------------------------------------Epoch: 80----------------------------------------
Train Epoch: 80 steps: 0 / 4152 loss: 0.3474358320236206
Train Epoch: 80 steps: 10 / 4152 loss: 3.412333273887634
Train Epoch: 80 steps: 20 / 4152 loss: 3.447863221168518
Train Epoch: 80 steps: 30 / 4152 loss: 3.4769945621490477
Train Epoch: 80 steps: 40 / 4152 loss: 3.446968150138855
Train Epoch: 80 steps: 50 / 4152 loss: 3.4378969192504885
Train Epoch: 80 steps: 60 / 4152 loss: 3.442878746986389
Train Epoch: 80 steps: 70 / 4152 loss: 3.411570191383362
Train Epoch: 80 steps: 80 / 4152 loss: 3.467239260673523
Train Epoch: 80 steps: 90 / 4152 loss: 3.46343047618866
Train Epoch: 80 steps: 100 / 4152 loss: 3.3710797309875487
Train Epoch: 80 steps: 110 / 4152 loss: 3.5525623083114626
Train Epoch: 80 steps: 120 / 4152 loss: 3.4303513050079344
Train Epoch: 80 steps: 130 / 4152 loss: 3.4660231590271
Train Epoch: 80 steps: 140 / 4152 loss: 3.358547902107239
Train Epoch: 80 steps: 150 / 4152 loss: 3.441757011413574
Train Epoch: 80 steps: 160 / 4152 loss: 3.475186824798584
Train Epoch: 80 steps: 170 / 4152 loss: 3.4336249113082884
Train Epoch: 80 steps: 180 / 4152 loss: 3.418669271469116
Train Epoch: 80 steps: 190 / 4152 loss: 3.376693344116211
Train Epoch: 80 steps: 200 / 4152 loss: 3.4213067531585692
Train Epoch: 80 steps: 210 / 4152 loss: 3.428847813606262
Train Epoch: 80 steps: 220 / 4152 loss: 3.5036381006240847
Train Epoch: 80 steps: 230 / 4152 loss: 3.4416752815246583
Train Epoch: 80 steps: 240 / 4152 loss: 3.474277377128601
Train Epoch: 80 steps: 250 / 4152 loss: 3.3515345096588134
Train Epoch: 80 steps: 260 / 4152 loss: 3.4621867656707765
Train Epoch: 80 steps: 270 / 4152 loss: 3.333353352546692
Train Epoch: 80 steps: 280 / 4152 loss: 3.4398576498031614
Train Epoch: 80 steps: 290 / 4152 loss: 3.4930185079574585
Train Epoch: 80 steps: 300 / 4152 loss: 3.4480240106582642
Train Epoch: 80 steps: 310 / 4152 loss: 3.3807440280914305
Train Epoch: 80 steps: 320 / 4152 loss: 3.445023846626282
Train Epoch: 80 steps: 330 / 4152 loss: 3.3793463706970215
Train Epoch: 80 steps: 340 / 4152 loss: 3.5113102436065673
Train Epoch: 80 steps: 350 / 4152 loss: 3.420213007926941
Train Epoch: 80 steps: 360 / 4152 loss: 3.5032852411270143
Train Epoch: 80 steps: 370 / 4152 loss: 3.365169143676758
Train Epoch: 80 steps: 380 / 4152 loss: 3.4413196086883544
Train Epoch: 80 steps: 390 / 4152 loss: 3.4590749740600586
Train Epoch: 80 steps: 400 / 4152 loss: 3.3583566427230833
Train Epoch: 80 steps: 410 / 4152 loss: 3.3687932014465334
Train Epoch: 80 steps: 420 / 4152 loss: 3.453089642524719
Train Epoch: 80 steps: 430 / 4152 loss: 3.505830454826355
Train Epoch: 80 steps: 440 / 4152 loss: 3.4583779096603395
Train Epoch: 80 steps: 450 / 4152 loss: 3.5268593788146974
Train Epoch: 80 steps: 460 / 4152 loss: 3.4266452550888062
Train Epoch: 80 steps: 470 / 4152 loss: 3.443564796447754
Train Epoch: 80 steps: 480 / 4152 loss: 3.420262932777405
Train Epoch: 80 steps: 490 / 4152 loss: 3.4288990259170533
Train Epoch: 80 steps: 500 / 4152 loss: 3.41678524017334
Train Epoch: 80 steps: 510 / 4152 loss: 3.509210777282715
Train Epoch: 80 steps: 520 / 4152 loss: 3.4110613107681274
Train Epoch: 80 steps: 530 / 4152 loss: 3.2936026573181154
Train Epoch: 80 steps: 540 / 4152 loss: 3.417889618873596
Train Epoch: 80 steps: 550 / 4152 loss: 3.4382771968841555
Train Epoch: 80 steps: 560 / 4152 loss: 3.40453200340271
Train Epoch: 80 steps: 570 / 4152 loss: 3.435052824020386
Train Epoch: 80 steps: 580 / 4152 loss: 3.4112799644470213
Train Epoch: 80 steps: 590 / 4152 loss: 3.424279880523682
Train Epoch: 80 steps: 600 / 4152 loss: 3.436965727806091
Train Epoch: 80 steps: 610 / 4152 loss: 3.4486814737319946
Train Epoch: 80 steps: 620 / 4152 loss: 3.4483314037322996
Train Epoch: 80 steps: 630 / 4152 loss: 3.452970004081726
Train Epoch: 80 steps: 640 / 4152 loss: 3.437876796722412
Train Epoch: 80 steps: 650 / 4152 loss: 3.496152973175049
Train Epoch: 80 steps: 660 / 4152 loss: 3.491514778137207
Train Epoch: 80 steps: 670 / 4152 loss: 3.437035894393921
Train Epoch: 80 steps: 680 / 4152 loss: 3.4112688541412353
Train Epoch: 80 steps: 690 / 4152 loss: 3.4805728912353517
Train Epoch: 80 steps: 700 / 4152 loss: 3.461195540428162
Train Epoch: 80 steps: 710 / 4152 loss: 3.482250690460205
Train Epoch: 80 steps: 720 / 4152 loss: 3.502561259269714
Train Epoch: 80 steps: 730 / 4152 loss: 3.4786343812942504
Train Epoch: 80 steps: 740 / 4152 loss: 3.461126708984375
Train Epoch: 80 steps: 750 / 4152 loss: 3.4748250246047974
Train Epoch: 80 steps: 760 / 4152 loss: 3.488132095336914
Train Epoch: 80 steps: 770 / 4152 loss: 3.4929977893829345
Train Epoch: 80 steps: 780 / 4152 loss: 3.4727110147476195
Train Epoch: 80 steps: 790 / 4152 loss: 3.3645370244979858
Train Epoch: 80 steps: 800 / 4152 loss: 3.5767289638519286
Train Epoch: 80 steps: 810 / 4152 loss: 3.4715719699859617
Train Epoch: 80 steps: 820 / 4152 loss: 3.3999157428741453
Train Epoch: 80 steps: 830 / 4152 loss: 3.4224853515625
Train Epoch: 80 steps: 840 / 4152 loss: 3.4250179529190063
Train Epoch: 80 steps: 850 / 4152 loss: 3.455269122123718
Train Epoch: 80 steps: 860 / 4152 loss: 3.4158420085906984
Train Epoch: 80 steps: 870 / 4152 loss: 3.4393168926239013
Train Epoch: 80 steps: 880 / 4152 loss: 3.4194998025894163
Train Epoch: 80 steps: 890 / 4152 loss: 3.4508071660995485
Train Epoch: 80 steps: 900 / 4152 loss: 3.3747949838638305
Train Epoch: 80 steps: 910 / 4152 loss: 3.2685470581054688
Train Epoch: 80 steps: 920 / 4152 loss: 3.432964301109314
Train Epoch: 80 steps: 930 / 4152 loss: 3.441843056678772
Train Epoch: 80 steps: 940 / 4152 loss: 3.485819864273071
Train Epoch: 80 steps: 950 / 4152 loss: 3.453381061553955
Train Epoch: 80 steps: 960 / 4152 loss: 3.402302384376526
Train Epoch: 80 steps: 970 / 4152 loss: 3.3968119382858277
Train Epoch: 80 steps: 980 / 4152 loss: 3.510345220565796
Train Epoch: 80 steps: 990 / 4152 loss: 3.421728801727295
Train Epoch: 80 steps: 1000 / 4152 loss: 3.38929967880249
Train Epoch: 80 steps: 1010 / 4152 loss: 3.4773929834365847
Train Epoch: 80 steps: 1020 / 4152 loss: 3.381009411811829
Train Epoch: 80 steps: 1030 / 4152 loss: 3.427298736572266
Train Epoch: 80 steps: 1040 / 4152 loss: 3.4151360273361204
----------------------------------------Epoch: 81----------------------------------------
----------------------------------------Epoch: 81----------------------------------------
----------------------------------------Epoch: 81----------------------------------------
----------------------------------------Epoch: 81----------------------------------------
Train Epoch: 81 steps: 0 / 4152 loss: 0.3661266088485718
Train Epoch: 81 steps: 10 / 4152 loss: 3.5042800664901734
Train Epoch: 81 steps: 20 / 4152 loss: 3.453821039199829
Train Epoch: 81 steps: 30 / 4152 loss: 3.403781533241272
Train Epoch: 81 steps: 40 / 4152 loss: 3.47590012550354
Train Epoch: 81 steps: 50 / 4152 loss: 3.363551115989685
Train Epoch: 81 steps: 60 / 4152 loss: 3.4945294857025146
Train Epoch: 81 steps: 70 / 4152 loss: 3.4413380146026613
Train Epoch: 81 steps: 80 / 4152 loss: 3.512721586227417
Train Epoch: 81 steps: 90 / 4152 loss: 3.465684485435486
Train Epoch: 81 steps: 100 / 4152 loss: 3.4315231800079347
Train Epoch: 81 steps: 110 / 4152 loss: 3.4072602510452272
Train Epoch: 81 steps: 120 / 4152 loss: 3.3918944597244263
Train Epoch: 81 steps: 130 / 4152 loss: 3.453147125244141
Train Epoch: 81 steps: 140 / 4152 loss: 3.385858106613159
Train Epoch: 81 steps: 150 / 4152 loss: 3.3201905727386474
Train Epoch: 81 steps: 160 / 4152 loss: 3.3932891368865965
Train Epoch: 81 steps: 170 / 4152 loss: 3.403228282928467
Train Epoch: 81 steps: 180 / 4152 loss: 3.467628312110901
Train Epoch: 81 steps: 190 / 4152 loss: 3.4215975046157836
Train Epoch: 81 steps: 200 / 4152 loss: 3.474185252189636
Train Epoch: 81 steps: 210 / 4152 loss: 3.5079384803771974
Train Epoch: 81 steps: 220 / 4152 loss: 3.4624030351638795
Train Epoch: 81 steps: 230 / 4152 loss: 3.47087767124176
Train Epoch: 81 steps: 240 / 4152 loss: 3.5625232696533202
Train Epoch: 81 steps: 250 / 4152 loss: 3.4760841369628905
Train Epoch: 81 steps: 260 / 4152 loss: 3.3998619079589845
Train Epoch: 81 steps: 270 / 4152 loss: 3.377810025215149
Train Epoch: 81 steps: 280 / 4152 loss: 3.432654094696045
Train Epoch: 81 steps: 290 / 4152 loss: 3.447111463546753
Train Epoch: 81 steps: 300 / 4152 loss: 3.4084723472595213
Train Epoch: 81 steps: 310 / 4152 loss: 3.336461877822876
Train Epoch: 81 steps: 320 / 4152 loss: 3.4488008499145506
Train Epoch: 81 steps: 330 / 4152 loss: 3.5333518743515016
Train Epoch: 81 steps: 340 / 4152 loss: 3.4676759958267214
Train Epoch: 81 steps: 350 / 4152 loss: 3.375336217880249
Train Epoch: 81 steps: 360 / 4152 loss: 3.503821063041687
Train Epoch: 81 steps: 370 / 4152 loss: 3.402746391296387
Train Epoch: 81 steps: 380 / 4152 loss: 3.46169171333313
Train Epoch: 81 steps: 390 / 4152 loss: 3.447718119621277
Train Epoch: 81 steps: 400 / 4152 loss: 3.291482162475586
Train Epoch: 81 steps: 410 / 4152 loss: 3.470687747001648
Train Epoch: 81 steps: 420 / 4152 loss: 3.523422646522522
Train Epoch: 81 steps: 430 / 4152 loss: 3.4590670824050904
Train Epoch: 81 steps: 440 / 4152 loss: 3.466071939468384
Train Epoch: 81 steps: 450 / 4152 loss: 3.4028484582901
Train Epoch: 81 steps: 460 / 4152 loss: 3.4750009536743165
Train Epoch: 81 steps: 470 / 4152 loss: 3.299740171432495
Train Epoch: 81 steps: 480 / 4152 loss: 3.478040647506714
Train Epoch: 81 steps: 490 / 4152 loss: 3.412117862701416
Train Epoch: 81 steps: 500 / 4152 loss: 3.349292039871216
Train Epoch: 81 steps: 510 / 4152 loss: 3.431544804573059
Train Epoch: 81 steps: 520 / 4152 loss: 3.362432026863098
Train Epoch: 81 steps: 530 / 4152 loss: 3.3692739009857178
Train Epoch: 81 steps: 540 / 4152 loss: 3.5046387910842896
Train Epoch: 81 steps: 550 / 4152 loss: 3.4561596870422364
Train Epoch: 81 steps: 560 / 4152 loss: 3.4799847841262816
Train Epoch: 81 steps: 570 / 4152 loss: 3.470278334617615
Train Epoch: 81 steps: 580 / 4152 loss: 3.4094327449798585
Train Epoch: 81 steps: 590 / 4152 loss: 3.459388279914856
Train Epoch: 81 steps: 600 / 4152 loss: 3.3851971864700316
Train Epoch: 81 steps: 610 / 4152 loss: 3.387491989135742
Train Epoch: 81 steps: 620 / 4152 loss: 3.4789040088653564
Train Epoch: 81 steps: 630 / 4152 loss: 3.435977745056152
Train Epoch: 81 steps: 640 / 4152 loss: 3.398754835128784
Train Epoch: 81 steps: 650 / 4152 loss: 3.481786608695984
Train Epoch: 81 steps: 660 / 4152 loss: 3.42502019405365
Train Epoch: 81 steps: 670 / 4152 loss: 3.3984362363815306
Train Epoch: 81 steps: 680 / 4152 loss: 3.431916284561157
Train Epoch: 81 steps: 690 / 4152 loss: 3.047997522354126
Train Epoch: 81 steps: 700 / 4152 loss: 3.429896378517151
Train Epoch: 81 steps: 710 / 4152 loss: 3.4655601024627685
Train Epoch: 81 steps: 720 / 4152 loss: 3.4254492282867433
Train Epoch: 81 steps: 730 / 4152 loss: 3.445244812965393
Train Epoch: 81 steps: 740 / 4152 loss: 3.3582598209381103
Train Epoch: 81 steps: 750 / 4152 loss: 3.510514998435974
Train Epoch: 81 steps: 760 / 4152 loss: 3.4478621244430543
Train Epoch: 81 steps: 770 / 4152 loss: 3.478411817550659
Train Epoch: 81 steps: 780 / 4152 loss: 3.4076578855514525
Train Epoch: 81 steps: 790 / 4152 loss: 3.352220296859741
Train Epoch: 81 steps: 800 / 4152 loss: 3.532968044281006
Train Epoch: 81 steps: 810 / 4152 loss: 3.461548638343811
Train Epoch: 81 steps: 820 / 4152 loss: 3.3582582235336305
Train Epoch: 81 steps: 830 / 4152 loss: 3.389327597618103
Train Epoch: 81 steps: 840 / 4152 loss: 3.4535080432891845
Train Epoch: 81 steps: 850 / 4152 loss: 3.44044451713562
Train Epoch: 81 steps: 860 / 4152 loss: 3.4633965253829957
Train Epoch: 81 steps: 870 / 4152 loss: 3.3690335273742678
Train Epoch: 81 steps: 880 / 4152 loss: 3.4996616363525392
Train Epoch: 81 steps: 890 / 4152 loss: 3.499236798286438
Train Epoch: 81 steps: 900 / 4152 loss: 3.3494116067886353
Train Epoch: 81 steps: 910 / 4152 loss: 3.4316818714141846
Train Epoch: 81 steps: 920 / 4152 loss: 3.44112548828125
Train Epoch: 81 steps: 930 / 4152 loss: 3.4123374938964846
Train Epoch: 81 steps: 940 / 4152 loss: 3.3613850593566896
Train Epoch: 81 steps: 950 / 4152 loss: 3.421110010147095
Train Epoch: 81 steps: 960 / 4152 loss: 3.4357221603393553
Train Epoch: 81 steps: 970 / 4152 loss: 3.3623989105224608
Train Epoch: 81 steps: 980 / 4152 loss: 3.4730912685394286
Train Epoch: 81 steps: 990 / 4152 loss: 3.4413769006729127
Train Epoch: 81 steps: 1000 / 4152 loss: 3.3296852827072145
Train Epoch: 81 steps: 1010 / 4152 loss: 3.4413065910339355
Train Epoch: 81 steps: 1020 / 4152 loss: 3.410535788536072
Train Epoch: 81 steps: 1030 / 4152 loss: 3.426257681846619
Train Epoch: 81 steps: 1040 / 4152 loss: 3.458151388168335
----------------------------------------Epoch: 82----------------------------------------
----------------------------------------Epoch: 82----------------------------------------
----------------------------------------Epoch: 82----------------------------------------
----------------------------------------Epoch: 82----------------------------------------
Train Epoch: 82 steps: 0 / 4152 loss: 0.32398042678833006
Train Epoch: 82 steps: 10 / 4152 loss: 3.4542287588119507
Train Epoch: 82 steps: 20 / 4152 loss: 3.4396793365478517
Train Epoch: 82 steps: 30 / 4152 loss: 3.383539891242981
Train Epoch: 82 steps: 40 / 4152 loss: 3.4168975353240967
Train Epoch: 82 steps: 50 / 4152 loss: 3.421317195892334
Train Epoch: 82 steps: 60 / 4152 loss: 3.4000556230545045
Train Epoch: 82 steps: 70 / 4152 loss: 3.2956000566482544
Train Epoch: 82 steps: 80 / 4152 loss: 3.4248706340789794
Train Epoch: 82 steps: 90 / 4152 loss: 3.39206223487854
Train Epoch: 82 steps: 100 / 4152 loss: 3.376743721961975
Train Epoch: 82 steps: 110 / 4152 loss: 3.4255635261535646
Train Epoch: 82 steps: 120 / 4152 loss: 3.414329099655151
Train Epoch: 82 steps: 130 / 4152 loss: 3.469253897666931
Train Epoch: 82 steps: 140 / 4152 loss: 3.4726979732513428
Train Epoch: 82 steps: 150 / 4152 loss: 3.395912265777588
Train Epoch: 82 steps: 160 / 4152 loss: 3.4561301708221435
Train Epoch: 82 steps: 170 / 4152 loss: 3.4169931650161742
Train Epoch: 82 steps: 180 / 4152 loss: 3.4600128173828124
Train Epoch: 82 steps: 190 / 4152 loss: 3.4046571969985964
Train Epoch: 82 steps: 200 / 4152 loss: 3.4280429124832152
Train Epoch: 82 steps: 210 / 4152 loss: 3.4243735790252687
Train Epoch: 82 steps: 220 / 4152 loss: 3.3941707372665406
Train Epoch: 82 steps: 230 / 4152 loss: 3.4369719505310057
Train Epoch: 82 steps: 240 / 4152 loss: 3.51232647895813
Train Epoch: 82 steps: 250 / 4152 loss: 3.4035462141036987
Train Epoch: 82 steps: 260 / 4152 loss: 3.451002526283264
Train Epoch: 82 steps: 270 / 4152 loss: 3.380380415916443
Train Epoch: 82 steps: 280 / 4152 loss: 3.455753517150879
Train Epoch: 82 steps: 290 / 4152 loss: 3.4725542783737184
Train Epoch: 82 steps: 300 / 4152 loss: 3.4484032154083253
Train Epoch: 82 steps: 310 / 4152 loss: 3.4508293867111206
Train Epoch: 82 steps: 320 / 4152 loss: 3.4148490905761717
Train Epoch: 82 steps: 330 / 4152 loss: 3.472151684761047
Train Epoch: 82 steps: 340 / 4152 loss: 3.36433424949646
Train Epoch: 82 steps: 350 / 4152 loss: 3.3577850341796873
Train Epoch: 82 steps: 360 / 4152 loss: 3.49292151927948
Train Epoch: 82 steps: 370 / 4152 loss: 3.3514358520507814
Train Epoch: 82 steps: 380 / 4152 loss: 3.349077916145325
Train Epoch: 82 steps: 390 / 4152 loss: 3.434880805015564
Train Epoch: 82 steps: 400 / 4152 loss: 3.4097936153411865
Train Epoch: 82 steps: 410 / 4152 loss: 3.404124712944031
Train Epoch: 82 steps: 420 / 4152 loss: 3.4656360864639284
Train Epoch: 82 steps: 430 / 4152 loss: 3.487824892997742
Train Epoch: 82 steps: 440 / 4152 loss: 3.524056077003479
Train Epoch: 82 steps: 450 / 4152 loss: 3.3861207485198976
Train Epoch: 82 steps: 460 / 4152 loss: 3.4317071437835693
Train Epoch: 82 steps: 470 / 4152 loss: 3.403072166442871
Train Epoch: 82 steps: 480 / 4152 loss: 3.49695827960968
Train Epoch: 82 steps: 490 / 4152 loss: 3.4794262409210206
Train Epoch: 82 steps: 500 / 4152 loss: 3.3204935073852537
Train Epoch: 82 steps: 510 / 4152 loss: 3.4513314723968507
Train Epoch: 82 steps: 520 / 4152 loss: 3.4999225616455076
Train Epoch: 82 steps: 530 / 4152 loss: 3.443487119674683
Train Epoch: 82 steps: 540 / 4152 loss: 3.362333369255066
Train Epoch: 82 steps: 550 / 4152 loss: 3.3743221044540403
Train Epoch: 82 steps: 560 / 4152 loss: 3.4494351863861086
Train Epoch: 82 steps: 570 / 4152 loss: 3.4487504243850706
Train Epoch: 82 steps: 580 / 4152 loss: 3.5959482908248903
Train Epoch: 82 steps: 590 / 4152 loss: 3.339716100692749
Train Epoch: 82 steps: 600 / 4152 loss: 3.4258804321289062
Train Epoch: 82 steps: 610 / 4152 loss: 3.372643566131592
Train Epoch: 82 steps: 620 / 4152 loss: 3.401682209968567
Train Epoch: 82 steps: 630 / 4152 loss: 3.527709460258484
Train Epoch: 82 steps: 640 / 4152 loss: 3.5053923606872557
Train Epoch: 82 steps: 650 / 4152 loss: 3.440226340293884
Train Epoch: 82 steps: 660 / 4152 loss: 3.476462197303772
Train Epoch: 82 steps: 670 / 4152 loss: 3.4636592626571656
Train Epoch: 82 steps: 680 / 4152 loss: 3.4875860929489138
Train Epoch: 82 steps: 690 / 4152 loss: 3.426404333114624
Train Epoch: 82 steps: 700 / 4152 loss: 3.468305540084839
Train Epoch: 82 steps: 710 / 4152 loss: 3.3889313459396364
Train Epoch: 82 steps: 720 / 4152 loss: 3.3698148488998414
Train Epoch: 82 steps: 730 / 4152 loss: 3.4147599935531616
Train Epoch: 82 steps: 740 / 4152 loss: 3.518526577949524
Train Epoch: 82 steps: 750 / 4152 loss: 3.3776865243911742
Train Epoch: 82 steps: 760 / 4152 loss: 3.40836820602417
Train Epoch: 82 steps: 770 / 4152 loss: 3.408000874519348
Train Epoch: 82 steps: 780 / 4152 loss: 3.3906919956207275
Train Epoch: 82 steps: 790 / 4152 loss: 3.5176902055740356
Train Epoch: 82 steps: 800 / 4152 loss: 3.4412596940994264
Train Epoch: 82 steps: 810 / 4152 loss: 3.4310139417648315
Train Epoch: 82 steps: 820 / 4152 loss: 3.459706163406372
Train Epoch: 82 steps: 830 / 4152 loss: 3.466969299316406
Train Epoch: 82 steps: 840 / 4152 loss: 3.475545597076416
Train Epoch: 82 steps: 850 / 4152 loss: 3.4396231412887572
Train Epoch: 82 steps: 860 / 4152 loss: 3.4369519710540772
Train Epoch: 82 steps: 870 / 4152 loss: 3.462703251838684
Train Epoch: 82 steps: 880 / 4152 loss: 3.388833165168762
Train Epoch: 82 steps: 890 / 4152 loss: 3.4515641927719116
Train Epoch: 82 steps: 900 / 4152 loss: 3.438511872291565
Train Epoch: 82 steps: 910 / 4152 loss: 3.446916627883911
Train Epoch: 82 steps: 920 / 4152 loss: 3.384839582443237
Train Epoch: 82 steps: 930 / 4152 loss: 3.5039747953414917
Train Epoch: 82 steps: 940 / 4152 loss: 3.4572885990142823
Train Epoch: 82 steps: 950 / 4152 loss: 3.457340669631958
Train Epoch: 82 steps: 960 / 4152 loss: 3.534605932235718
Train Epoch: 82 steps: 970 / 4152 loss: 3.346179175376892
Train Epoch: 82 steps: 980 / 4152 loss: 3.3856434345245363
Train Epoch: 82 steps: 990 / 4152 loss: 3.466624879837036
Train Epoch: 82 steps: 1000 / 4152 loss: 3.464062738418579
Train Epoch: 82 steps: 1010 / 4152 loss: 3.4547640562057493
Train Epoch: 82 steps: 1020 / 4152 loss: 3.5183151245117186
Train Epoch: 82 steps: 1030 / 4152 loss: 3.383072113990784
Train Epoch: 82 steps: 1040 / 4152 loss: 3.539708638191223
----------------------------------------Epoch: 83----------------------------------------
----------------------------------------Epoch: 83----------------------------------------
----------------------------------------Epoch: 83----------------------------------------
----------------------------------------Epoch: 83----------------------------------------
Train Epoch: 83 steps: 0 / 4152 loss: 0.36524794101715086
Train Epoch: 83 steps: 10 / 4152 loss: 3.3882349252700807
Train Epoch: 83 steps: 20 / 4152 loss: 3.4891915321350098
Train Epoch: 83 steps: 30 / 4152 loss: 3.3910457849502564
Train Epoch: 83 steps: 40 / 4152 loss: 3.479847288131714
Train Epoch: 83 steps: 50 / 4152 loss: 3.504264307022095
Train Epoch: 83 steps: 60 / 4152 loss: 3.370736503601074
Train Epoch: 83 steps: 70 / 4152 loss: 3.488681674003601
Train Epoch: 83 steps: 80 / 4152 loss: 3.415187692642212
Train Epoch: 83 steps: 90 / 4152 loss: 3.4533947229385378
Train Epoch: 83 steps: 100 / 4152 loss: 3.4230236530303957
Train Epoch: 83 steps: 110 / 4152 loss: 3.4399391651153564
Train Epoch: 83 steps: 120 / 4152 loss: 3.488431930541992
Train Epoch: 83 steps: 130 / 4152 loss: 3.4693603038787844
Train Epoch: 83 steps: 140 / 4152 loss: 3.4315776109695433
Train Epoch: 83 steps: 150 / 4152 loss: 3.3748626947402953
Train Epoch: 83 steps: 160 / 4152 loss: 3.4996301412582396
Train Epoch: 83 steps: 170 / 4152 loss: 3.4381884813308714
Train Epoch: 83 steps: 180 / 4152 loss: 3.454013442993164
Train Epoch: 83 steps: 190 / 4152 loss: 3.479963684082031
Train Epoch: 83 steps: 200 / 4152 loss: 3.458692193031311
Train Epoch: 83 steps: 210 / 4152 loss: 3.427035903930664
Train Epoch: 83 steps: 220 / 4152 loss: 3.3862216234207154
Train Epoch: 83 steps: 230 / 4152 loss: 3.402953290939331
Train Epoch: 83 steps: 240 / 4152 loss: 3.407541036605835
Train Epoch: 83 steps: 250 / 4152 loss: 3.43640079498291
Train Epoch: 83 steps: 260 / 4152 loss: 3.435819387435913
Train Epoch: 83 steps: 270 / 4152 loss: 3.3625953674316404
Train Epoch: 83 steps: 280 / 4152 loss: 3.3231900691986085
Train Epoch: 83 steps: 290 / 4152 loss: 3.4848328113555906
Train Epoch: 83 steps: 300 / 4152 loss: 3.4271294832229615
Train Epoch: 83 steps: 310 / 4152 loss: 3.366624093055725
Train Epoch: 83 steps: 320 / 4152 loss: 3.3424660205841064
Train Epoch: 83 steps: 330 / 4152 loss: 3.543430805206299
Train Epoch: 83 steps: 340 / 4152 loss: 3.4327940940856934
Train Epoch: 83 steps: 350 / 4152 loss: 3.42256178855896
Train Epoch: 83 steps: 360 / 4152 loss: 3.325120139122009
Train Epoch: 83 steps: 370 / 4152 loss: 3.460691785812378
Train Epoch: 83 steps: 380 / 4152 loss: 3.502632474899292
Train Epoch: 83 steps: 390 / 4152 loss: 3.345664358139038
Train Epoch: 83 steps: 400 / 4152 loss: 3.4431195497512816
Train Epoch: 83 steps: 410 / 4152 loss: 3.4663602113723755
Train Epoch: 83 steps: 420 / 4152 loss: 3.4796156883239746
Train Epoch: 83 steps: 430 / 4152 loss: 3.5006860494613647
Train Epoch: 83 steps: 440 / 4152 loss: 3.4359838247299193
Train Epoch: 83 steps: 450 / 4152 loss: 3.4587313652038576
Train Epoch: 83 steps: 460 / 4152 loss: 3.488467240333557
Train Epoch: 83 steps: 470 / 4152 loss: 3.427391457557678
Train Epoch: 83 steps: 480 / 4152 loss: 3.450108051300049
Train Epoch: 83 steps: 490 / 4152 loss: 3.4218825578689573
Train Epoch: 83 steps: 500 / 4152 loss: 3.4043798208236695
Train Epoch: 83 steps: 510 / 4152 loss: 3.447068452835083
Train Epoch: 83 steps: 520 / 4152 loss: 3.4218899488449095
Train Epoch: 83 steps: 530 / 4152 loss: 3.5080854177474974
Train Epoch: 83 steps: 540 / 4152 loss: 3.4647212505340574
Train Epoch: 83 steps: 550 / 4152 loss: 3.4394188642501833
Train Epoch: 83 steps: 560 / 4152 loss: 3.383835029602051
Train Epoch: 83 steps: 570 / 4152 loss: 3.4667473793029786
Train Epoch: 83 steps: 580 / 4152 loss: 3.389910101890564
Train Epoch: 83 steps: 590 / 4152 loss: 3.34618558883667
Train Epoch: 83 steps: 600 / 4152 loss: 3.4396758556365965
Train Epoch: 83 steps: 610 / 4152 loss: 3.375149893760681
Train Epoch: 83 steps: 620 / 4152 loss: 3.4100622653961183
Train Epoch: 83 steps: 630 / 4152 loss: 3.3824661493301393
Train Epoch: 83 steps: 640 / 4152 loss: 3.393236207962036
Train Epoch: 83 steps: 650 / 4152 loss: 3.516375923156738
Train Epoch: 83 steps: 660 / 4152 loss: 3.450357723236084
Train Epoch: 83 steps: 670 / 4152 loss: 3.462733197212219
Train Epoch: 83 steps: 680 / 4152 loss: 3.4143567085266113
Train Epoch: 83 steps: 690 / 4152 loss: 3.449095439910889
Train Epoch: 83 steps: 700 / 4152 loss: 3.4725890874862673
Train Epoch: 83 steps: 710 / 4152 loss: 3.4086774587631226
Train Epoch: 83 steps: 720 / 4152 loss: 3.4480694055557253
Train Epoch: 83 steps: 730 / 4152 loss: 3.487883758544922
Train Epoch: 83 steps: 740 / 4152 loss: 3.462431859970093
Train Epoch: 83 steps: 750 / 4152 loss: 3.413892984390259
Train Epoch: 83 steps: 760 / 4152 loss: 3.5042630672454833
Train Epoch: 83 steps: 770 / 4152 loss: 3.4769976854324343
Train Epoch: 83 steps: 780 / 4152 loss: 3.44075345993042
Train Epoch: 83 steps: 790 / 4152 loss: 3.4666588068008424
Train Epoch: 83 steps: 800 / 4152 loss: 3.475836682319641
Train Epoch: 83 steps: 810 / 4152 loss: 3.4729280948638914
Train Epoch: 83 steps: 820 / 4152 loss: 3.414100766181946
Train Epoch: 83 steps: 830 / 4152 loss: 3.491828179359436
Train Epoch: 83 steps: 840 / 4152 loss: 3.5022228956222534
Train Epoch: 83 steps: 850 / 4152 loss: 3.349111533164978
Train Epoch: 83 steps: 860 / 4152 loss: 3.3976955890655516
Train Epoch: 83 steps: 870 / 4152 loss: 3.3736963987350466
Train Epoch: 83 steps: 880 / 4152 loss: 3.41423499584198
Train Epoch: 83 steps: 890 / 4152 loss: 3.3826444864273073
Train Epoch: 83 steps: 900 / 4152 loss: 3.4447569608688355
Train Epoch: 83 steps: 910 / 4152 loss: 3.4449191331863402
Train Epoch: 83 steps: 920 / 4152 loss: 3.400581884384155
Train Epoch: 83 steps: 930 / 4152 loss: 3.42120099067688
Train Epoch: 83 steps: 940 / 4152 loss: 3.471536087989807
Train Epoch: 83 steps: 950 / 4152 loss: 3.390290546417236
Train Epoch: 83 steps: 960 / 4152 loss: 3.5458997249603272
Train Epoch: 83 steps: 970 / 4152 loss: 3.4268861293792723
Train Epoch: 83 steps: 980 / 4152 loss: 3.5170979738235473
Train Epoch: 83 steps: 990 / 4152 loss: 3.4239702463150024
Train Epoch: 83 steps: 1000 / 4152 loss: 3.4776152849197386
Train Epoch: 83 steps: 1010 / 4152 loss: 3.418135237693787
Train Epoch: 83 steps: 1020 / 4152 loss: 3.3564349174499513
Train Epoch: 83 steps: 1030 / 4152 loss: 3.4114508628845215
Train Epoch: 83 steps: 1040 / 4152 loss: 3.4803558349609376
----------------------------------------Epoch: 84----------------------------------------
----------------------------------------Epoch: 84----------------------------------------
----------------------------------------Epoch: 84----------------------------------------
----------------------------------------Epoch: 84----------------------------------------
Train Epoch: 84 steps: 0 / 4152 loss: 0.31927449703216554
Train Epoch: 84 steps: 10 / 4152 loss: 3.4441895484924316
Train Epoch: 84 steps: 20 / 4152 loss: 3.45833899974823
Train Epoch: 84 steps: 30 / 4152 loss: 3.385280203819275
Train Epoch: 84 steps: 40 / 4152 loss: 3.375632095336914
Train Epoch: 84 steps: 50 / 4152 loss: 3.5038185596466063
Train Epoch: 84 steps: 60 / 4152 loss: 3.350415658950806
Train Epoch: 84 steps: 70 / 4152 loss: 3.3846253633499144
Train Epoch: 84 steps: 80 / 4152 loss: 3.476960611343384
Train Epoch: 84 steps: 90 / 4152 loss: 3.4533087015151978
Train Epoch: 84 steps: 100 / 4152 loss: 3.4053949117660522
Train Epoch: 84 steps: 110 / 4152 loss: 3.4499924898147585
Train Epoch: 84 steps: 120 / 4152 loss: 3.3629669189453124
Train Epoch: 84 steps: 130 / 4152 loss: 3.379093885421753
Train Epoch: 84 steps: 140 / 4152 loss: 3.3849856853485107
Train Epoch: 84 steps: 150 / 4152 loss: 3.4101603269577025
Train Epoch: 84 steps: 160 / 4152 loss: 3.474848985671997
Train Epoch: 84 steps: 170 / 4152 loss: 3.3774975538253784
Train Epoch: 84 steps: 180 / 4152 loss: 3.3800533294677733
Train Epoch: 84 steps: 190 / 4152 loss: 3.374848175048828
Train Epoch: 84 steps: 200 / 4152 loss: 3.5372693061828615
Train Epoch: 84 steps: 210 / 4152 loss: 3.525184679031372
Train Epoch: 84 steps: 220 / 4152 loss: 3.3579724073410033
Train Epoch: 84 steps: 230 / 4152 loss: 3.452629566192627
Train Epoch: 84 steps: 240 / 4152 loss: 3.362025427818298
Train Epoch: 84 steps: 250 / 4152 loss: 3.492433261871338
Train Epoch: 84 steps: 260 / 4152 loss: 3.467488193511963
Train Epoch: 84 steps: 270 / 4152 loss: 3.45269775390625
Train Epoch: 84 steps: 280 / 4152 loss: 3.459721875190735
Train Epoch: 84 steps: 290 / 4152 loss: 3.450961184501648
Train Epoch: 84 steps: 300 / 4152 loss: 3.4689621210098265
Train Epoch: 84 steps: 310 / 4152 loss: 3.4055108547210695
Train Epoch: 84 steps: 320 / 4152 loss: 3.4544221639633177
Train Epoch: 84 steps: 330 / 4152 loss: 3.464233374595642
Train Epoch: 84 steps: 340 / 4152 loss: 3.4694113731384277
Train Epoch: 84 steps: 350 / 4152 loss: 3.3657901525497436
Train Epoch: 84 steps: 360 / 4152 loss: 3.477967119216919
Train Epoch: 84 steps: 370 / 4152 loss: 3.4787213087081907
Train Epoch: 84 steps: 380 / 4152 loss: 3.469752478599548
Train Epoch: 84 steps: 390 / 4152 loss: 3.4593636274337767
Train Epoch: 84 steps: 400 / 4152 loss: 3.4013635158538817
Train Epoch: 84 steps: 410 / 4152 loss: 3.330960273742676
Train Epoch: 84 steps: 420 / 4152 loss: 3.4358829975128176
Train Epoch: 84 steps: 430 / 4152 loss: 3.4254909992218017
Train Epoch: 84 steps: 440 / 4152 loss: 3.4732482194900514
Train Epoch: 84 steps: 450 / 4152 loss: 3.4533997774124146
Train Epoch: 84 steps: 460 / 4152 loss: 3.378717064857483
Train Epoch: 84 steps: 470 / 4152 loss: 3.36998610496521
Train Epoch: 84 steps: 480 / 4152 loss: 3.3915915727615356
Train Epoch: 84 steps: 490 / 4152 loss: 3.4210318088531495
Train Epoch: 84 steps: 500 / 4152 loss: 3.465907907485962
Train Epoch: 84 steps: 510 / 4152 loss: 3.279621434211731
Train Epoch: 84 steps: 520 / 4152 loss: 3.3974828720092773
Train Epoch: 84 steps: 530 / 4152 loss: 3.4420263528823853
Train Epoch: 84 steps: 540 / 4152 loss: 3.3612621068954467
Train Epoch: 84 steps: 550 / 4152 loss: 3.430355358123779
Train Epoch: 84 steps: 560 / 4152 loss: 3.4643698930740356
Train Epoch: 84 steps: 570 / 4152 loss: 3.4889409065246584
Train Epoch: 84 steps: 580 / 4152 loss: 3.4311439275741575
Train Epoch: 84 steps: 590 / 4152 loss: 3.4531896114349365
Train Epoch: 84 steps: 600 / 4152 loss: 3.5073195457458497
Train Epoch: 84 steps: 610 / 4152 loss: 3.401708889007568
Train Epoch: 84 steps: 620 / 4152 loss: 3.4570349216461183
Train Epoch: 84 steps: 630 / 4152 loss: 3.4555991172790526
Train Epoch: 84 steps: 640 / 4152 loss: 3.4496044158935546
Train Epoch: 84 steps: 650 / 4152 loss: 3.5453627347946166
Train Epoch: 84 steps: 660 / 4152 loss: 3.09912269115448
Train Epoch: 84 steps: 670 / 4152 loss: 3.3957419633865356
Train Epoch: 84 steps: 680 / 4152 loss: 3.4428073883056642
Train Epoch: 84 steps: 690 / 4152 loss: 3.4120379447937013
Train Epoch: 84 steps: 700 / 4152 loss: 3.456764268875122
Train Epoch: 84 steps: 710 / 4152 loss: 3.4967820405960084
Train Epoch: 84 steps: 720 / 4152 loss: 3.475006413459778
Train Epoch: 84 steps: 730 / 4152 loss: 3.3855571508407594
Train Epoch: 84 steps: 740 / 4152 loss: 3.469488430023193
Train Epoch: 84 steps: 750 / 4152 loss: 3.3641608476638796
Train Epoch: 84 steps: 760 / 4152 loss: 3.436254096031189
Train Epoch: 84 steps: 770 / 4152 loss: 3.4093246459960938
Train Epoch: 84 steps: 780 / 4152 loss: 3.5051639080047607
Train Epoch: 84 steps: 790 / 4152 loss: 3.4456033945083617
Train Epoch: 84 steps: 800 / 4152 loss: 3.4450488090515137
Train Epoch: 84 steps: 810 / 4152 loss: 3.3822132349014282
Train Epoch: 84 steps: 820 / 4152 loss: 3.3461769819259644
Train Epoch: 84 steps: 830 / 4152 loss: 3.476548957824707
Train Epoch: 84 steps: 840 / 4152 loss: 3.443233823776245
Train Epoch: 84 steps: 850 / 4152 loss: 3.5081608057022096
Train Epoch: 84 steps: 860 / 4152 loss: 3.4421293258666994
Train Epoch: 84 steps: 870 / 4152 loss: 3.381721830368042
Train Epoch: 84 steps: 880 / 4152 loss: 3.507961797714233
Train Epoch: 84 steps: 890 / 4152 loss: 3.4425188302993774
Train Epoch: 84 steps: 900 / 4152 loss: 3.461262035369873
Train Epoch: 84 steps: 910 / 4152 loss: 3.5140684843063354
Train Epoch: 84 steps: 920 / 4152 loss: 3.4502416133880613
Train Epoch: 84 steps: 930 / 4152 loss: 3.46506872177124
Train Epoch: 84 steps: 940 / 4152 loss: 3.418502187728882
Train Epoch: 84 steps: 950 / 4152 loss: 3.446092057228088
Train Epoch: 84 steps: 960 / 4152 loss: 3.3910563230514525
Train Epoch: 84 steps: 970 / 4152 loss: 3.5090489864349363
Train Epoch: 84 steps: 980 / 4152 loss: 3.412287139892578
Train Epoch: 84 steps: 990 / 4152 loss: 3.4193353414535523
Train Epoch: 84 steps: 1000 / 4152 loss: 3.4579782247543336
Train Epoch: 84 steps: 1010 / 4152 loss: 3.4371957063674925
Train Epoch: 84 steps: 1020 / 4152 loss: 3.451091504096985
Train Epoch: 84 steps: 1030 / 4152 loss: 3.5264312505722044
Train Epoch: 84 steps: 1040 / 4152 loss: 3.482140374183655
----------------------------------------Epoch: 85----------------------------------------
----------------------------------------Epoch: 85----------------------------------------
----------------------------------------Epoch: 85----------------------------------------
----------------------------------------Epoch: 85----------------------------------------
Train Epoch: 85 steps: 0 / 4152 loss: 0.32492766380310056
Train Epoch: 85 steps: 10 / 4152 loss: 3.322932577133179
Train Epoch: 85 steps: 20 / 4152 loss: 3.477463388442993
Train Epoch: 85 steps: 30 / 4152 loss: 3.4495853900909426
Train Epoch: 85 steps: 40 / 4152 loss: 3.4201512813568113
Train Epoch: 85 steps: 50 / 4152 loss: 3.450417160987854
Train Epoch: 85 steps: 60 / 4152 loss: 3.3974809885025024
Train Epoch: 85 steps: 70 / 4152 loss: 3.4340114116668703
Train Epoch: 85 steps: 80 / 4152 loss: 3.517649221420288
Train Epoch: 85 steps: 90 / 4152 loss: 3.4705604791641234
Train Epoch: 85 steps: 100 / 4152 loss: 3.3663851022720337
Train Epoch: 85 steps: 110 / 4152 loss: 3.4452899932861327
Train Epoch: 85 steps: 120 / 4152 loss: 3.453036403656006
Train Epoch: 85 steps: 130 / 4152 loss: 3.4783419370651245
Train Epoch: 85 steps: 140 / 4152 loss: 3.405400013923645
Train Epoch: 85 steps: 150 / 4152 loss: 3.3648228645324707
Train Epoch: 85 steps: 160 / 4152 loss: 3.502421426773071
Train Epoch: 85 steps: 170 / 4152 loss: 3.4148613929748537
Train Epoch: 85 steps: 180 / 4152 loss: 3.5032140731811525
Train Epoch: 85 steps: 190 / 4152 loss: 3.4110799551010134
Train Epoch: 85 steps: 200 / 4152 loss: 3.4372979164123536
Train Epoch: 85 steps: 210 / 4152 loss: 3.469306230545044
Train Epoch: 85 steps: 220 / 4152 loss: 3.5146871328353884
Train Epoch: 85 steps: 230 / 4152 loss: 3.357617974281311
Train Epoch: 85 steps: 240 / 4152 loss: 3.3243154764175413
Train Epoch: 85 steps: 250 / 4152 loss: 3.337119221687317
Train Epoch: 85 steps: 260 / 4152 loss: 3.476042652130127
Train Epoch: 85 steps: 270 / 4152 loss: 3.435996174812317
Train Epoch: 85 steps: 280 / 4152 loss: 3.424898314476013
Train Epoch: 85 steps: 290 / 4152 loss: 3.444347786903381
Train Epoch: 85 steps: 300 / 4152 loss: 3.4111141204833983
Train Epoch: 85 steps: 310 / 4152 loss: 3.395418572425842
Train Epoch: 85 steps: 320 / 4152 loss: 3.5391433238983154
Train Epoch: 85 steps: 330 / 4152 loss: 3.4948978185653687
Train Epoch: 85 steps: 340 / 4152 loss: 3.456401228904724
Train Epoch: 85 steps: 350 / 4152 loss: 3.486833596229553
Train Epoch: 85 steps: 360 / 4152 loss: 3.4238024234771727
Train Epoch: 85 steps: 370 / 4152 loss: 3.420245146751404
Train Epoch: 85 steps: 380 / 4152 loss: 3.340865063667297
Train Epoch: 85 steps: 390 / 4152 loss: 3.458832335472107
Train Epoch: 85 steps: 400 / 4152 loss: 3.3907821416854858
Train Epoch: 85 steps: 410 / 4152 loss: 3.4515100002288817
Train Epoch: 85 steps: 420 / 4152 loss: 3.490460729598999
Train Epoch: 85 steps: 430 / 4152 loss: 3.4761698484420775
Train Epoch: 85 steps: 440 / 4152 loss: 3.4276858806610107
Train Epoch: 85 steps: 450 / 4152 loss: 3.4270742416381834
Train Epoch: 85 steps: 460 / 4152 loss: 3.4101260185241697
Train Epoch: 85 steps: 470 / 4152 loss: 3.3888481855392456
Train Epoch: 85 steps: 480 / 4152 loss: 3.467348885536194
Train Epoch: 85 steps: 490 / 4152 loss: 3.4922868490219114
Train Epoch: 85 steps: 500 / 4152 loss: 3.53284068107605
Train Epoch: 85 steps: 510 / 4152 loss: 3.4266213178634644
Train Epoch: 85 steps: 520 / 4152 loss: 3.5166831254959106
Train Epoch: 85 steps: 530 / 4152 loss: 3.2999267578125
Train Epoch: 85 steps: 540 / 4152 loss: 3.4130043029785155
Train Epoch: 85 steps: 550 / 4152 loss: 3.324649143218994
Train Epoch: 85 steps: 560 / 4152 loss: 3.4273580074310304
Train Epoch: 85 steps: 570 / 4152 loss: 3.4354976415634155
Train Epoch: 85 steps: 580 / 4152 loss: 3.4624117612838745
Train Epoch: 85 steps: 590 / 4152 loss: 3.4539363861083983
Train Epoch: 85 steps: 600 / 4152 loss: 3.4693523406982423
Train Epoch: 85 steps: 610 / 4152 loss: 3.4522205352783204
Train Epoch: 85 steps: 620 / 4152 loss: 3.415081572532654
Train Epoch: 85 steps: 630 / 4152 loss: 3.304399299621582
Train Epoch: 85 steps: 640 / 4152 loss: 3.4748921155929566
Train Epoch: 85 steps: 650 / 4152 loss: 3.3893656015396116
Train Epoch: 85 steps: 660 / 4152 loss: 3.4413885831832887
Train Epoch: 85 steps: 670 / 4152 loss: 3.3661683320999147
Train Epoch: 85 steps: 680 / 4152 loss: 3.470707869529724
Train Epoch: 85 steps: 690 / 4152 loss: 3.375541877746582
Train Epoch: 85 steps: 700 / 4152 loss: 3.382849597930908
Train Epoch: 85 steps: 710 / 4152 loss: 3.436630964279175
Train Epoch: 85 steps: 720 / 4152 loss: 3.406384062767029
Train Epoch: 85 steps: 730 / 4152 loss: 3.4624788045883177
Train Epoch: 85 steps: 740 / 4152 loss: 3.3523300647735597
Train Epoch: 85 steps: 750 / 4152 loss: 3.41183717250824
Train Epoch: 85 steps: 760 / 4152 loss: 3.4909820556640625
Train Epoch: 85 steps: 770 / 4152 loss: 3.4596949100494383
Train Epoch: 85 steps: 780 / 4152 loss: 3.386268162727356
Train Epoch: 85 steps: 790 / 4152 loss: 3.482610750198364
Train Epoch: 85 steps: 800 / 4152 loss: 3.5024682760238646
Train Epoch: 85 steps: 810 / 4152 loss: 3.411644697189331
Train Epoch: 85 steps: 820 / 4152 loss: 3.4500218868255614
Train Epoch: 85 steps: 830 / 4152 loss: 3.4121371030807497
Train Epoch: 85 steps: 840 / 4152 loss: 3.4648053884506225
Train Epoch: 85 steps: 850 / 4152 loss: 3.3962118864059447
Train Epoch: 85 steps: 860 / 4152 loss: 3.4595577478408814
Train Epoch: 85 steps: 870 / 4152 loss: 3.392448663711548
Train Epoch: 85 steps: 880 / 4152 loss: 3.4405253887176515
Train Epoch: 85 steps: 890 / 4152 loss: 3.4405537128448485
Train Epoch: 85 steps: 900 / 4152 loss: 3.501293110847473
Train Epoch: 85 steps: 910 / 4152 loss: 3.476854681968689
Train Epoch: 85 steps: 920 / 4152 loss: 3.479706120491028
Train Epoch: 85 steps: 930 / 4152 loss: 3.303417277336121
Train Epoch: 85 steps: 940 / 4152 loss: 3.3667104959487917
Train Epoch: 85 steps: 950 / 4152 loss: 3.4566229343414308
Train Epoch: 85 steps: 960 / 4152 loss: 3.4696009397506713
Train Epoch: 85 steps: 970 / 4152 loss: 3.4363152980804443
Train Epoch: 85 steps: 980 / 4152 loss: 3.528290057182312
Train Epoch: 85 steps: 990 / 4152 loss: 3.4910740852355957
Train Epoch: 85 steps: 1000 / 4152 loss: 3.505538535118103
Train Epoch: 85 steps: 1010 / 4152 loss: 3.4590371370315554
Train Epoch: 85 steps: 1020 / 4152 loss: 3.411415195465088
Train Epoch: 85 steps: 1030 / 4152 loss: 3.440922713279724
Train Epoch: 85 steps: 1040 / 4152 loss: 3.4710309982299803
----------------------------------------Epoch: 86----------------------------------------
----------------------------------------Epoch: 86----------------------------------------
----------------------------------------Epoch: 86----------------------------------------
----------------------------------------Epoch: 86----------------------------------------
Train Epoch: 86 steps: 0 / 4152 loss: 0.3626612901687622
Train Epoch: 86 steps: 10 / 4152 loss: 3.5045953035354613
Train Epoch: 86 steps: 20 / 4152 loss: 3.436975836753845
Train Epoch: 86 steps: 30 / 4152 loss: 3.4889715909957886
Train Epoch: 86 steps: 40 / 4152 loss: 3.4392079591751097
Train Epoch: 86 steps: 50 / 4152 loss: 3.3427746057510377
Train Epoch: 86 steps: 60 / 4152 loss: 3.3961710214614866
Train Epoch: 86 steps: 70 / 4152 loss: 3.338293361663818
Train Epoch: 86 steps: 80 / 4152 loss: 3.4668526649475098
Train Epoch: 86 steps: 90 / 4152 loss: 3.4886041641235352
Train Epoch: 86 steps: 100 / 4152 loss: 3.3704502105712892
Train Epoch: 86 steps: 110 / 4152 loss: 3.4031993627548216
Train Epoch: 86 steps: 120 / 4152 loss: 3.3630455255508425
Train Epoch: 86 steps: 130 / 4152 loss: 3.390682411193848
Train Epoch: 86 steps: 140 / 4152 loss: 3.466481328010559
Train Epoch: 86 steps: 150 / 4152 loss: 3.5143600940704345
Train Epoch: 86 steps: 160 / 4152 loss: 3.4870150566101072
Train Epoch: 86 steps: 170 / 4152 loss: 3.431305480003357
Train Epoch: 86 steps: 180 / 4152 loss: 3.4929340362548826
Train Epoch: 86 steps: 190 / 4152 loss: 3.45388023853302
Train Epoch: 86 steps: 200 / 4152 loss: 3.354254150390625
Train Epoch: 86 steps: 210 / 4152 loss: 3.565306234359741
Train Epoch: 86 steps: 220 / 4152 loss: 3.439942955970764
Train Epoch: 86 steps: 230 / 4152 loss: 3.454285144805908
Train Epoch: 86 steps: 240 / 4152 loss: 3.3768418073654174
Train Epoch: 86 steps: 250 / 4152 loss: 3.3324254512786866
Train Epoch: 86 steps: 260 / 4152 loss: 3.3749569416046143
Train Epoch: 86 steps: 270 / 4152 loss: 3.4022454023361206
Train Epoch: 86 steps: 280 / 4152 loss: 3.4465607404708862
Train Epoch: 86 steps: 290 / 4152 loss: 3.49178569316864
Train Epoch: 86 steps: 300 / 4152 loss: 3.418639874458313
Train Epoch: 86 steps: 310 / 4152 loss: 3.4141188144683836
Train Epoch: 86 steps: 320 / 4152 loss: 3.396298909187317
Train Epoch: 86 steps: 330 / 4152 loss: 3.4177892923355104
Train Epoch: 86 steps: 340 / 4152 loss: 3.261617565155029
Train Epoch: 86 steps: 350 / 4152 loss: 3.45563006401062
Train Epoch: 86 steps: 360 / 4152 loss: 3.3583317756652833
Train Epoch: 86 steps: 370 / 4152 loss: 3.4533056020736694
Train Epoch: 86 steps: 380 / 4152 loss: 3.4752089023590087
Train Epoch: 86 steps: 390 / 4152 loss: 3.3699790716171263
Train Epoch: 86 steps: 400 / 4152 loss: 3.4294900417327883
Train Epoch: 86 steps: 410 / 4152 loss: 3.323795294761658
Train Epoch: 86 steps: 420 / 4152 loss: 3.4418866872787475
Train Epoch: 86 steps: 430 / 4152 loss: 3.462510013580322
Train Epoch: 86 steps: 440 / 4152 loss: 3.457482862472534
Train Epoch: 86 steps: 450 / 4152 loss: 3.4144533395767214
Train Epoch: 86 steps: 460 / 4152 loss: 3.3591196537017822
Train Epoch: 86 steps: 470 / 4152 loss: 3.3760687351226806
Train Epoch: 86 steps: 480 / 4152 loss: 3.413080668449402
Train Epoch: 86 steps: 490 / 4152 loss: 3.4502793312072755
Train Epoch: 86 steps: 500 / 4152 loss: 3.463158202171326
Train Epoch: 86 steps: 510 / 4152 loss: 3.484933853149414
Train Epoch: 86 steps: 520 / 4152 loss: 3.4159649133682253
Train Epoch: 86 steps: 530 / 4152 loss: 3.4668688058853148
Train Epoch: 86 steps: 540 / 4152 loss: 3.490474891662598
Train Epoch: 86 steps: 550 / 4152 loss: 3.354999470710754
Train Epoch: 86 steps: 560 / 4152 loss: 3.4796626329422
Train Epoch: 86 steps: 570 / 4152 loss: 3.5505101680755615
Train Epoch: 86 steps: 580 / 4152 loss: 3.4616724252700806
Train Epoch: 86 steps: 590 / 4152 loss: 3.5262072801589968
Train Epoch: 86 steps: 600 / 4152 loss: 3.435888481140137
Train Epoch: 86 steps: 610 / 4152 loss: 3.4272605657577513
Train Epoch: 86 steps: 620 / 4152 loss: 3.442343258857727
Train Epoch: 86 steps: 630 / 4152 loss: 3.472370457649231
Train Epoch: 86 steps: 640 / 4152 loss: 3.457342529296875
Train Epoch: 86 steps: 650 / 4152 loss: 3.3787883520126343
Train Epoch: 86 steps: 660 / 4152 loss: 3.413987374305725
Train Epoch: 86 steps: 670 / 4152 loss: 3.439245891571045
Train Epoch: 86 steps: 680 / 4152 loss: 3.4814202308654787
Train Epoch: 86 steps: 690 / 4152 loss: 3.3683831214904787
Train Epoch: 86 steps: 700 / 4152 loss: 3.4368332624435425
Train Epoch: 86 steps: 710 / 4152 loss: 3.459495449066162
Train Epoch: 86 steps: 720 / 4152 loss: 3.3313207387924195
Train Epoch: 86 steps: 730 / 4152 loss: 3.392247438430786
Train Epoch: 86 steps: 740 / 4152 loss: 3.4014370918273924
Train Epoch: 86 steps: 750 / 4152 loss: 3.455744171142578
Train Epoch: 86 steps: 760 / 4152 loss: 3.4460990190505982
Train Epoch: 86 steps: 770 / 4152 loss: 3.412856698036194
Train Epoch: 86 steps: 780 / 4152 loss: 3.471498203277588
Train Epoch: 86 steps: 790 / 4152 loss: 3.4850226402282716
Train Epoch: 86 steps: 800 / 4152 loss: 3.45983145236969
Train Epoch: 86 steps: 810 / 4152 loss: 3.4386093854904174
Train Epoch: 86 steps: 820 / 4152 loss: 3.370125722885132
Train Epoch: 86 steps: 830 / 4152 loss: 3.474303388595581
Train Epoch: 86 steps: 840 / 4152 loss: 3.380673313140869
Train Epoch: 86 steps: 850 / 4152 loss: 3.4546180725097657
Train Epoch: 86 steps: 860 / 4152 loss: 3.518379044532776
Train Epoch: 86 steps: 870 / 4152 loss: 3.4286648273468017
Train Epoch: 86 steps: 880 / 4152 loss: 3.4581788539886475
Train Epoch: 86 steps: 890 / 4152 loss: 3.3916822910308837
Train Epoch: 86 steps: 900 / 4152 loss: 3.43297336101532
Train Epoch: 86 steps: 910 / 4152 loss: 3.485416865348816
Train Epoch: 86 steps: 920 / 4152 loss: 3.483480358123779
Train Epoch: 86 steps: 930 / 4152 loss: 3.5164597749710085
Train Epoch: 86 steps: 940 / 4152 loss: 3.3909542322158814
Train Epoch: 86 steps: 950 / 4152 loss: 3.5089205741882323
Train Epoch: 86 steps: 960 / 4152 loss: 3.4219730138778686
Train Epoch: 86 steps: 970 / 4152 loss: 3.4286516189575194
Train Epoch: 86 steps: 980 / 4152 loss: 3.3603256225585936
Train Epoch: 86 steps: 990 / 4152 loss: 3.4417997121810915
Train Epoch: 86 steps: 1000 / 4152 loss: 3.3286229372024536
Train Epoch: 86 steps: 1010 / 4152 loss: 3.407858419418335
Train Epoch: 86 steps: 1020 / 4152 loss: 3.3700380086898805
Train Epoch: 86 steps: 1030 / 4152 loss: 3.4128653526306154
Train Epoch: 86 steps: 1040 / 4152 loss: 3.374508857727051
----------------------------------------Epoch: 87----------------------------------------
----------------------------------------Epoch: 87----------------------------------------
----------------------------------------Epoch: 87----------------------------------------
----------------------------------------Epoch: 87----------------------------------------
Train Epoch: 87 steps: 0 / 4152 loss: 0.33676753044128416
Train Epoch: 87 steps: 10 / 4152 loss: 3.4044684410095214
Train Epoch: 87 steps: 20 / 4152 loss: 3.4462255954742433
Train Epoch: 87 steps: 30 / 4152 loss: 3.389247679710388
Train Epoch: 87 steps: 40 / 4152 loss: 3.4519224882125856
Train Epoch: 87 steps: 50 / 4152 loss: 3.470713806152344
Train Epoch: 87 steps: 60 / 4152 loss: 3.418429470062256
Train Epoch: 87 steps: 70 / 4152 loss: 3.434385633468628
Train Epoch: 87 steps: 80 / 4152 loss: 3.405323600769043
Train Epoch: 87 steps: 90 / 4152 loss: 3.482670783996582
Train Epoch: 87 steps: 100 / 4152 loss: 3.3924188375473023
Train Epoch: 87 steps: 110 / 4152 loss: 3.49612352848053
Train Epoch: 87 steps: 120 / 4152 loss: 3.290276598930359
Train Epoch: 87 steps: 130 / 4152 loss: 3.4132876634597777
Train Epoch: 87 steps: 140 / 4152 loss: 3.422289729118347
Train Epoch: 87 steps: 150 / 4152 loss: 3.5252989292144776
Train Epoch: 87 steps: 160 / 4152 loss: 3.434446120262146
Train Epoch: 87 steps: 170 / 4152 loss: 3.441960668563843
Train Epoch: 87 steps: 180 / 4152 loss: 3.3727323055267333
Train Epoch: 87 steps: 190 / 4152 loss: 3.381710433959961
Train Epoch: 87 steps: 200 / 4152 loss: 3.503056764602661
Train Epoch: 87 steps: 210 / 4152 loss: 3.4110272884368897
Train Epoch: 87 steps: 220 / 4152 loss: 3.432985711097717
Train Epoch: 87 steps: 230 / 4152 loss: 3.4889038801193237
Train Epoch: 87 steps: 240 / 4152 loss: 3.4086572170257567
Train Epoch: 87 steps: 250 / 4152 loss: 3.4241676330566406
Train Epoch: 87 steps: 260 / 4152 loss: 3.4013345718383787
Train Epoch: 87 steps: 270 / 4152 loss: 3.5294813394546507
Train Epoch: 87 steps: 280 / 4152 loss: 3.457171988487244
Train Epoch: 87 steps: 290 / 4152 loss: 3.4730055570602416
Train Epoch: 87 steps: 300 / 4152 loss: 3.4800898313522337
Train Epoch: 87 steps: 310 / 4152 loss: 3.357193207740784
Train Epoch: 87 steps: 320 / 4152 loss: 3.407320809364319
Train Epoch: 87 steps: 330 / 4152 loss: 3.458177328109741
Train Epoch: 87 steps: 340 / 4152 loss: 3.4241159915924073
Train Epoch: 87 steps: 350 / 4152 loss: 3.384735941886902
Train Epoch: 87 steps: 360 / 4152 loss: 3.411504530906677
Train Epoch: 87 steps: 370 / 4152 loss: 3.4053625106811523
Train Epoch: 87 steps: 380 / 4152 loss: 3.4194396495819093
Train Epoch: 87 steps: 390 / 4152 loss: 3.4324188470840453
Train Epoch: 87 steps: 400 / 4152 loss: 3.448518252372742
Train Epoch: 87 steps: 410 / 4152 loss: 3.486638593673706
Train Epoch: 87 steps: 420 / 4152 loss: 3.4527022361755373
Train Epoch: 87 steps: 430 / 4152 loss: 3.461190342903137
Train Epoch: 87 steps: 440 / 4152 loss: 3.4336665630340577
Train Epoch: 87 steps: 450 / 4152 loss: 3.4783679246902466
Train Epoch: 87 steps: 460 / 4152 loss: 3.4123468160629273
Train Epoch: 87 steps: 470 / 4152 loss: 3.402282214164734
Train Epoch: 87 steps: 480 / 4152 loss: 3.3780714750289915
Train Epoch: 87 steps: 490 / 4152 loss: 3.415944981575012
Train Epoch: 87 steps: 500 / 4152 loss: 3.5173723697662354
Train Epoch: 87 steps: 510 / 4152 loss: 3.395162272453308
Train Epoch: 87 steps: 520 / 4152 loss: 3.366724896430969
Train Epoch: 87 steps: 530 / 4152 loss: 3.3646114110946654
Train Epoch: 87 steps: 540 / 4152 loss: 3.514295506477356
Train Epoch: 87 steps: 550 / 4152 loss: 3.331840443611145
Train Epoch: 87 steps: 560 / 4152 loss: 3.518185257911682
Train Epoch: 87 steps: 570 / 4152 loss: 3.4871461153030396
Train Epoch: 87 steps: 580 / 4152 loss: 3.3418695449829103
Train Epoch: 87 steps: 590 / 4152 loss: 3.4835127115249636
Train Epoch: 87 steps: 600 / 4152 loss: 3.4268088579177856
Train Epoch: 87 steps: 610 / 4152 loss: 3.3708385229110718
Train Epoch: 87 steps: 620 / 4152 loss: 3.319619154930115
Train Epoch: 87 steps: 630 / 4152 loss: 3.4861180782318115
Train Epoch: 87 steps: 640 / 4152 loss: 3.4310011148452757
Train Epoch: 87 steps: 650 / 4152 loss: 3.3525508642196655
Train Epoch: 87 steps: 660 / 4152 loss: 3.452037048339844
Train Epoch: 87 steps: 670 / 4152 loss: 3.4721134662628175
Train Epoch: 87 steps: 690 / 4152 loss: 6.588615036010742
Train Epoch: 87 steps: 700 / 4152 loss: 3.372944450378418
Train Epoch: 87 steps: 710 / 4152 loss: 3.4647823095321657
Train Epoch: 87 steps: 720 / 4152 loss: 3.45947425365448
Train Epoch: 87 steps: 730 / 4152 loss: 3.4911319971084596
Train Epoch: 87 steps: 740 / 4152 loss: 3.500341367721558
Train Epoch: 87 steps: 750 / 4152 loss: 3.4649582624435427
Train Epoch: 87 steps: 760 / 4152 loss: 3.422411060333252
Train Epoch: 87 steps: 770 / 4152 loss: 3.3764708995819093
Train Epoch: 87 steps: 780 / 4152 loss: 3.4547908782958983
Train Epoch: 87 steps: 790 / 4152 loss: 3.4525623083114625
Train Epoch: 87 steps: 800 / 4152 loss: 3.46145122051239
Train Epoch: 87 steps: 810 / 4152 loss: 3.4326454162597657
Train Epoch: 87 steps: 820 / 4152 loss: 3.3800366878509522
Train Epoch: 87 steps: 830 / 4152 loss: 3.3589751958847045
Train Epoch: 87 steps: 840 / 4152 loss: 3.4112919569015503
Train Epoch: 87 steps: 850 / 4152 loss: 3.421499562263489
Train Epoch: 87 steps: 860 / 4152 loss: 3.473660135269165
Train Epoch: 87 steps: 870 / 4152 loss: 3.440675973892212
Train Epoch: 87 steps: 880 / 4152 loss: 3.44739773273468
Train Epoch: 87 steps: 890 / 4152 loss: 3.452142286300659
Train Epoch: 87 steps: 900 / 4152 loss: 3.4176114797592163
Train Epoch: 87 steps: 910 / 4152 loss: 3.3730242252349854
Train Epoch: 87 steps: 920 / 4152 loss: 3.4575732469558718
Train Epoch: 87 steps: 930 / 4152 loss: 3.4599032402038574
Train Epoch: 87 steps: 940 / 4152 loss: 3.461221694946289
Train Epoch: 87 steps: 950 / 4152 loss: 3.4024322748184206
Train Epoch: 87 steps: 960 / 4152 loss: 3.324441981315613
Train Epoch: 87 steps: 970 / 4152 loss: 3.44714994430542
Train Epoch: 87 steps: 980 / 4152 loss: 3.472607064247131
Train Epoch: 87 steps: 990 / 4152 loss: 3.3983203649520872
Train Epoch: 87 steps: 1000 / 4152 loss: 3.482775664329529
Train Epoch: 87 steps: 1010 / 4152 loss: 3.4141753911972046
Train Epoch: 87 steps: 1020 / 4152 loss: 3.419451427459717
Train Epoch: 87 steps: 1030 / 4152 loss: 3.3619152545928954
Train Epoch: 87 steps: 1040 / 4152 loss: 3.478583884239197
----------------------------------------Epoch: 88----------------------------------------
----------------------------------------Epoch: 88----------------------------------------
----------------------------------------Epoch: 88----------------------------------------
----------------------------------------Epoch: 88----------------------------------------
Train Epoch: 88 steps: 0 / 4152 loss: 0.3675278902053833
Train Epoch: 88 steps: 10 / 4152 loss: 3.3896830081939697
Train Epoch: 88 steps: 20 / 4152 loss: 3.4522690773010254
Train Epoch: 88 steps: 30 / 4152 loss: 3.3464640378952026
Train Epoch: 88 steps: 40 / 4152 loss: 3.3308785200119018
Train Epoch: 88 steps: 50 / 4152 loss: 3.4686145544052125
Train Epoch: 88 steps: 60 / 4152 loss: 3.4534656524658205
Train Epoch: 88 steps: 70 / 4152 loss: 3.455031418800354
Train Epoch: 88 steps: 80 / 4152 loss: 3.4333243370056152
Train Epoch: 88 steps: 90 / 4152 loss: 3.3473718643188475
Train Epoch: 88 steps: 100 / 4152 loss: 3.4200870037078857
Train Epoch: 88 steps: 110 / 4152 loss: 3.399431657791138
Train Epoch: 88 steps: 120 / 4152 loss: 3.462414526939392
Train Epoch: 88 steps: 130 / 4152 loss: 3.4880765438079835
Train Epoch: 88 steps: 140 / 4152 loss: 3.4773100137710573
Train Epoch: 88 steps: 150 / 4152 loss: 3.3988223552703856
Train Epoch: 88 steps: 160 / 4152 loss: 3.3471889019012453
Train Epoch: 88 steps: 170 / 4152 loss: 3.4335959434509276
Train Epoch: 88 steps: 180 / 4152 loss: 3.4405966997146606
Train Epoch: 88 steps: 190 / 4152 loss: 3.528661847114563
Train Epoch: 88 steps: 200 / 4152 loss: 3.402895951271057
Train Epoch: 88 steps: 210 / 4152 loss: 3.4808805704116823
Train Epoch: 88 steps: 220 / 4152 loss: 3.353740119934082
Train Epoch: 88 steps: 230 / 4152 loss: 3.4844823122024535
Train Epoch: 88 steps: 240 / 4152 loss: 3.4248212814331054
Train Epoch: 88 steps: 250 / 4152 loss: 3.4157252073287965
Train Epoch: 88 steps: 260 / 4152 loss: 3.3630247354507445
Train Epoch: 88 steps: 270 / 4152 loss: 3.4352359533309937
Train Epoch: 88 steps: 280 / 4152 loss: 3.4059201002120973
Train Epoch: 88 steps: 290 / 4152 loss: 3.5400649309158325
Train Epoch: 88 steps: 300 / 4152 loss: 3.514213728904724
Train Epoch: 88 steps: 310 / 4152 loss: 3.4802776098251345
Train Epoch: 88 steps: 320 / 4152 loss: 3.4736061573028563
Train Epoch: 88 steps: 330 / 4152 loss: 3.4568793058395384
Train Epoch: 88 steps: 340 / 4152 loss: 3.423484754562378
Train Epoch: 88 steps: 350 / 4152 loss: 3.341571307182312
Train Epoch: 88 steps: 360 / 4152 loss: 3.4230136394500734
Train Epoch: 88 steps: 370 / 4152 loss: 3.4496496677398683
Train Epoch: 88 steps: 380 / 4152 loss: 3.4146112203598022
Train Epoch: 88 steps: 390 / 4152 loss: 3.4890691518783568
Train Epoch: 88 steps: 400 / 4152 loss: 3.357567024230957
Train Epoch: 88 steps: 410 / 4152 loss: 3.4273170232772827
Train Epoch: 88 steps: 420 / 4152 loss: 3.4614569187164306
Train Epoch: 88 steps: 430 / 4152 loss: 3.3630500078201293
Train Epoch: 88 steps: 440 / 4152 loss: 3.388499069213867
Train Epoch: 88 steps: 450 / 4152 loss: 3.471195363998413
Train Epoch: 88 steps: 460 / 4152 loss: 3.5289507150650024
Train Epoch: 88 steps: 470 / 4152 loss: 3.4236335277557375
Train Epoch: 88 steps: 480 / 4152 loss: 3.4498405933380125
Train Epoch: 88 steps: 490 / 4152 loss: 3.4387014389038084
Train Epoch: 88 steps: 500 / 4152 loss: 3.4281094074249268
Train Epoch: 88 steps: 510 / 4152 loss: 3.4012996673583986
Train Epoch: 88 steps: 520 / 4152 loss: 3.409448981285095
Train Epoch: 88 steps: 530 / 4152 loss: 3.402318263053894
Train Epoch: 88 steps: 540 / 4152 loss: 3.4383949995040894
Train Epoch: 88 steps: 550 / 4152 loss: 3.4344507694244384
Train Epoch: 88 steps: 560 / 4152 loss: 3.4149497509002686
Train Epoch: 88 steps: 570 / 4152 loss: 3.40484881401062
Train Epoch: 88 steps: 580 / 4152 loss: 3.3886703729629515
Train Epoch: 88 steps: 590 / 4152 loss: 3.4664812326431274
Train Epoch: 88 steps: 600 / 4152 loss: 3.474350333213806
Train Epoch: 88 steps: 610 / 4152 loss: 3.502746915817261
Train Epoch: 88 steps: 620 / 4152 loss: 3.3059761047363283
Train Epoch: 88 steps: 630 / 4152 loss: 3.4089619636535646
Train Epoch: 88 steps: 640 / 4152 loss: 3.3846851110458376
Train Epoch: 88 steps: 650 / 4152 loss: 3.4297492027282717
Train Epoch: 88 steps: 660 / 4152 loss: 3.497832679748535
Train Epoch: 88 steps: 670 / 4152 loss: 3.4805670022964477
Train Epoch: 88 steps: 680 / 4152 loss: 3.4085097551345824
Train Epoch: 88 steps: 690 / 4152 loss: 3.4773845911026
Train Epoch: 88 steps: 700 / 4152 loss: 3.435522365570068
Train Epoch: 88 steps: 710 / 4152 loss: 3.3561066389083862
Train Epoch: 88 steps: 720 / 4152 loss: 3.3904825925827025
Train Epoch: 88 steps: 730 / 4152 loss: 3.395848870277405
Train Epoch: 88 steps: 740 / 4152 loss: 3.4636507987976075
Train Epoch: 88 steps: 750 / 4152 loss: 3.4154777765274047
Train Epoch: 88 steps: 760 / 4152 loss: 3.398224425315857
Train Epoch: 88 steps: 770 / 4152 loss: 3.3765938758850096
Train Epoch: 88 steps: 780 / 4152 loss: 3.4384728193283083
Train Epoch: 88 steps: 790 / 4152 loss: 3.4530722856521607
Train Epoch: 88 steps: 800 / 4152 loss: 3.4980178833007813
Train Epoch: 88 steps: 810 / 4152 loss: 3.4845463752746584
Train Epoch: 88 steps: 820 / 4152 loss: 3.3904801845550536
Train Epoch: 88 steps: 830 / 4152 loss: 3.487876224517822
Train Epoch: 88 steps: 840 / 4152 loss: 3.476821947097778
Train Epoch: 88 steps: 850 / 4152 loss: 3.3843502044677733
Train Epoch: 88 steps: 860 / 4152 loss: 3.411622405052185
Train Epoch: 88 steps: 870 / 4152 loss: 3.421437311172485
Train Epoch: 88 steps: 880 / 4152 loss: 3.3407704830169678
Train Epoch: 88 steps: 890 / 4152 loss: 3.4848472118377685
Train Epoch: 88 steps: 900 / 4152 loss: 3.486381673812866
Train Epoch: 88 steps: 910 / 4152 loss: 3.484275221824646
Train Epoch: 88 steps: 920 / 4152 loss: 3.439883279800415
Train Epoch: 88 steps: 930 / 4152 loss: 3.3892475366592407
Train Epoch: 88 steps: 940 / 4152 loss: 3.3963359594345093
Train Epoch: 88 steps: 950 / 4152 loss: 3.4737651348114014
Train Epoch: 88 steps: 960 / 4152 loss: 3.408078980445862
Train Epoch: 88 steps: 970 / 4152 loss: 3.4546357870101927
Train Epoch: 88 steps: 980 / 4152 loss: 3.4053568601608277
Train Epoch: 88 steps: 990 / 4152 loss: 3.4233299016952516
Train Epoch: 88 steps: 1000 / 4152 loss: 3.4392139673233033
Train Epoch: 88 steps: 1010 / 4152 loss: 3.422400617599487
Train Epoch: 88 steps: 1020 / 4152 loss: 3.4299838304519654
Train Epoch: 88 steps: 1030 / 4152 loss: 3.443707728385925
Train Epoch: 88 steps: 1040 / 4152 loss: 3.4710842609405517
----------------------------------------Epoch: 89----------------------------------------
----------------------------------------Epoch: 89----------------------------------------
----------------------------------------Epoch: 89----------------------------------------
----------------------------------------Epoch: 89----------------------------------------
Train Epoch: 89 steps: 0 / 4152 loss: 0.3678304433822632
Train Epoch: 89 steps: 10 / 4152 loss: 3.51192569732666
Train Epoch: 89 steps: 20 / 4152 loss: 3.441679286956787
Train Epoch: 89 steps: 30 / 4152 loss: 3.434709167480469
Train Epoch: 89 steps: 40 / 4152 loss: 3.4491204023361206
Train Epoch: 89 steps: 50 / 4152 loss: 3.3798099756240845
Train Epoch: 89 steps: 60 / 4152 loss: 3.4241820573806763
Train Epoch: 89 steps: 70 / 4152 loss: 3.564335799217224
Train Epoch: 89 steps: 80 / 4152 loss: 3.460257411003113
Train Epoch: 89 steps: 90 / 4152 loss: 3.37272527217865
Train Epoch: 89 steps: 100 / 4152 loss: 3.491215372085571
Train Epoch: 89 steps: 110 / 4152 loss: 3.453502154350281
Train Epoch: 89 steps: 120 / 4152 loss: 3.420461821556091
Train Epoch: 89 steps: 130 / 4152 loss: 3.373907136917114
Train Epoch: 89 steps: 140 / 4152 loss: 3.4392365217208862
Train Epoch: 89 steps: 150 / 4152 loss: 3.4552834749221804
Train Epoch: 89 steps: 160 / 4152 loss: 3.432058882713318
Train Epoch: 89 steps: 170 / 4152 loss: 3.312495160102844
Train Epoch: 89 steps: 180 / 4152 loss: 3.4240424394607545
Train Epoch: 89 steps: 190 / 4152 loss: 3.404233717918396
Train Epoch: 89 steps: 200 / 4152 loss: 3.426432728767395
Train Epoch: 89 steps: 210 / 4152 loss: 3.4998143196105955
Train Epoch: 89 steps: 220 / 4152 loss: 3.493429946899414
Train Epoch: 89 steps: 230 / 4152 loss: 3.315247058868408
Train Epoch: 89 steps: 240 / 4152 loss: 3.4421778440475466
Train Epoch: 89 steps: 250 / 4152 loss: 3.5474131107330322
Train Epoch: 89 steps: 260 / 4152 loss: 3.3789339780807497
Train Epoch: 89 steps: 270 / 4152 loss: 3.4028327226638795
Train Epoch: 89 steps: 280 / 4152 loss: 3.369267463684082
Train Epoch: 89 steps: 290 / 4152 loss: 3.425213932991028
Train Epoch: 89 steps: 300 / 4152 loss: 3.495677947998047
Train Epoch: 89 steps: 310 / 4152 loss: 3.433280372619629
Train Epoch: 89 steps: 320 / 4152 loss: 3.4424796104431152
Train Epoch: 89 steps: 330 / 4152 loss: 3.3874362230300905
Train Epoch: 89 steps: 340 / 4152 loss: 3.4091753244400023
Train Epoch: 89 steps: 350 / 4152 loss: 3.413032555580139
Train Epoch: 89 steps: 360 / 4152 loss: 3.469640779495239
Train Epoch: 89 steps: 370 / 4152 loss: 3.309821271896362
Train Epoch: 89 steps: 380 / 4152 loss: 3.371981382369995
Train Epoch: 89 steps: 390 / 4152 loss: 3.4107908725738527
Train Epoch: 89 steps: 400 / 4152 loss: 3.493231201171875
Train Epoch: 89 steps: 410 / 4152 loss: 3.488042640686035
Train Epoch: 89 steps: 420 / 4152 loss: 3.309650015830994
Train Epoch: 89 steps: 430 / 4152 loss: 3.5025474071502685
Train Epoch: 89 steps: 440 / 4152 loss: 3.436065340042114
Train Epoch: 89 steps: 450 / 4152 loss: 3.4504163026809693
Train Epoch: 89 steps: 460 / 4152 loss: 3.443775749206543
Train Epoch: 89 steps: 470 / 4152 loss: 3.4132020235061646
Train Epoch: 89 steps: 480 / 4152 loss: 3.4596596479415895
Train Epoch: 89 steps: 490 / 4152 loss: 3.4297901153564454
Train Epoch: 89 steps: 500 / 4152 loss: 3.3712602138519285
Train Epoch: 89 steps: 510 / 4152 loss: 3.387659692764282
Train Epoch: 89 steps: 520 / 4152 loss: 3.440920329093933
Train Epoch: 89 steps: 530 / 4152 loss: 3.365665912628174
Train Epoch: 89 steps: 540 / 4152 loss: 3.339649963378906
Train Epoch: 89 steps: 550 / 4152 loss: 3.4906291484832765
Train Epoch: 89 steps: 560 / 4152 loss: 3.4028865575790403
Train Epoch: 89 steps: 570 / 4152 loss: 3.437868905067444
Train Epoch: 89 steps: 580 / 4152 loss: 3.515930938720703
Train Epoch: 89 steps: 590 / 4152 loss: 3.4628120183944704
Train Epoch: 89 steps: 600 / 4152 loss: 3.3667771577835084
Train Epoch: 89 steps: 610 / 4152 loss: 3.4222667455673217
Train Epoch: 89 steps: 620 / 4152 loss: 3.4160622119903565
Train Epoch: 89 steps: 630 / 4152 loss: 3.475394082069397
Train Epoch: 89 steps: 640 / 4152 loss: 3.457417893409729
Train Epoch: 89 steps: 650 / 4152 loss: 3.4310940980911253
Train Epoch: 89 steps: 660 / 4152 loss: 3.421488380432129
Train Epoch: 89 steps: 670 / 4152 loss: 3.463158965110779
Train Epoch: 89 steps: 680 / 4152 loss: 3.425143575668335
Train Epoch: 89 steps: 690 / 4152 loss: 3.44175763130188
Train Epoch: 89 steps: 700 / 4152 loss: 3.4588184356689453
Train Epoch: 89 steps: 710 / 4152 loss: 3.4326134443283083
Train Epoch: 89 steps: 720 / 4152 loss: 3.442292022705078
Train Epoch: 89 steps: 730 / 4152 loss: 3.3899632930755614
Train Epoch: 89 steps: 740 / 4152 loss: 3.4133068561553954
Train Epoch: 89 steps: 750 / 4152 loss: 3.435167360305786
Train Epoch: 89 steps: 760 / 4152 loss: 3.335885500907898
Train Epoch: 89 steps: 770 / 4152 loss: 3.357913851737976
Train Epoch: 89 steps: 780 / 4152 loss: 3.456706094741821
Train Epoch: 89 steps: 790 / 4152 loss: 3.3810081005096437
Train Epoch: 89 steps: 800 / 4152 loss: 3.429020643234253
Train Epoch: 89 steps: 810 / 4152 loss: 3.434761476516724
Train Epoch: 89 steps: 820 / 4152 loss: 3.4146677970886232
Train Epoch: 89 steps: 830 / 4152 loss: 3.3772180557250975
Train Epoch: 89 steps: 840 / 4152 loss: 3.5004181146621702
Train Epoch: 89 steps: 850 / 4152 loss: 3.409229612350464
Train Epoch: 89 steps: 860 / 4152 loss: 3.4393383979797365
Train Epoch: 89 steps: 870 / 4152 loss: 3.500542950630188
Train Epoch: 89 steps: 880 / 4152 loss: 3.3581185340881348
Train Epoch: 89 steps: 890 / 4152 loss: 3.406404137611389
Train Epoch: 89 steps: 900 / 4152 loss: 3.382471036911011
Train Epoch: 89 steps: 910 / 4152 loss: 3.516081166267395
Train Epoch: 89 steps: 920 / 4152 loss: 3.438828134536743
Train Epoch: 89 steps: 930 / 4152 loss: 3.417378568649292
Train Epoch: 89 steps: 940 / 4152 loss: 3.3824239015579223
Train Epoch: 89 steps: 950 / 4152 loss: 3.3977758646011353
Train Epoch: 89 steps: 960 / 4152 loss: 3.4626804113388063
Train Epoch: 89 steps: 970 / 4152 loss: 3.4299334049224854
Train Epoch: 89 steps: 980 / 4152 loss: 3.471961832046509
Train Epoch: 89 steps: 990 / 4152 loss: 3.4079735040664674
Train Epoch: 89 steps: 1000 / 4152 loss: 3.5032214403152464
Train Epoch: 89 steps: 1010 / 4152 loss: 3.4433157682418822
Train Epoch: 89 steps: 1020 / 4152 loss: 3.386421823501587
Train Epoch: 89 steps: 1030 / 4152 loss: 3.411536955833435
Train Epoch: 89 steps: 1040 / 4152 loss: 3.3969328880310057
----------------------------------------Epoch: 90----------------------------------------
----------------------------------------Epoch: 90----------------------------------------
----------------------------------------Epoch: 90----------------------------------------
----------------------------------------Epoch: 90----------------------------------------
Train Epoch: 90 steps: 0 / 4152 loss: 0.3470165252685547
Train Epoch: 90 steps: 10 / 4152 loss: 3.496746277809143
Train Epoch: 90 steps: 20 / 4152 loss: 3.513095808029175
Train Epoch: 90 steps: 30 / 4152 loss: 3.37517364025116
Train Epoch: 90 steps: 40 / 4152 loss: 3.430912494659424
Train Epoch: 90 steps: 50 / 4152 loss: 3.4903162717819214
Train Epoch: 90 steps: 60 / 4152 loss: 3.443091058731079
Train Epoch: 90 steps: 70 / 4152 loss: 3.4686788082122804
Train Epoch: 90 steps: 80 / 4152 loss: 3.386178803443909
Train Epoch: 90 steps: 90 / 4152 loss: 3.392836260795593
Train Epoch: 90 steps: 100 / 4152 loss: 3.487142252922058
Train Epoch: 90 steps: 110 / 4152 loss: 3.4418589591979982
Train Epoch: 90 steps: 120 / 4152 loss: 3.46940495967865
Train Epoch: 90 steps: 130 / 4152 loss: 3.4110143423080443
Train Epoch: 90 steps: 140 / 4152 loss: 3.4573023319244385
Train Epoch: 90 steps: 150 / 4152 loss: 3.462062621116638
Train Epoch: 90 steps: 160 / 4152 loss: 3.36322226524353
Train Epoch: 90 steps: 170 / 4152 loss: 3.4277274131774904
Train Epoch: 90 steps: 180 / 4152 loss: 3.398753595352173
Train Epoch: 90 steps: 190 / 4152 loss: 3.3427905559539797
Train Epoch: 90 steps: 200 / 4152 loss: 3.4788625478744506
Train Epoch: 90 steps: 210 / 4152 loss: 3.4819972991943358
Train Epoch: 90 steps: 220 / 4152 loss: 3.384886860847473
Train Epoch: 90 steps: 230 / 4152 loss: 3.384680724143982
Train Epoch: 90 steps: 240 / 4152 loss: 3.489212417602539
Train Epoch: 90 steps: 250 / 4152 loss: 3.3181949853897095
Train Epoch: 90 steps: 260 / 4152 loss: 3.4084113359451296
Train Epoch: 90 steps: 270 / 4152 loss: 3.361880397796631
Train Epoch: 90 steps: 280 / 4152 loss: 3.4156858921051025
Train Epoch: 90 steps: 290 / 4152 loss: 3.3399088621139525
Train Epoch: 90 steps: 300 / 4152 loss: 3.4931358814239504
Train Epoch: 90 steps: 310 / 4152 loss: 3.4082368135452272
Train Epoch: 90 steps: 320 / 4152 loss: 3.4508501529693603
Train Epoch: 90 steps: 330 / 4152 loss: 3.4738428354263307
Train Epoch: 90 steps: 340 / 4152 loss: 3.308465766906738
Train Epoch: 90 steps: 350 / 4152 loss: 3.4207165002822877
Train Epoch: 90 steps: 360 / 4152 loss: 3.4589958667755125
Train Epoch: 90 steps: 370 / 4152 loss: 3.3943098545074464
Train Epoch: 90 steps: 380 / 4152 loss: 3.484468698501587
Train Epoch: 90 steps: 390 / 4152 loss: 3.3908472299575805
Train Epoch: 90 steps: 400 / 4152 loss: 3.3491889953613283
Train Epoch: 90 steps: 410 / 4152 loss: 3.3710284948349
Train Epoch: 90 steps: 420 / 4152 loss: 3.4226637363433836
Train Epoch: 90 steps: 430 / 4152 loss: 3.450586366653442
Train Epoch: 90 steps: 440 / 4152 loss: 3.486651611328125
Train Epoch: 90 steps: 450 / 4152 loss: 3.3303138494491575
Train Epoch: 90 steps: 460 / 4152 loss: 3.415983772277832
Train Epoch: 90 steps: 470 / 4152 loss: 3.431140661239624
Train Epoch: 90 steps: 480 / 4152 loss: 3.505243706703186
Train Epoch: 90 steps: 490 / 4152 loss: 3.0126785755157472
Train Epoch: 90 steps: 500 / 4152 loss: 3.3806440353393556
Train Epoch: 90 steps: 510 / 4152 loss: 3.4560976028442383
Train Epoch: 90 steps: 520 / 4152 loss: 3.3868629693984986
Train Epoch: 90 steps: 530 / 4152 loss: 3.3385655164718626
Train Epoch: 90 steps: 540 / 4152 loss: 3.4858128309249876
Train Epoch: 90 steps: 550 / 4152 loss: 3.4279009103775024
Train Epoch: 90 steps: 560 / 4152 loss: 3.5019747734069826
Train Epoch: 90 steps: 570 / 4152 loss: 3.3356223821640016
Train Epoch: 90 steps: 580 / 4152 loss: 3.415187454223633
Train Epoch: 90 steps: 590 / 4152 loss: 3.3134853839874268
Train Epoch: 90 steps: 600 / 4152 loss: 3.5143126249313354
Train Epoch: 90 steps: 610 / 4152 loss: 3.397147536277771
Train Epoch: 90 steps: 620 / 4152 loss: 3.485105037689209
Train Epoch: 90 steps: 630 / 4152 loss: 3.368761444091797
Train Epoch: 90 steps: 640 / 4152 loss: 3.490390491485596
Train Epoch: 90 steps: 650 / 4152 loss: 3.4000903606414794
Train Epoch: 90 steps: 660 / 4152 loss: 3.454239749908447
Train Epoch: 90 steps: 670 / 4152 loss: 3.4149821281433104
Train Epoch: 90 steps: 680 / 4152 loss: 3.4603781700134277
Train Epoch: 90 steps: 690 / 4152 loss: 3.4041882514953614
Train Epoch: 90 steps: 700 / 4152 loss: 3.4454139947891234
Train Epoch: 90 steps: 710 / 4152 loss: 3.4777368783950804
Train Epoch: 90 steps: 720 / 4152 loss: 3.4790372133255003
Train Epoch: 90 steps: 730 / 4152 loss: 3.3727866411209106
Train Epoch: 90 steps: 740 / 4152 loss: 3.499678444862366
Train Epoch: 90 steps: 750 / 4152 loss: 3.474196767807007
Train Epoch: 90 steps: 760 / 4152 loss: 3.456023621559143
Train Epoch: 90 steps: 770 / 4152 loss: 3.383654022216797
Train Epoch: 90 steps: 780 / 4152 loss: 3.430787205696106
Train Epoch: 90 steps: 790 / 4152 loss: 3.3248578548431396
Train Epoch: 90 steps: 800 / 4152 loss: 3.402062010765076
Train Epoch: 90 steps: 810 / 4152 loss: 3.4682700872421264
Train Epoch: 90 steps: 820 / 4152 loss: 3.432152581214905
Train Epoch: 90 steps: 830 / 4152 loss: 3.4922820806503294
Train Epoch: 90 steps: 840 / 4152 loss: 3.4585427761077883
Train Epoch: 90 steps: 850 / 4152 loss: 3.4955359935760497
Train Epoch: 90 steps: 860 / 4152 loss: 3.4412023305892943
Train Epoch: 90 steps: 870 / 4152 loss: 3.4917629957199097
Train Epoch: 90 steps: 880 / 4152 loss: 3.5291582584381103
Train Epoch: 90 steps: 890 / 4152 loss: 3.454306960105896
Train Epoch: 90 steps: 900 / 4152 loss: 3.4971140146255495
Train Epoch: 90 steps: 910 / 4152 loss: 3.512223958969116
Train Epoch: 90 steps: 920 / 4152 loss: 3.4175702810287474
Train Epoch: 90 steps: 930 / 4152 loss: 3.373527669906616
Train Epoch: 90 steps: 940 / 4152 loss: 3.3980335235595702
Train Epoch: 90 steps: 950 / 4152 loss: 3.4638012886047362
Train Epoch: 90 steps: 960 / 4152 loss: 3.456395888328552
Train Epoch: 90 steps: 970 / 4152 loss: 3.4149760961532594
Train Epoch: 90 steps: 980 / 4152 loss: 3.3876702070236204
Train Epoch: 90 steps: 990 / 4152 loss: 3.465775156021118
Train Epoch: 90 steps: 1000 / 4152 loss: 3.469780921936035
Train Epoch: 90 steps: 1010 / 4152 loss: 3.534298801422119
Train Epoch: 90 steps: 1020 / 4152 loss: 3.3833054304122925
Train Epoch: 90 steps: 1030 / 4152 loss: 3.3184794425964355
Train Epoch: 90 steps: 1040 / 4152 loss: 3.479494261741638
----------------------------------------Epoch: 91----------------------------------------
----------------------------------------Epoch: 91----------------------------------------
----------------------------------------Epoch: 91----------------------------------------
----------------------------------------Epoch: 91----------------------------------------
Train Epoch: 91 steps: 0 / 4152 loss: 0.3404132843017578
Train Epoch: 91 steps: 10 / 4152 loss: 3.496284508705139
Train Epoch: 91 steps: 20 / 4152 loss: 3.476406693458557
Train Epoch: 91 steps: 30 / 4152 loss: 3.372875785827637
Train Epoch: 91 steps: 40 / 4152 loss: 3.4056628227233885
Train Epoch: 91 steps: 50 / 4152 loss: 3.395258831977844
Train Epoch: 91 steps: 60 / 4152 loss: 2.9835204124450683
Train Epoch: 91 steps: 70 / 4152 loss: 3.4066107988357546
Train Epoch: 91 steps: 80 / 4152 loss: 3.3581226110458373
Train Epoch: 91 steps: 90 / 4152 loss: 3.3254830837249756
Train Epoch: 91 steps: 100 / 4152 loss: 3.4502695560455323
Train Epoch: 91 steps: 110 / 4152 loss: 3.500402235984802
Train Epoch: 91 steps: 120 / 4152 loss: 3.430262017250061
Train Epoch: 91 steps: 130 / 4152 loss: 3.3716719150543213
Train Epoch: 91 steps: 140 / 4152 loss: 3.430882954597473
Train Epoch: 91 steps: 150 / 4152 loss: 3.2170256853103636
Train Epoch: 91 steps: 160 / 4152 loss: 3.423941206932068
Train Epoch: 91 steps: 170 / 4152 loss: 3.4601760864257813
Train Epoch: 91 steps: 180 / 4152 loss: 3.3767788648605346
Train Epoch: 91 steps: 190 / 4152 loss: 3.5100849628448487
Train Epoch: 91 steps: 200 / 4152 loss: 3.4472464323043823
Train Epoch: 91 steps: 210 / 4152 loss: 3.294525957107544
Train Epoch: 91 steps: 220 / 4152 loss: 3.365839195251465
Train Epoch: 91 steps: 230 / 4152 loss: 3.4368391036987305
Train Epoch: 91 steps: 240 / 4152 loss: 3.4760230779647827
Train Epoch: 91 steps: 250 / 4152 loss: 3.4497910499572755
Train Epoch: 91 steps: 260 / 4152 loss: 3.3862043142318727
Train Epoch: 91 steps: 270 / 4152 loss: 3.437738037109375
Train Epoch: 91 steps: 280 / 4152 loss: 3.4276804447174074
Train Epoch: 91 steps: 290 / 4152 loss: 3.4513392448425293
Train Epoch: 91 steps: 300 / 4152 loss: 3.495059275627136
Train Epoch: 91 steps: 310 / 4152 loss: 3.428422284126282
Train Epoch: 91 steps: 320 / 4152 loss: 3.3523255348205567
Train Epoch: 91 steps: 330 / 4152 loss: 3.3729849338531492
Train Epoch: 91 steps: 340 / 4152 loss: 3.4832026958465576
Train Epoch: 91 steps: 350 / 4152 loss: 3.371798205375671
Train Epoch: 91 steps: 360 / 4152 loss: 3.4136609077453612
Train Epoch: 91 steps: 370 / 4152 loss: 3.3894017696380616
Train Epoch: 91 steps: 380 / 4152 loss: 3.5160859346389772
Train Epoch: 91 steps: 390 / 4152 loss: 3.434689736366272
Train Epoch: 91 steps: 400 / 4152 loss: 3.484057879447937
Train Epoch: 91 steps: 410 / 4152 loss: 3.476163554191589
Train Epoch: 91 steps: 420 / 4152 loss: 3.3952298879623415
Train Epoch: 91 steps: 430 / 4152 loss: 3.448850178718567
Train Epoch: 91 steps: 440 / 4152 loss: 3.4575307846069334
Train Epoch: 91 steps: 450 / 4152 loss: 3.4581904888153074
Train Epoch: 91 steps: 460 / 4152 loss: 3.460844612121582
Train Epoch: 91 steps: 470 / 4152 loss: 3.4510119676589968
Train Epoch: 91 steps: 480 / 4152 loss: 3.4608840942382812
Train Epoch: 91 steps: 490 / 4152 loss: 3.3938478231430054
Train Epoch: 91 steps: 500 / 4152 loss: 3.4935446262359617
Train Epoch: 91 steps: 510 / 4152 loss: 3.363333749771118
Train Epoch: 91 steps: 520 / 4152 loss: 3.432180070877075
Train Epoch: 91 steps: 530 / 4152 loss: 3.4287304401397707
Train Epoch: 91 steps: 540 / 4152 loss: 3.4643091917037965
Train Epoch: 91 steps: 550 / 4152 loss: 3.485611391067505
Train Epoch: 91 steps: 560 / 4152 loss: 3.4809178590774534
Train Epoch: 91 steps: 570 / 4152 loss: 3.433519792556763
Train Epoch: 91 steps: 580 / 4152 loss: 3.428138566017151
Train Epoch: 91 steps: 590 / 4152 loss: 3.405334949493408
Train Epoch: 91 steps: 600 / 4152 loss: 3.4654058694839476
Train Epoch: 91 steps: 610 / 4152 loss: 3.4002328395843504
Train Epoch: 91 steps: 620 / 4152 loss: 3.4657002687454224
Train Epoch: 91 steps: 630 / 4152 loss: 3.401266622543335
Train Epoch: 91 steps: 640 / 4152 loss: 3.400795316696167
Train Epoch: 91 steps: 650 / 4152 loss: 3.490942049026489
Train Epoch: 91 steps: 660 / 4152 loss: 3.5113436222076415
Train Epoch: 91 steps: 670 / 4152 loss: 3.3575735092163086
Train Epoch: 91 steps: 680 / 4152 loss: 3.302259683609009
Train Epoch: 91 steps: 690 / 4152 loss: 3.410683441162109
Train Epoch: 91 steps: 700 / 4152 loss: 3.397131848335266
Train Epoch: 91 steps: 710 / 4152 loss: 3.391964149475098
Train Epoch: 91 steps: 720 / 4152 loss: 3.474838399887085
Train Epoch: 91 steps: 730 / 4152 loss: 3.4965512990951537
Train Epoch: 91 steps: 740 / 4152 loss: 3.396369981765747
Train Epoch: 91 steps: 750 / 4152 loss: 3.4554475069046022
Train Epoch: 91 steps: 760 / 4152 loss: 3.4911996841430666
Train Epoch: 91 steps: 770 / 4152 loss: 3.4856904983520507
Train Epoch: 91 steps: 780 / 4152 loss: 3.439608907699585
Train Epoch: 91 steps: 790 / 4152 loss: 3.4116005420684816
Train Epoch: 91 steps: 800 / 4152 loss: 3.324403500556946
Train Epoch: 91 steps: 810 / 4152 loss: 3.4761536598205565
Train Epoch: 91 steps: 820 / 4152 loss: 3.456419801712036
Train Epoch: 91 steps: 830 / 4152 loss: 3.4025357007980346
Train Epoch: 91 steps: 840 / 4152 loss: 3.4724079847335814
Train Epoch: 91 steps: 850 / 4152 loss: 3.495647597312927
Train Epoch: 91 steps: 860 / 4152 loss: 3.4306042194366455
Train Epoch: 91 steps: 870 / 4152 loss: 3.442867636680603
Train Epoch: 91 steps: 880 / 4152 loss: 3.5287912845611573
Train Epoch: 91 steps: 890 / 4152 loss: 3.463658905029297
Train Epoch: 91 steps: 900 / 4152 loss: 3.4737634658813477
Train Epoch: 91 steps: 910 / 4152 loss: 3.4107670307159426
Train Epoch: 91 steps: 920 / 4152 loss: 3.4135777235031126
Train Epoch: 91 steps: 930 / 4152 loss: 3.2982558727264406
Train Epoch: 91 steps: 940 / 4152 loss: 3.328163504600525
Train Epoch: 91 steps: 950 / 4152 loss: 3.436628746986389
Train Epoch: 91 steps: 960 / 4152 loss: 3.4271828651428224
Train Epoch: 91 steps: 970 / 4152 loss: 3.482871103286743
Train Epoch: 91 steps: 980 / 4152 loss: 3.4533107757568358
Train Epoch: 91 steps: 990 / 4152 loss: 3.481831192970276
Train Epoch: 91 steps: 1000 / 4152 loss: 3.3817920684814453
Train Epoch: 91 steps: 1010 / 4152 loss: 3.4337284088134767
Train Epoch: 91 steps: 1020 / 4152 loss: 3.4422202110290527
Train Epoch: 91 steps: 1030 / 4152 loss: 3.4646569728851317
Train Epoch: 91 steps: 1040 / 4152 loss: 3.383296036720276
----------------------------------------Epoch: 92----------------------------------------
----------------------------------------Epoch: 92----------------------------------------
----------------------------------------Epoch: 92----------------------------------------
----------------------------------------Epoch: 92----------------------------------------
Train Epoch: 92 steps: 0 / 4152 loss: 0.32296295166015626
Train Epoch: 92 steps: 10 / 4152 loss: 3.3786248683929445
Train Epoch: 92 steps: 20 / 4152 loss: 3.486231803894043
Train Epoch: 92 steps: 30 / 4152 loss: 3.4132413625717164
Train Epoch: 92 steps: 40 / 4152 loss: 3.411073660850525
Train Epoch: 92 steps: 50 / 4152 loss: 3.484074521064758
Train Epoch: 92 steps: 60 / 4152 loss: 3.401077961921692
Train Epoch: 92 steps: 70 / 4152 loss: 3.4323070764541628
Train Epoch: 92 steps: 80 / 4152 loss: 3.4598649740219116
Train Epoch: 92 steps: 90 / 4152 loss: 3.425480318069458
Train Epoch: 92 steps: 100 / 4152 loss: 3.3531978368759154
Train Epoch: 92 steps: 110 / 4152 loss: 3.5357978343963623
Train Epoch: 92 steps: 120 / 4152 loss: 3.5429715871810914
Train Epoch: 92 steps: 130 / 4152 loss: 3.4007543325424194
Train Epoch: 92 steps: 140 / 4152 loss: 3.45598828792572
Train Epoch: 92 steps: 150 / 4152 loss: 3.418022346496582
Train Epoch: 92 steps: 160 / 4152 loss: 3.4293224573135377
Train Epoch: 92 steps: 170 / 4152 loss: 3.493181324005127
Train Epoch: 92 steps: 180 / 4152 loss: 3.476949143409729
Train Epoch: 92 steps: 190 / 4152 loss: 3.4190996646881104
Train Epoch: 92 steps: 200 / 4152 loss: 3.3507349252700807
Train Epoch: 92 steps: 210 / 4152 loss: 3.3384380102157594
Train Epoch: 92 steps: 220 / 4152 loss: 3.4164856910705566
Train Epoch: 92 steps: 230 / 4152 loss: 3.3884830713272094
Train Epoch: 92 steps: 240 / 4152 loss: 3.399581027030945
Train Epoch: 92 steps: 250 / 4152 loss: 3.5188958406448365
Train Epoch: 92 steps: 260 / 4152 loss: 3.456845927238464
Train Epoch: 92 steps: 270 / 4152 loss: 3.4784807443618773
Train Epoch: 92 steps: 280 / 4152 loss: 3.4833194255828857
Train Epoch: 92 steps: 290 / 4152 loss: 3.4534751415252685
Train Epoch: 92 steps: 300 / 4152 loss: 3.4403350353240967
Train Epoch: 92 steps: 310 / 4152 loss: 3.417542576789856
Train Epoch: 92 steps: 320 / 4152 loss: 3.448139500617981
Train Epoch: 92 steps: 330 / 4152 loss: 3.4749388217926027
Train Epoch: 92 steps: 340 / 4152 loss: 3.350757694244385
Train Epoch: 92 steps: 350 / 4152 loss: 3.463800048828125
Train Epoch: 92 steps: 360 / 4152 loss: 3.4344790458679197
Train Epoch: 92 steps: 370 / 4152 loss: 3.423788595199585
Train Epoch: 92 steps: 380 / 4152 loss: 3.3911073446273803
Train Epoch: 92 steps: 390 / 4152 loss: 3.432486581802368
Train Epoch: 92 steps: 400 / 4152 loss: 3.4170530080795287
Train Epoch: 92 steps: 410 / 4152 loss: 3.4314505100250243
Train Epoch: 92 steps: 420 / 4152 loss: 3.4322139263153075
Train Epoch: 92 steps: 430 / 4152 loss: 3.4185136556625366
Train Epoch: 92 steps: 440 / 4152 loss: 3.462019157409668
Train Epoch: 92 steps: 450 / 4152 loss: 3.3639900207519533
Train Epoch: 92 steps: 460 / 4152 loss: 3.402200937271118
Train Epoch: 92 steps: 470 / 4152 loss: 3.4653653621673586
Train Epoch: 92 steps: 480 / 4152 loss: 3.3953298330307007
Train Epoch: 92 steps: 490 / 4152 loss: 3.452593469619751
Train Epoch: 92 steps: 500 / 4152 loss: 3.4341007232666017
Train Epoch: 92 steps: 510 / 4152 loss: 3.4420817375183104
Train Epoch: 92 steps: 520 / 4152 loss: 3.328154730796814
Train Epoch: 92 steps: 530 / 4152 loss: 3.394183349609375
Train Epoch: 92 steps: 540 / 4152 loss: 3.5134532690048217
Train Epoch: 92 steps: 550 / 4152 loss: 3.527858591079712
Train Epoch: 92 steps: 560 / 4152 loss: 3.4453190326690675
Train Epoch: 92 steps: 570 / 4152 loss: 3.5205668687820433
Train Epoch: 92 steps: 580 / 4152 loss: 3.449174165725708
Train Epoch: 92 steps: 590 / 4152 loss: 3.3619595527648927
Train Epoch: 92 steps: 600 / 4152 loss: 3.3772581100463865
Train Epoch: 92 steps: 610 / 4152 loss: 3.395685386657715
Train Epoch: 92 steps: 620 / 4152 loss: 3.4395325660705565
Train Epoch: 92 steps: 630 / 4152 loss: 3.410541296005249
Train Epoch: 92 steps: 640 / 4152 loss: 3.347927188873291
Train Epoch: 92 steps: 650 / 4152 loss: 3.493784213066101
Train Epoch: 92 steps: 660 / 4152 loss: 3.4049026727676392
Train Epoch: 92 steps: 670 / 4152 loss: 3.4091266870498655
Train Epoch: 92 steps: 680 / 4152 loss: 3.378192734718323
Train Epoch: 92 steps: 690 / 4152 loss: 3.434084916114807
Train Epoch: 92 steps: 700 / 4152 loss: 3.413172960281372
Train Epoch: 92 steps: 710 / 4152 loss: 3.390294647216797
Train Epoch: 92 steps: 720 / 4152 loss: 3.468560290336609
Train Epoch: 92 steps: 730 / 4152 loss: 3.356973719596863
Train Epoch: 92 steps: 740 / 4152 loss: 3.475620889663696
Train Epoch: 92 steps: 750 / 4152 loss: 3.4496821403503417
Train Epoch: 92 steps: 760 / 4152 loss: 3.404326343536377
Train Epoch: 92 steps: 770 / 4152 loss: 3.516905736923218
Train Epoch: 92 steps: 780 / 4152 loss: 3.348289370536804
Train Epoch: 92 steps: 790 / 4152 loss: 3.3908997058868406
Train Epoch: 92 steps: 800 / 4152 loss: 3.4808108806610107
Train Epoch: 92 steps: 810 / 4152 loss: 3.3957939386367797
Train Epoch: 92 steps: 820 / 4152 loss: 3.3706569194793703
Train Epoch: 92 steps: 830 / 4152 loss: 3.5105361700057984
Train Epoch: 92 steps: 840 / 4152 loss: 3.3432141065597536
Train Epoch: 92 steps: 850 / 4152 loss: 3.3441797256469727
Train Epoch: 92 steps: 860 / 4152 loss: 3.435912847518921
Train Epoch: 92 steps: 870 / 4152 loss: 3.3998446702957152
Train Epoch: 92 steps: 880 / 4152 loss: 3.401430130004883
Train Epoch: 92 steps: 890 / 4152 loss: 3.3930461406707764
Train Epoch: 92 steps: 900 / 4152 loss: 3.383282017707825
Train Epoch: 92 steps: 910 / 4152 loss: 3.4639140367507935
Train Epoch: 92 steps: 920 / 4152 loss: 3.380314040184021
Train Epoch: 92 steps: 930 / 4152 loss: 3.4815171003341674
Train Epoch: 92 steps: 940 / 4152 loss: 3.489294481277466
Train Epoch: 92 steps: 950 / 4152 loss: 3.352701759338379
Train Epoch: 92 steps: 960 / 4152 loss: 3.388666558265686
Train Epoch: 92 steps: 970 / 4152 loss: 3.487592887878418
Train Epoch: 92 steps: 980 / 4152 loss: 3.4272621870040894
Train Epoch: 92 steps: 990 / 4152 loss: 3.374801516532898
Train Epoch: 92 steps: 1000 / 4152 loss: 3.4479353189468385
Train Epoch: 92 steps: 1010 / 4152 loss: 3.47624089717865
Train Epoch: 92 steps: 1020 / 4152 loss: 3.523154354095459
Train Epoch: 92 steps: 1030 / 4152 loss: 3.366311192512512
Train Epoch: 92 steps: 1040 / 4152 loss: 3.5165210247039793
----------------------------------------Epoch: 93----------------------------------------
----------------------------------------Epoch: 93----------------------------------------
----------------------------------------Epoch: 93----------------------------------------
----------------------------------------Epoch: 93----------------------------------------
Train Epoch: 93 steps: 0 / 4152 loss: 0.3409069776535034
Train Epoch: 93 steps: 10 / 4152 loss: 3.5334213256835936
Train Epoch: 93 steps: 20 / 4152 loss: 3.488419008255005
Train Epoch: 93 steps: 30 / 4152 loss: 3.4885108709335326
Train Epoch: 93 steps: 40 / 4152 loss: 3.438820815086365
Train Epoch: 93 steps: 50 / 4152 loss: 3.4249975204467775
Train Epoch: 93 steps: 60 / 4152 loss: 3.4281198024749755
Train Epoch: 93 steps: 70 / 4152 loss: 3.3878333568573
Train Epoch: 93 steps: 80 / 4152 loss: 3.4100693464279175
Train Epoch: 93 steps: 90 / 4152 loss: 3.4232236623764036
Train Epoch: 93 steps: 100 / 4152 loss: 3.328863191604614
Train Epoch: 93 steps: 110 / 4152 loss: 3.4547682285308836
Train Epoch: 93 steps: 120 / 4152 loss: 3.4069190979003907
Train Epoch: 93 steps: 130 / 4152 loss: 3.422964596748352
Train Epoch: 93 steps: 140 / 4152 loss: 3.4832863807678223
Train Epoch: 93 steps: 150 / 4152 loss: 3.416503739356995
Train Epoch: 93 steps: 160 / 4152 loss: 3.355465221405029
Train Epoch: 93 steps: 170 / 4152 loss: 3.455617666244507
Train Epoch: 93 steps: 180 / 4152 loss: 3.463394546508789
Train Epoch: 93 steps: 190 / 4152 loss: 3.435690689086914
Train Epoch: 93 steps: 200 / 4152 loss: 3.4693538665771486
Train Epoch: 93 steps: 210 / 4152 loss: 3.456550407409668
Train Epoch: 93 steps: 220 / 4152 loss: 3.4495606422424316
Train Epoch: 93 steps: 230 / 4152 loss: 3.4126434087753297
Train Epoch: 93 steps: 240 / 4152 loss: 3.387512278556824
Train Epoch: 93 steps: 250 / 4152 loss: 3.5031503200531007
Train Epoch: 93 steps: 260 / 4152 loss: 3.492239308357239
Train Epoch: 93 steps: 270 / 4152 loss: 3.516176867485046
Train Epoch: 93 steps: 280 / 4152 loss: 3.4403964042663575
Train Epoch: 93 steps: 290 / 4152 loss: 3.4696322202682497
Train Epoch: 93 steps: 300 / 4152 loss: 3.516022300720215
Train Epoch: 93 steps: 310 / 4152 loss: 3.344568634033203
Train Epoch: 93 steps: 320 / 4152 loss: 3.470562052726746
Train Epoch: 93 steps: 330 / 4152 loss: 3.3957796573638914
Train Epoch: 93 steps: 340 / 4152 loss: 3.452027368545532
Train Epoch: 93 steps: 350 / 4152 loss: 3.3941225528717043
Train Epoch: 93 steps: 360 / 4152 loss: 3.469461178779602
Train Epoch: 93 steps: 370 / 4152 loss: 3.3963042497634888
Train Epoch: 93 steps: 380 / 4152 loss: 3.385346269607544
Train Epoch: 93 steps: 390 / 4152 loss: 3.475484323501587
Train Epoch: 93 steps: 400 / 4152 loss: 3.433834409713745
Train Epoch: 93 steps: 410 / 4152 loss: 3.404842472076416
Train Epoch: 93 steps: 420 / 4152 loss: 3.4431835412979126
Train Epoch: 93 steps: 430 / 4152 loss: 3.3895601511001585
Train Epoch: 93 steps: 440 / 4152 loss: 3.4439133405685425
Train Epoch: 93 steps: 450 / 4152 loss: 3.462304973602295
Train Epoch: 93 steps: 460 / 4152 loss: 3.483087754249573
Train Epoch: 93 steps: 470 / 4152 loss: 3.431608772277832
Train Epoch: 93 steps: 480 / 4152 loss: 3.4275383949279785
Train Epoch: 93 steps: 490 / 4152 loss: 3.4058627843856812
Train Epoch: 93 steps: 500 / 4152 loss: 3.3577898740768433
Train Epoch: 93 steps: 510 / 4152 loss: 3.497640013694763
Train Epoch: 93 steps: 520 / 4152 loss: 3.4877907276153564
Train Epoch: 93 steps: 530 / 4152 loss: 3.458455276489258
Train Epoch: 93 steps: 540 / 4152 loss: 3.2704412221908568
Train Epoch: 93 steps: 550 / 4152 loss: 3.411624479293823
Train Epoch: 93 steps: 560 / 4152 loss: 3.4130501985549926
Train Epoch: 93 steps: 570 / 4152 loss: 3.4762897968292235
Train Epoch: 93 steps: 580 / 4152 loss: 3.4227317333221436
Train Epoch: 93 steps: 590 / 4152 loss: 3.4925437211990356
Train Epoch: 93 steps: 600 / 4152 loss: 3.418815803527832
Train Epoch: 93 steps: 610 / 4152 loss: 3.3716211795806883
Train Epoch: 93 steps: 620 / 4152 loss: 3.4412673234939577
Train Epoch: 93 steps: 630 / 4152 loss: 3.4634843111038207
Train Epoch: 93 steps: 640 / 4152 loss: 3.426609921455383
Train Epoch: 93 steps: 650 / 4152 loss: 3.382307505607605
Train Epoch: 93 steps: 660 / 4152 loss: 3.44495747089386
Train Epoch: 93 steps: 670 / 4152 loss: 3.4855732679367066
Train Epoch: 93 steps: 680 / 4152 loss: 3.457718110084534
Train Epoch: 93 steps: 690 / 4152 loss: 3.451166296005249
Train Epoch: 93 steps: 700 / 4152 loss: 3.416763710975647
Train Epoch: 93 steps: 710 / 4152 loss: 3.4178008079528808
Train Epoch: 93 steps: 720 / 4152 loss: 3.407629656791687
Train Epoch: 93 steps: 730 / 4152 loss: 3.461950969696045
Train Epoch: 93 steps: 740 / 4152 loss: 3.464989161491394
Train Epoch: 93 steps: 750 / 4152 loss: 3.3935590982437134
Train Epoch: 93 steps: 760 / 4152 loss: 3.488055777549744
Train Epoch: 93 steps: 770 / 4152 loss: 3.445171093940735
Train Epoch: 93 steps: 780 / 4152 loss: 3.398485779762268
Train Epoch: 93 steps: 790 / 4152 loss: 3.3328333616256716
Train Epoch: 93 steps: 800 / 4152 loss: 3.4345059394836426
Train Epoch: 93 steps: 810 / 4152 loss: 3.366783022880554
Train Epoch: 93 steps: 820 / 4152 loss: 3.489947199821472
Train Epoch: 93 steps: 830 / 4152 loss: 3.320239853858948
Train Epoch: 93 steps: 840 / 4152 loss: 3.49151930809021
Train Epoch: 93 steps: 850 / 4152 loss: 3.534279465675354
Train Epoch: 93 steps: 860 / 4152 loss: 3.3850733757019045
Train Epoch: 93 steps: 870 / 4152 loss: 3.481027388572693
Train Epoch: 93 steps: 880 / 4152 loss: 3.4767627000808714
Train Epoch: 93 steps: 890 / 4152 loss: 3.4023637056350706
Train Epoch: 93 steps: 900 / 4152 loss: 3.485591721534729
Train Epoch: 93 steps: 910 / 4152 loss: 3.3618297576904297
Train Epoch: 93 steps: 920 / 4152 loss: 3.424731945991516
Train Epoch: 93 steps: 930 / 4152 loss: 3.5005518436431884
Train Epoch: 93 steps: 940 / 4152 loss: 3.4244120121002197
Train Epoch: 93 steps: 950 / 4152 loss: 3.4045122623443604
Train Epoch: 93 steps: 960 / 4152 loss: 3.3802976846694945
Train Epoch: 93 steps: 970 / 4152 loss: 3.450323247909546
Train Epoch: 93 steps: 980 / 4152 loss: 3.4024011135101317
Train Epoch: 93 steps: 990 / 4152 loss: 3.430467700958252
Train Epoch: 93 steps: 1000 / 4152 loss: 3.3108692169189453
Train Epoch: 93 steps: 1010 / 4152 loss: 3.348014068603516
Train Epoch: 93 steps: 1020 / 4152 loss: 3.3955395460128783
Train Epoch: 93 steps: 1030 / 4152 loss: 3.4145263910293577
Train Epoch: 93 steps: 1040 / 4152 loss: 3.432457947731018
----------------------------------------Epoch: 94----------------------------------------
----------------------------------------Epoch: 94----------------------------------------
----------------------------------------Epoch: 94----------------------------------------
----------------------------------------Epoch: 94----------------------------------------
Train Epoch: 94 steps: 0 / 4152 loss: 0.3342487335205078
Train Epoch: 94 steps: 10 / 4152 loss: 3.41015682220459
Train Epoch: 94 steps: 20 / 4152 loss: 3.4666544437408446
Train Epoch: 94 steps: 30 / 4152 loss: 3.450565719604492
Train Epoch: 94 steps: 40 / 4152 loss: 3.4233229398727416
Train Epoch: 94 steps: 50 / 4152 loss: 3.3533059120178224
Train Epoch: 94 steps: 60 / 4152 loss: 3.3459879398345946
Train Epoch: 94 steps: 70 / 4152 loss: 3.495027256011963
Train Epoch: 94 steps: 80 / 4152 loss: 3.4262142419815063
Train Epoch: 94 steps: 90 / 4152 loss: 3.446549582481384
Train Epoch: 94 steps: 100 / 4152 loss: 3.403817343711853
Train Epoch: 94 steps: 110 / 4152 loss: 3.4525497198104858
Train Epoch: 94 steps: 120 / 4152 loss: 3.446745204925537
Train Epoch: 94 steps: 130 / 4152 loss: 3.483140254020691
Train Epoch: 94 steps: 140 / 4152 loss: 3.492942714691162
Train Epoch: 94 steps: 150 / 4152 loss: 3.4009854078292845
Train Epoch: 94 steps: 160 / 4152 loss: 3.459240770339966
Train Epoch: 94 steps: 170 / 4152 loss: 3.425341272354126
Train Epoch: 94 steps: 180 / 4152 loss: 3.4841965198516847
Train Epoch: 94 steps: 190 / 4152 loss: 3.4473455905914308
Train Epoch: 94 steps: 200 / 4152 loss: 3.4888192653656005
Train Epoch: 94 steps: 210 / 4152 loss: 3.4777388095855715
Train Epoch: 94 steps: 220 / 4152 loss: 3.537044143676758
Train Epoch: 94 steps: 230 / 4152 loss: 3.3366899728775024
Train Epoch: 94 steps: 240 / 4152 loss: 3.51629376411438
Train Epoch: 94 steps: 250 / 4152 loss: 3.429897832870483
Train Epoch: 94 steps: 260 / 4152 loss: 3.4927296876907348
Train Epoch: 94 steps: 270 / 4152 loss: 3.4454713344573973
Train Epoch: 94 steps: 280 / 4152 loss: 3.465924024581909
Train Epoch: 94 steps: 290 / 4152 loss: 3.327611494064331
Train Epoch: 94 steps: 300 / 4152 loss: 3.393593406677246
Train Epoch: 94 steps: 310 / 4152 loss: 3.3517648935317994
Train Epoch: 94 steps: 320 / 4152 loss: 3.4085164070129395
Train Epoch: 94 steps: 330 / 4152 loss: 3.4562256813049315
Train Epoch: 94 steps: 340 / 4152 loss: 3.413672184944153
Train Epoch: 94 steps: 350 / 4152 loss: 3.475895357131958
Train Epoch: 94 steps: 360 / 4152 loss: 3.459220123291016
Train Epoch: 94 steps: 370 / 4152 loss: 3.4275653839111326
Train Epoch: 94 steps: 380 / 4152 loss: 3.4554728746414183
Train Epoch: 94 steps: 390 / 4152 loss: 3.427351546287537
Train Epoch: 94 steps: 400 / 4152 loss: 3.4421751499176025
Train Epoch: 94 steps: 410 / 4152 loss: 3.4234727382659913
Train Epoch: 94 steps: 420 / 4152 loss: 3.367269730567932
Train Epoch: 94 steps: 430 / 4152 loss: 3.4826449871063234
Train Epoch: 94 steps: 440 / 4152 loss: 3.3877386093139648
Train Epoch: 94 steps: 450 / 4152 loss: 3.4543460607528687
Train Epoch: 94 steps: 460 / 4152 loss: 3.4858967304229735
Train Epoch: 94 steps: 470 / 4152 loss: 3.5044973134994506
Train Epoch: 94 steps: 480 / 4152 loss: 3.5486079692840575
Train Epoch: 94 steps: 490 / 4152 loss: 3.4407208919525147
Train Epoch: 94 steps: 500 / 4152 loss: 3.415230917930603
Train Epoch: 94 steps: 510 / 4152 loss: 3.4340455293655396
Train Epoch: 94 steps: 520 / 4152 loss: 3.431956934928894
Train Epoch: 94 steps: 530 / 4152 loss: 3.3549910306930544
Train Epoch: 94 steps: 540 / 4152 loss: 3.408735680580139
Train Epoch: 94 steps: 550 / 4152 loss: 3.4114471912384032
Train Epoch: 94 steps: 560 / 4152 loss: 3.419918656349182
Train Epoch: 94 steps: 570 / 4152 loss: 3.436378502845764
Train Epoch: 94 steps: 580 / 4152 loss: 3.446526288986206
Train Epoch: 94 steps: 590 / 4152 loss: 3.4227506637573244
Train Epoch: 94 steps: 600 / 4152 loss: 3.5039525508880613
Train Epoch: 94 steps: 610 / 4152 loss: 3.4511637687683105
Train Epoch: 94 steps: 620 / 4152 loss: 3.450240683555603
Train Epoch: 94 steps: 630 / 4152 loss: 3.4781516551971436
Train Epoch: 94 steps: 640 / 4152 loss: 3.406900405883789
Train Epoch: 94 steps: 650 / 4152 loss: 3.400612473487854
Train Epoch: 94 steps: 660 / 4152 loss: 3.4736072778701783
Train Epoch: 94 steps: 670 / 4152 loss: 3.4769721031188965
Train Epoch: 94 steps: 680 / 4152 loss: 3.408202385902405
Train Epoch: 94 steps: 690 / 4152 loss: 3.3955920696258546
Train Epoch: 94 steps: 700 / 4152 loss: 3.4475470304489138
Train Epoch: 94 steps: 710 / 4152 loss: 3.404855251312256
Train Epoch: 94 steps: 720 / 4152 loss: 3.3698616504669188
Train Epoch: 94 steps: 730 / 4152 loss: 3.421858525276184
Train Epoch: 94 steps: 740 / 4152 loss: 3.442362141609192
Train Epoch: 94 steps: 750 / 4152 loss: 3.440090870857239
Train Epoch: 94 steps: 760 / 4152 loss: 3.5050596714019777
Train Epoch: 94 steps: 770 / 4152 loss: 3.461902546882629
Train Epoch: 94 steps: 780 / 4152 loss: 3.453749346733093
Train Epoch: 94 steps: 790 / 4152 loss: 3.301285910606384
Train Epoch: 94 steps: 800 / 4152 loss: 3.4018179416656493
Train Epoch: 94 steps: 810 / 4152 loss: 3.4310394763946532
Train Epoch: 94 steps: 820 / 4152 loss: 3.4018656492233275
Train Epoch: 94 steps: 830 / 4152 loss: 3.432502007484436
Train Epoch: 94 steps: 840 / 4152 loss: 3.395677661895752
Train Epoch: 94 steps: 850 / 4152 loss: 3.3856815576553343
Train Epoch: 94 steps: 860 / 4152 loss: 3.4714260339736938
Train Epoch: 94 steps: 870 / 4152 loss: 3.464990758895874
Train Epoch: 94 steps: 880 / 4152 loss: 3.439665913581848
Train Epoch: 94 steps: 890 / 4152 loss: 3.419653582572937
Train Epoch: 94 steps: 900 / 4152 loss: 3.3919419765472414
Train Epoch: 94 steps: 910 / 4152 loss: 3.3414188385009767
Train Epoch: 94 steps: 920 / 4152 loss: 3.3475807905197144
Train Epoch: 94 steps: 930 / 4152 loss: 3.461721897125244
Train Epoch: 94 steps: 940 / 4152 loss: 3.4141191482543944
Train Epoch: 94 steps: 950 / 4152 loss: 3.442422294616699
Train Epoch: 94 steps: 960 / 4152 loss: 3.455300760269165
Train Epoch: 94 steps: 970 / 4152 loss: 3.494738245010376
Train Epoch: 94 steps: 980 / 4152 loss: 3.4786916732788087
Train Epoch: 94 steps: 990 / 4152 loss: 3.291956901550293
Train Epoch: 94 steps: 1000 / 4152 loss: 3.4465885162353516
Train Epoch: 94 steps: 1010 / 4152 loss: 3.368923807144165
Train Epoch: 94 steps: 1020 / 4152 loss: 3.5243666887283327
Train Epoch: 94 steps: 1030 / 4152 loss: 3.386979341506958
Train Epoch: 94 steps: 1040 / 4152 loss: 3.469848656654358
----------------------------------------Epoch: 95----------------------------------------
----------------------------------------Epoch: 95----------------------------------------
----------------------------------------Epoch: 95----------------------------------------
----------------------------------------Epoch: 95----------------------------------------
Train Epoch: 95 steps: 0 / 4152 loss: 0.3363504886627197
Train Epoch: 95 steps: 10 / 4152 loss: 3.44818913936615
Train Epoch: 95 steps: 20 / 4152 loss: 3.3583321809768676
Train Epoch: 95 steps: 30 / 4152 loss: 3.5178353786468506
Train Epoch: 95 steps: 40 / 4152 loss: 3.5045956134796143
Train Epoch: 95 steps: 50 / 4152 loss: 3.328233075141907
Train Epoch: 95 steps: 60 / 4152 loss: 3.4175120115280153
Train Epoch: 95 steps: 70 / 4152 loss: 3.3887075185775757
Train Epoch: 95 steps: 80 / 4152 loss: 3.439941167831421
Train Epoch: 95 steps: 90 / 4152 loss: 3.341110897064209
Train Epoch: 95 steps: 100 / 4152 loss: 3.3812411785125733
Train Epoch: 95 steps: 110 / 4152 loss: 3.4908352375030516
Train Epoch: 95 steps: 120 / 4152 loss: 3.3604308366775513
Train Epoch: 95 steps: 130 / 4152 loss: 3.4188620805740357
Train Epoch: 95 steps: 140 / 4152 loss: 3.521164298057556
Train Epoch: 95 steps: 150 / 4152 loss: 3.4218238830566405
Train Epoch: 95 steps: 160 / 4152 loss: 3.460578203201294
Train Epoch: 95 steps: 170 / 4152 loss: 3.4784545421600344
Train Epoch: 95 steps: 180 / 4152 loss: 3.4681286334991457
Train Epoch: 95 steps: 190 / 4152 loss: 3.350668168067932
Train Epoch: 95 steps: 200 / 4152 loss: 3.4752798080444336
Train Epoch: 95 steps: 210 / 4152 loss: 3.461499834060669
Train Epoch: 95 steps: 220 / 4152 loss: 3.42137405872345
Train Epoch: 95 steps: 230 / 4152 loss: 3.4008570194244383
Train Epoch: 95 steps: 240 / 4152 loss: 3.469471836090088
Train Epoch: 95 steps: 250 / 4152 loss: 3.399674725532532
Train Epoch: 95 steps: 260 / 4152 loss: 3.3712746143341064
Train Epoch: 95 steps: 270 / 4152 loss: 3.410342216491699
Train Epoch: 95 steps: 280 / 4152 loss: 3.3017170667648315
Train Epoch: 95 steps: 290 / 4152 loss: 3.4466113090515136
Train Epoch: 95 steps: 300 / 4152 loss: 3.416219925880432
Train Epoch: 95 steps: 310 / 4152 loss: 3.438248038291931
Train Epoch: 95 steps: 320 / 4152 loss: 3.4786732673645018
Train Epoch: 95 steps: 330 / 4152 loss: 3.4589356422424316
Train Epoch: 95 steps: 340 / 4152 loss: 3.427778482437134
Train Epoch: 95 steps: 350 / 4152 loss: 3.4936074018478394
Train Epoch: 95 steps: 360 / 4152 loss: 3.49038348197937
Train Epoch: 95 steps: 370 / 4152 loss: 3.506847381591797
Train Epoch: 95 steps: 380 / 4152 loss: 3.434172797203064
Train Epoch: 95 steps: 390 / 4152 loss: 3.4672932624816895
Train Epoch: 95 steps: 400 / 4152 loss: 3.449712944030762
Train Epoch: 95 steps: 410 / 4152 loss: 3.470110297203064
Train Epoch: 95 steps: 420 / 4152 loss: 3.3922504663467405
Train Epoch: 95 steps: 430 / 4152 loss: 3.522259259223938
Train Epoch: 95 steps: 440 / 4152 loss: 3.412632632255554
Train Epoch: 95 steps: 450 / 4152 loss: 3.3593862771987917
Train Epoch: 95 steps: 460 / 4152 loss: 3.4339388847351073
Train Epoch: 95 steps: 470 / 4152 loss: 3.4868184089660645
Train Epoch: 95 steps: 480 / 4152 loss: 3.4742279291152953
Train Epoch: 95 steps: 490 / 4152 loss: 3.355790543556213
Train Epoch: 95 steps: 500 / 4152 loss: 3.379086470603943
Train Epoch: 95 steps: 510 / 4152 loss: 3.4040690660476685
Train Epoch: 95 steps: 520 / 4152 loss: 3.3527716636657714
Train Epoch: 95 steps: 530 / 4152 loss: 3.4264364004135133
Train Epoch: 95 steps: 540 / 4152 loss: 3.363689160346985
Train Epoch: 95 steps: 550 / 4152 loss: 3.3374568223953247
Train Epoch: 95 steps: 560 / 4152 loss: 3.4393416166305544
Train Epoch: 95 steps: 570 / 4152 loss: 3.4722607374191283
Train Epoch: 95 steps: 580 / 4152 loss: 3.429122710227966
Train Epoch: 95 steps: 590 / 4152 loss: 3.3021482706069945
Train Epoch: 95 steps: 600 / 4152 loss: 3.4453470945358275
Train Epoch: 95 steps: 610 / 4152 loss: 3.4397245407104493
Train Epoch: 95 steps: 620 / 4152 loss: 3.4345611810684202
Train Epoch: 95 steps: 630 / 4152 loss: 3.421350693702698
Train Epoch: 95 steps: 640 / 4152 loss: 3.4973045110702516
Train Epoch: 95 steps: 650 / 4152 loss: 3.392927622795105
Train Epoch: 95 steps: 660 / 4152 loss: 3.4407763481140137
Train Epoch: 95 steps: 670 / 4152 loss: 3.364063787460327
Train Epoch: 95 steps: 680 / 4152 loss: 3.400278925895691
Train Epoch: 95 steps: 690 / 4152 loss: 3.4943622827529905
Train Epoch: 95 steps: 700 / 4152 loss: 3.4123935222625734
Train Epoch: 95 steps: 710 / 4152 loss: 3.484802269935608
Train Epoch: 95 steps: 720 / 4152 loss: 3.373153281211853
Train Epoch: 95 steps: 730 / 4152 loss: 3.4217691898345945
Train Epoch: 95 steps: 740 / 4152 loss: 3.542703723907471
Train Epoch: 95 steps: 750 / 4152 loss: 3.5144285202026366
Train Epoch: 95 steps: 760 / 4152 loss: 3.38422577381134
Train Epoch: 95 steps: 770 / 4152 loss: 3.284574341773987
Train Epoch: 95 steps: 780 / 4152 loss: 3.444816064834595
Train Epoch: 95 steps: 790 / 4152 loss: 3.408040261268616
Train Epoch: 95 steps: 800 / 4152 loss: 3.462655282020569
Train Epoch: 95 steps: 810 / 4152 loss: 3.3763920307159423
Train Epoch: 95 steps: 820 / 4152 loss: 3.4941233158111573
Train Epoch: 95 steps: 830 / 4152 loss: 3.4639758586883547
Train Epoch: 95 steps: 840 / 4152 loss: 3.4406578302383424
Train Epoch: 95 steps: 850 / 4152 loss: 3.4970536470413207
Train Epoch: 95 steps: 860 / 4152 loss: 3.381969928741455
Train Epoch: 95 steps: 870 / 4152 loss: 3.464330530166626
Train Epoch: 95 steps: 880 / 4152 loss: 3.4687694549560546
Train Epoch: 95 steps: 890 / 4152 loss: 3.375224566459656
Train Epoch: 95 steps: 900 / 4152 loss: 3.3798039674758913
Train Epoch: 95 steps: 910 / 4152 loss: 3.391351056098938
Train Epoch: 95 steps: 920 / 4152 loss: 3.3612224578857424
Train Epoch: 95 steps: 930 / 4152 loss: 3.4227261543273926
Train Epoch: 95 steps: 940 / 4152 loss: 3.3869824171066285
Train Epoch: 95 steps: 950 / 4152 loss: 3.3808217525482176
Train Epoch: 95 steps: 960 / 4152 loss: 3.358408069610596
Train Epoch: 95 steps: 970 / 4152 loss: 3.432813882827759
Train Epoch: 95 steps: 980 / 4152 loss: 3.3922141551971436
Train Epoch: 95 steps: 990 / 4152 loss: 3.432221555709839
Train Epoch: 95 steps: 1000 / 4152 loss: 3.4661800861358643
Train Epoch: 95 steps: 1010 / 4152 loss: 3.488736081123352
Train Epoch: 95 steps: 1020 / 4152 loss: 3.496315026283264
Train Epoch: 95 steps: 1030 / 4152 loss: 3.4644847869873048
Train Epoch: 95 steps: 1040 / 4152 loss: 3.4095383882522583
----------------------------------------Epoch: 96----------------------------------------
----------------------------------------Epoch: 96----------------------------------------
----------------------------------------Epoch: 96----------------------------------------
----------------------------------------Epoch: 96----------------------------------------
Train Epoch: 96 steps: 0 / 4152 loss: 0.36231212615966796
Train Epoch: 96 steps: 10 / 4152 loss: 3.455673360824585
Train Epoch: 96 steps: 20 / 4152 loss: 3.517012524604797
Train Epoch: 96 steps: 30 / 4152 loss: 3.4499685764312744
Train Epoch: 96 steps: 40 / 4152 loss: 3.3900253772735596
Train Epoch: 96 steps: 50 / 4152 loss: 3.4405622720718383
Train Epoch: 96 steps: 60 / 4152 loss: 3.488574171066284
Train Epoch: 96 steps: 70 / 4152 loss: 3.425817608833313
Train Epoch: 96 steps: 80 / 4152 loss: 3.5040560483932497
Train Epoch: 96 steps: 90 / 4152 loss: 3.434542512893677
Train Epoch: 96 steps: 100 / 4152 loss: 3.458345651626587
Train Epoch: 96 steps: 110 / 4152 loss: 3.424055242538452
Train Epoch: 96 steps: 120 / 4152 loss: 3.4535181522369385
Train Epoch: 96 steps: 130 / 4152 loss: 3.4427319288253786
Train Epoch: 96 steps: 140 / 4152 loss: 3.4797466516494753
Train Epoch: 96 steps: 150 / 4152 loss: 3.417719769477844
Train Epoch: 96 steps: 160 / 4152 loss: 3.4910138130187987
Train Epoch: 96 steps: 170 / 4152 loss: 3.333019495010376
Train Epoch: 96 steps: 180 / 4152 loss: 3.3785967350006105
Train Epoch: 96 steps: 190 / 4152 loss: 3.4695657014846804
Train Epoch: 96 steps: 200 / 4152 loss: 3.417988586425781
Train Epoch: 96 steps: 210 / 4152 loss: 3.4383589744567873
Train Epoch: 96 steps: 220 / 4152 loss: 3.403928208351135
Train Epoch: 96 steps: 230 / 4152 loss: 3.49595308303833
Train Epoch: 96 steps: 240 / 4152 loss: 3.358400797843933
Train Epoch: 96 steps: 250 / 4152 loss: 3.3559790372848513
Train Epoch: 96 steps: 260 / 4152 loss: 3.40586633682251
Train Epoch: 96 steps: 270 / 4152 loss: 3.4343000173568727
Train Epoch: 96 steps: 280 / 4152 loss: 3.413131308555603
Train Epoch: 96 steps: 290 / 4152 loss: 3.330586385726929
Train Epoch: 96 steps: 300 / 4152 loss: 3.4336721897125244
Train Epoch: 96 steps: 310 / 4152 loss: 3.3507500648498536
Train Epoch: 96 steps: 320 / 4152 loss: 3.3027745962142943
Train Epoch: 96 steps: 330 / 4152 loss: 3.328866982460022
Train Epoch: 96 steps: 340 / 4152 loss: 3.4837231397628785
Train Epoch: 96 steps: 350 / 4152 loss: 3.3798469066619874
Train Epoch: 96 steps: 360 / 4152 loss: 3.343362045288086
Train Epoch: 96 steps: 370 / 4152 loss: 3.4735772609710693
Train Epoch: 96 steps: 380 / 4152 loss: 3.384989285469055
Train Epoch: 96 steps: 390 / 4152 loss: 3.4725985765457152
Train Epoch: 96 steps: 400 / 4152 loss: 3.38954873085022
Train Epoch: 96 steps: 410 / 4152 loss: 3.3670865535736083
Train Epoch: 96 steps: 420 / 4152 loss: 3.456180787086487
Train Epoch: 96 steps: 430 / 4152 loss: 3.4912195205688477
Train Epoch: 96 steps: 440 / 4152 loss: 3.3857889652252195
Train Epoch: 96 steps: 450 / 4152 loss: 3.495143699645996
Train Epoch: 96 steps: 460 / 4152 loss: 3.4281348466873167
Train Epoch: 96 steps: 470 / 4152 loss: 3.4714404582977294
Train Epoch: 96 steps: 480 / 4152 loss: 3.4069534063339235
Train Epoch: 96 steps: 490 / 4152 loss: 3.4101711750030517
Train Epoch: 96 steps: 500 / 4152 loss: 3.419273281097412
Train Epoch: 96 steps: 510 / 4152 loss: 3.480713129043579
Train Epoch: 96 steps: 520 / 4152 loss: 3.4398013830184935
Train Epoch: 96 steps: 530 / 4152 loss: 3.402917242050171
Train Epoch: 96 steps: 540 / 4152 loss: 3.3882585525512696
Train Epoch: 96 steps: 550 / 4152 loss: 3.432818150520325
Train Epoch: 96 steps: 560 / 4152 loss: 3.4501685380935667
Train Epoch: 96 steps: 570 / 4152 loss: 3.4385381937026978
Train Epoch: 96 steps: 580 / 4152 loss: 3.416203331947327
Train Epoch: 96 steps: 590 / 4152 loss: 3.41004319190979
Train Epoch: 96 steps: 600 / 4152 loss: 3.429655981063843
Train Epoch: 96 steps: 610 / 4152 loss: 3.4916858673095703
Train Epoch: 96 steps: 620 / 4152 loss: 3.401892590522766
Train Epoch: 96 steps: 630 / 4152 loss: 3.4262181758880614
Train Epoch: 96 steps: 640 / 4152 loss: 3.452876853942871
Train Epoch: 96 steps: 650 / 4152 loss: 3.397021746635437
Train Epoch: 96 steps: 660 / 4152 loss: 3.3963825941085815
Train Epoch: 96 steps: 670 / 4152 loss: 3.5052974939346315
Train Epoch: 96 steps: 680 / 4152 loss: 3.4226879835128785
Train Epoch: 96 steps: 690 / 4152 loss: 3.443406653404236
Train Epoch: 96 steps: 700 / 4152 loss: 3.5020680665969848
Train Epoch: 96 steps: 710 / 4152 loss: 3.057458734512329
Train Epoch: 96 steps: 720 / 4152 loss: 3.3759690523147583
Train Epoch: 96 steps: 730 / 4152 loss: 3.4997395277023315
Train Epoch: 96 steps: 740 / 4152 loss: 3.379150652885437
Train Epoch: 96 steps: 750 / 4152 loss: 3.3791410446166994
Train Epoch: 96 steps: 760 / 4152 loss: 3.4128374099731444
Train Epoch: 96 steps: 770 / 4152 loss: 3.424018144607544
Train Epoch: 96 steps: 780 / 4152 loss: 3.4097545385360717
Train Epoch: 96 steps: 790 / 4152 loss: 3.3122299194335936
Train Epoch: 96 steps: 800 / 4152 loss: 3.4644710063934325
Train Epoch: 96 steps: 810 / 4152 loss: 3.388728165626526
Train Epoch: 96 steps: 820 / 4152 loss: 3.3378435611724853
Train Epoch: 96 steps: 830 / 4152 loss: 3.49862003326416
Train Epoch: 96 steps: 840 / 4152 loss: 3.41252760887146
Train Epoch: 96 steps: 850 / 4152 loss: 3.3508374452590943
Train Epoch: 96 steps: 860 / 4152 loss: 3.4110607147216796
Train Epoch: 96 steps: 870 / 4152 loss: 3.469842481613159
Train Epoch: 96 steps: 880 / 4152 loss: 3.4294917345047
Train Epoch: 96 steps: 890 / 4152 loss: 3.4960652351379395
Train Epoch: 96 steps: 900 / 4152 loss: 3.4698797464370728
Train Epoch: 96 steps: 910 / 4152 loss: 3.422331428527832
Train Epoch: 96 steps: 920 / 4152 loss: 3.5374441862106325
Train Epoch: 96 steps: 930 / 4152 loss: 3.4710544109344483
Train Epoch: 96 steps: 940 / 4152 loss: 3.4519188165664674
Train Epoch: 96 steps: 950 / 4152 loss: 3.3884451389312744
Train Epoch: 96 steps: 960 / 4152 loss: 3.4241294860839844
Train Epoch: 96 steps: 970 / 4152 loss: 3.3522687435150145
Train Epoch: 96 steps: 980 / 4152 loss: 3.480202794075012
Train Epoch: 96 steps: 990 / 4152 loss: 3.407072162628174
Train Epoch: 96 steps: 1000 / 4152 loss: 3.4029661417007446
Train Epoch: 96 steps: 1010 / 4152 loss: 3.4842647314071655
Train Epoch: 96 steps: 1020 / 4152 loss: 3.390005898475647
Train Epoch: 96 steps: 1030 / 4152 loss: 3.4331751823425294
Train Epoch: 96 steps: 1040 / 4152 loss: 3.4418664932250977
----------------------------------------Epoch: 97----------------------------------------
----------------------------------------Epoch: 97----------------------------------------
----------------------------------------Epoch: 97----------------------------------------
----------------------------------------Epoch: 97----------------------------------------
Train Epoch: 97 steps: 0 / 4152 loss: 0.3564204216003418
Train Epoch: 97 steps: 10 / 4152 loss: 3.489039969444275
Train Epoch: 97 steps: 20 / 4152 loss: 3.4294896602630613
Train Epoch: 97 steps: 30 / 4152 loss: 3.4661893606185914
Train Epoch: 97 steps: 40 / 4152 loss: 3.3659364700317385
Train Epoch: 97 steps: 50 / 4152 loss: 3.4180805683135986
Train Epoch: 97 steps: 60 / 4152 loss: 3.522979807853699
Train Epoch: 97 steps: 70 / 4152 loss: 3.4763880252838133
Train Epoch: 97 steps: 80 / 4152 loss: 3.3519710540771483
Train Epoch: 97 steps: 90 / 4152 loss: 3.472449469566345
Train Epoch: 97 steps: 100 / 4152 loss: 3.254941773414612
Train Epoch: 97 steps: 110 / 4152 loss: 3.437811040878296
Train Epoch: 97 steps: 120 / 4152 loss: 3.430779528617859
Train Epoch: 97 steps: 130 / 4152 loss: 3.41578950881958
Train Epoch: 97 steps: 140 / 4152 loss: 3.3864335298538206
Train Epoch: 97 steps: 150 / 4152 loss: 3.45038161277771
Train Epoch: 97 steps: 160 / 4152 loss: 3.3909061908721925
Train Epoch: 97 steps: 170 / 4152 loss: 3.4215086936950683
Train Epoch: 97 steps: 180 / 4152 loss: 3.332696962356567
Train Epoch: 97 steps: 190 / 4152 loss: 3.4672685146331785
Train Epoch: 97 steps: 200 / 4152 loss: 3.413761043548584
Train Epoch: 97 steps: 210 / 4152 loss: 3.4680211305618287
Train Epoch: 97 steps: 220 / 4152 loss: 3.4412665367126465
Train Epoch: 97 steps: 230 / 4152 loss: 3.4845073938369753
Train Epoch: 97 steps: 240 / 4152 loss: 3.4789087057113646
Train Epoch: 97 steps: 250 / 4152 loss: 3.3540091276168824
Train Epoch: 97 steps: 260 / 4152 loss: 3.378275179862976
Train Epoch: 97 steps: 270 / 4152 loss: 3.441775846481323
Train Epoch: 97 steps: 280 / 4152 loss: 3.500362515449524
Train Epoch: 97 steps: 290 / 4152 loss: 3.4504134893417358
Train Epoch: 97 steps: 300 / 4152 loss: 3.5081449270248415
Train Epoch: 97 steps: 310 / 4152 loss: 3.491013693809509
Train Epoch: 97 steps: 320 / 4152 loss: 3.386983847618103
Train Epoch: 97 steps: 330 / 4152 loss: 3.4354894161224365
Train Epoch: 97 steps: 340 / 4152 loss: 3.544112467765808
Train Epoch: 97 steps: 350 / 4152 loss: 3.4734070539474486
Train Epoch: 97 steps: 360 / 4152 loss: 3.4176270008087157
Train Epoch: 97 steps: 370 / 4152 loss: 3.4216347217559813
Train Epoch: 97 steps: 380 / 4152 loss: 3.4113043546676636
Train Epoch: 97 steps: 390 / 4152 loss: 3.510510277748108
Train Epoch: 97 steps: 400 / 4152 loss: 3.424299955368042
Train Epoch: 97 steps: 410 / 4152 loss: 3.387920379638672
Train Epoch: 97 steps: 420 / 4152 loss: 3.477752375602722
Train Epoch: 97 steps: 430 / 4152 loss: 3.4140414714813234
Train Epoch: 97 steps: 440 / 4152 loss: 3.4759127616882326
Train Epoch: 97 steps: 450 / 4152 loss: 3.4886269092559816
Train Epoch: 97 steps: 460 / 4152 loss: 3.4469672203063966
Train Epoch: 97 steps: 470 / 4152 loss: 3.4225130558013914
Train Epoch: 97 steps: 480 / 4152 loss: 3.3176864624023437
Train Epoch: 97 steps: 490 / 4152 loss: 3.406951069831848
Train Epoch: 97 steps: 500 / 4152 loss: 3.3164466857910155
Train Epoch: 97 steps: 510 / 4152 loss: 3.437149906158447
Train Epoch: 97 steps: 520 / 4152 loss: 3.470852088928223
Train Epoch: 97 steps: 530 / 4152 loss: 3.391283321380615
Train Epoch: 97 steps: 540 / 4152 loss: 3.407953715324402
Train Epoch: 97 steps: 550 / 4152 loss: 3.4221020936965942
Train Epoch: 97 steps: 560 / 4152 loss: 3.409998965263367
Train Epoch: 97 steps: 570 / 4152 loss: 3.4155832290649415
Train Epoch: 97 steps: 580 / 4152 loss: 3.4603922367095947
Train Epoch: 97 steps: 590 / 4152 loss: 3.4304563999176025
Train Epoch: 97 steps: 600 / 4152 loss: 3.390641617774963
Train Epoch: 97 steps: 610 / 4152 loss: 3.4461068153381347
Train Epoch: 97 steps: 620 / 4152 loss: 3.4205077648162843
Train Epoch: 97 steps: 630 / 4152 loss: 3.3472543478012087
Train Epoch: 97 steps: 640 / 4152 loss: 3.4625545740127563
Train Epoch: 97 steps: 650 / 4152 loss: 3.3881389617919924
Train Epoch: 97 steps: 660 / 4152 loss: 3.4580967664718627
Train Epoch: 97 steps: 670 / 4152 loss: 3.5058154821395875
Train Epoch: 97 steps: 680 / 4152 loss: 3.4589584350585936
Train Epoch: 97 steps: 690 / 4152 loss: 3.3618175268173216
Train Epoch: 97 steps: 700 / 4152 loss: 2.990704798698425
Train Epoch: 97 steps: 710 / 4152 loss: 3.414489197731018
Train Epoch: 97 steps: 720 / 4152 loss: 3.4002541065216065
Train Epoch: 97 steps: 730 / 4152 loss: 3.3529067277908324
Train Epoch: 97 steps: 740 / 4152 loss: 3.5002994298934937
Train Epoch: 97 steps: 750 / 4152 loss: 3.4369985580444338
Train Epoch: 97 steps: 760 / 4152 loss: 3.430512285232544
Train Epoch: 97 steps: 770 / 4152 loss: 3.381269097328186
Train Epoch: 97 steps: 780 / 4152 loss: 3.4044140100479128
Train Epoch: 97 steps: 790 / 4152 loss: 3.371242070198059
Train Epoch: 97 steps: 800 / 4152 loss: 3.4350011348724365
Train Epoch: 97 steps: 810 / 4152 loss: 3.400016927719116
Train Epoch: 97 steps: 820 / 4152 loss: 3.422384166717529
Train Epoch: 97 steps: 830 / 4152 loss: 3.450100898742676
Train Epoch: 97 steps: 840 / 4152 loss: 3.4481393337249755
Train Epoch: 97 steps: 850 / 4152 loss: 3.2638354778289793
Train Epoch: 97 steps: 860 / 4152 loss: 3.529824733734131
Train Epoch: 97 steps: 870 / 4152 loss: 3.403560471534729
Train Epoch: 97 steps: 880 / 4152 loss: 3.4340996742248535
Train Epoch: 97 steps: 890 / 4152 loss: 3.39092903137207
Train Epoch: 97 steps: 900 / 4152 loss: 3.3880935192108153
Train Epoch: 97 steps: 910 / 4152 loss: 3.500856041908264
Train Epoch: 97 steps: 920 / 4152 loss: 3.5101478815078737
Train Epoch: 97 steps: 930 / 4152 loss: 3.129353666305542
Train Epoch: 97 steps: 940 / 4152 loss: 3.3941067695617675
Train Epoch: 97 steps: 950 / 4152 loss: 3.370629072189331
Train Epoch: 97 steps: 960 / 4152 loss: 3.3620542764663695
Train Epoch: 97 steps: 970 / 4152 loss: 3.4868290424346924
Train Epoch: 97 steps: 980 / 4152 loss: 3.423810362815857
Train Epoch: 97 steps: 990 / 4152 loss: 3.493726873397827
Train Epoch: 97 steps: 1000 / 4152 loss: 3.499002695083618
Train Epoch: 97 steps: 1010 / 4152 loss: 3.504049849510193
Train Epoch: 97 steps: 1020 / 4152 loss: 3.459500026702881
Train Epoch: 97 steps: 1030 / 4152 loss: 3.5321122884750364
Train Epoch: 97 steps: 1040 / 4152 loss: 3.3728960275650026
----------------------------------------Epoch: 98----------------------------------------
----------------------------------------Epoch: 98----------------------------------------
----------------------------------------Epoch: 98----------------------------------------
----------------------------------------Epoch: 98----------------------------------------
Train Epoch: 98 steps: 0 / 4152 loss: 0.3597356081008911
Train Epoch: 98 steps: 10 / 4152 loss: 3.4439637660980225
Train Epoch: 98 steps: 20 / 4152 loss: 3.5084331750869753
Train Epoch: 98 steps: 30 / 4152 loss: 3.3865302085876463
Train Epoch: 98 steps: 40 / 4152 loss: 3.3232314825057983
Train Epoch: 98 steps: 50 / 4152 loss: 3.4716042280197144
Train Epoch: 98 steps: 60 / 4152 loss: 3.4434048175811767
Train Epoch: 98 steps: 70 / 4152 loss: 3.5200195789337156
Train Epoch: 98 steps: 80 / 4152 loss: 3.382617211341858
Train Epoch: 98 steps: 90 / 4152 loss: 3.492859435081482
Train Epoch: 98 steps: 100 / 4152 loss: 3.4599281311035157
Train Epoch: 98 steps: 110 / 4152 loss: 3.4370646715164184
Train Epoch: 98 steps: 120 / 4152 loss: 3.4359030961990356
Train Epoch: 98 steps: 130 / 4152 loss: 3.438382959365845
Train Epoch: 98 steps: 140 / 4152 loss: 3.348581624031067
Train Epoch: 98 steps: 150 / 4152 loss: 3.3505532264709474
Train Epoch: 98 steps: 160 / 4152 loss: 3.4189091682434083
Train Epoch: 98 steps: 170 / 4152 loss: 3.3173866987228395
Train Epoch: 98 steps: 180 / 4152 loss: 3.4952603578567505
Train Epoch: 98 steps: 190 / 4152 loss: 3.482449269294739
Train Epoch: 98 steps: 200 / 4152 loss: 3.4454060316085817
Train Epoch: 98 steps: 210 / 4152 loss: 3.388877010345459
Train Epoch: 98 steps: 220 / 4152 loss: 3.445020079612732
Train Epoch: 98 steps: 230 / 4152 loss: 3.5064946174621583
Train Epoch: 98 steps: 240 / 4152 loss: 3.4792569160461424
Train Epoch: 98 steps: 250 / 4152 loss: 3.4112777948379516
Train Epoch: 98 steps: 260 / 4152 loss: 3.499054431915283
Train Epoch: 98 steps: 270 / 4152 loss: 3.431116008758545
Train Epoch: 98 steps: 280 / 4152 loss: 3.410978388786316
Train Epoch: 98 steps: 290 / 4152 loss: 3.4542940855026245
Train Epoch: 98 steps: 300 / 4152 loss: 3.466193962097168
Train Epoch: 98 steps: 310 / 4152 loss: 3.5358945608139036
Train Epoch: 98 steps: 320 / 4152 loss: 3.4817212343215944
Train Epoch: 98 steps: 330 / 4152 loss: 3.3291632652282717
Train Epoch: 98 steps: 340 / 4152 loss: 3.4540701627731325
Train Epoch: 98 steps: 350 / 4152 loss: 3.511635994911194
Train Epoch: 98 steps: 360 / 4152 loss: 3.4549645662307737
Train Epoch: 98 steps: 370 / 4152 loss: 3.4488776683807374
Train Epoch: 98 steps: 380 / 4152 loss: 3.354650139808655
Train Epoch: 98 steps: 390 / 4152 loss: 3.433590888977051
Train Epoch: 98 steps: 400 / 4152 loss: 3.4169820070266725
Train Epoch: 98 steps: 410 / 4152 loss: 3.433215594291687
Train Epoch: 98 steps: 420 / 4152 loss: 3.5402031421661375
Train Epoch: 98 steps: 430 / 4152 loss: 3.4969778060913086
Train Epoch: 98 steps: 440 / 4152 loss: 3.4166359424591066
Train Epoch: 98 steps: 450 / 4152 loss: 3.424718475341797
Train Epoch: 98 steps: 460 / 4152 loss: 3.4289655685424805
Train Epoch: 98 steps: 470 / 4152 loss: 3.4523770809173584
Train Epoch: 98 steps: 480 / 4152 loss: 3.4470084428787233
Train Epoch: 98 steps: 490 / 4152 loss: 3.417257046699524
Train Epoch: 98 steps: 500 / 4152 loss: 3.338399124145508
Train Epoch: 98 steps: 510 / 4152 loss: 3.407144570350647
Train Epoch: 98 steps: 520 / 4152 loss: 3.424716424942017
Train Epoch: 98 steps: 530 / 4152 loss: 3.3634469985961912
Train Epoch: 98 steps: 540 / 4152 loss: 3.42868115901947
Train Epoch: 98 steps: 550 / 4152 loss: 3.4726592302322388
Train Epoch: 98 steps: 560 / 4152 loss: 3.547868490219116
Train Epoch: 98 steps: 570 / 4152 loss: 3.405334949493408
Train Epoch: 98 steps: 580 / 4152 loss: 3.3801478147506714
Train Epoch: 98 steps: 590 / 4152 loss: 3.40826358795166
Train Epoch: 98 steps: 600 / 4152 loss: 3.4325820922851564
Train Epoch: 98 steps: 610 / 4152 loss: 3.497805094718933
Train Epoch: 98 steps: 620 / 4152 loss: 3.425928235054016
Train Epoch: 98 steps: 630 / 4152 loss: 3.30308518409729
Train Epoch: 98 steps: 640 / 4152 loss: 3.430664038658142
Train Epoch: 98 steps: 650 / 4152 loss: 3.426820087432861
Train Epoch: 98 steps: 660 / 4152 loss: 3.34797887802124
Train Epoch: 98 steps: 670 / 4152 loss: 3.5081941366195677
Train Epoch: 98 steps: 680 / 4152 loss: 3.3774894952774046
Train Epoch: 98 steps: 690 / 4152 loss: 3.3889013290405274
Train Epoch: 98 steps: 700 / 4152 loss: 3.365478277206421
Train Epoch: 98 steps: 710 / 4152 loss: 3.398343086242676
Train Epoch: 98 steps: 720 / 4152 loss: 3.44107871055603
Train Epoch: 98 steps: 730 / 4152 loss: 3.4013275861740113
Train Epoch: 98 steps: 740 / 4152 loss: 3.1133902311325072
Train Epoch: 98 steps: 750 / 4152 loss: 3.3382606506347656
Train Epoch: 98 steps: 760 / 4152 loss: 3.4345155715942384
Train Epoch: 98 steps: 770 / 4152 loss: 3.4450486660003663
Train Epoch: 98 steps: 780 / 4152 loss: 3.469188594818115
Train Epoch: 98 steps: 790 / 4152 loss: 3.4100761890411375
Train Epoch: 98 steps: 800 / 4152 loss: 3.4742767572402955
Train Epoch: 98 steps: 810 / 4152 loss: 3.423101472854614
Train Epoch: 98 steps: 820 / 4152 loss: 3.410362195968628
Train Epoch: 98 steps: 830 / 4152 loss: 3.4651249647140503
Train Epoch: 98 steps: 840 / 4152 loss: 3.4055708169937136
Train Epoch: 98 steps: 850 / 4152 loss: 3.412584686279297
Train Epoch: 98 steps: 860 / 4152 loss: 3.510994052886963
Train Epoch: 98 steps: 870 / 4152 loss: 3.3911768913269045
Train Epoch: 98 steps: 880 / 4152 loss: 3.5010523080825804
Train Epoch: 98 steps: 890 / 4152 loss: 3.472350597381592
Train Epoch: 98 steps: 900 / 4152 loss: 3.4716765165328978
Train Epoch: 98 steps: 910 / 4152 loss: 3.4646414279937745
Train Epoch: 98 steps: 920 / 4152 loss: 3.3875821828842163
Train Epoch: 98 steps: 930 / 4152 loss: 3.4520986557006834
Train Epoch: 98 steps: 940 / 4152 loss: 3.4056726932525634
Train Epoch: 98 steps: 950 / 4152 loss: 3.314052772521973
Train Epoch: 98 steps: 960 / 4152 loss: 3.4715415954589846
Train Epoch: 98 steps: 970 / 4152 loss: 3.4093157768249513
Train Epoch: 98 steps: 980 / 4152 loss: 3.4693683862686155
Train Epoch: 98 steps: 990 / 4152 loss: 3.406548595428467
Train Epoch: 98 steps: 1000 / 4152 loss: 3.41199471950531
Train Epoch: 98 steps: 1010 / 4152 loss: 3.3696070432662966
Train Epoch: 98 steps: 1020 / 4152 loss: 3.5517907619476317
Train Epoch: 98 steps: 1030 / 4152 loss: 3.387740468978882
Train Epoch: 98 steps: 1040 / 4152 loss: 3.4253824234008787
----------------------------------------Epoch: 99----------------------------------------
----------------------------------------Epoch: 99----------------------------------------
----------------------------------------Epoch: 99----------------------------------------
----------------------------------------Epoch: 99----------------------------------------
Train Epoch: 99 steps: 0 / 4152 loss: 0.3200701713562012
Train Epoch: 99 steps: 10 / 4152 loss: 3.4789992332458497
Train Epoch: 99 steps: 20 / 4152 loss: 3.481038236618042
Train Epoch: 99 steps: 30 / 4152 loss: 3.4677898406982424
Train Epoch: 99 steps: 40 / 4152 loss: 3.4529761552810667
Train Epoch: 99 steps: 50 / 4152 loss: 3.3837306261062623
Train Epoch: 99 steps: 60 / 4152 loss: 3.488385248184204
Train Epoch: 99 steps: 70 / 4152 loss: 3.464057993888855
Train Epoch: 99 steps: 80 / 4152 loss: 3.335439920425415
Train Epoch: 99 steps: 90 / 4152 loss: 3.409010410308838
Train Epoch: 99 steps: 100 / 4152 loss: 3.350763463973999
Train Epoch: 99 steps: 110 / 4152 loss: 3.483897590637207
Train Epoch: 99 steps: 120 / 4152 loss: 3.412499761581421
Train Epoch: 99 steps: 130 / 4152 loss: 3.4682561635971068
Train Epoch: 99 steps: 140 / 4152 loss: 3.4572532415390014
Train Epoch: 99 steps: 150 / 4152 loss: 3.5561459064483643
Train Epoch: 99 steps: 160 / 4152 loss: 3.4502689361572267
Train Epoch: 99 steps: 170 / 4152 loss: 3.4445302724838256
Train Epoch: 99 steps: 180 / 4152 loss: 3.4509228467941284
Train Epoch: 99 steps: 190 / 4152 loss: 3.4708118438720703
Train Epoch: 99 steps: 200 / 4152 loss: 3.3984418630599977
Train Epoch: 99 steps: 210 / 4152 loss: 3.4954115390777587
Train Epoch: 99 steps: 220 / 4152 loss: 3.452182984352112
Train Epoch: 99 steps: 230 / 4152 loss: 3.399770474433899
Train Epoch: 99 steps: 240 / 4152 loss: 3.4442997932434083
Train Epoch: 99 steps: 250 / 4152 loss: 3.376083159446716
Train Epoch: 99 steps: 260 / 4152 loss: 3.4659291744232177
Train Epoch: 99 steps: 270 / 4152 loss: 3.486938548088074
Train Epoch: 99 steps: 280 / 4152 loss: 3.4292137145996096
Train Epoch: 99 steps: 290 / 4152 loss: 3.4724955797195434
Train Epoch: 99 steps: 300 / 4152 loss: 3.4376574993133544
Train Epoch: 99 steps: 310 / 4152 loss: 3.5083338737487795
Train Epoch: 99 steps: 320 / 4152 loss: 3.5188279151916504
Train Epoch: 99 steps: 330 / 4152 loss: 3.4793933391571046
Train Epoch: 99 steps: 340 / 4152 loss: 3.4420515298843384
Train Epoch: 99 steps: 350 / 4152 loss: 3.438100504875183
Train Epoch: 99 steps: 360 / 4152 loss: 3.4808228731155397
Train Epoch: 99 steps: 370 / 4152 loss: 3.4076558351516724
Train Epoch: 99 steps: 380 / 4152 loss: 3.393138599395752
Train Epoch: 99 steps: 390 / 4152 loss: 3.377295231819153
Train Epoch: 99 steps: 400 / 4152 loss: 3.3212414979934692
Train Epoch: 99 steps: 410 / 4152 loss: 3.4004883050918577
Train Epoch: 99 steps: 420 / 4152 loss: 3.540682315826416
Train Epoch: 99 steps: 430 / 4152 loss: 3.4014955520629884
Train Epoch: 99 steps: 440 / 4152 loss: 3.4644030332565308
Train Epoch: 99 steps: 450 / 4152 loss: 3.404109740257263
Train Epoch: 99 steps: 460 / 4152 loss: 3.363119959831238
Train Epoch: 99 steps: 470 / 4152 loss: 3.425431489944458
Train Epoch: 99 steps: 480 / 4152 loss: 3.4785699605941773
Train Epoch: 99 steps: 490 / 4152 loss: 3.467431426048279
Train Epoch: 99 steps: 500 / 4152 loss: 3.3942873001098635
Train Epoch: 99 steps: 510 / 4152 loss: 3.417285442352295
Train Epoch: 99 steps: 520 / 4152 loss: 3.4052668809890747
Train Epoch: 99 steps: 530 / 4152 loss: 3.4088757991790772
Train Epoch: 99 steps: 540 / 4152 loss: 3.3843311309814452
Train Epoch: 99 steps: 550 / 4152 loss: 3.3083762645721437
Train Epoch: 99 steps: 560 / 4152 loss: 3.3701196193695067
Train Epoch: 99 steps: 570 / 4152 loss: 3.477325439453125
Train Epoch: 99 steps: 580 / 4152 loss: 3.443354272842407
Train Epoch: 99 steps: 590 / 4152 loss: 3.4831043481826782
Train Epoch: 99 steps: 600 / 4152 loss: 3.389736700057983
Train Epoch: 99 steps: 610 / 4152 loss: 3.3927286148071287
Train Epoch: 99 steps: 620 / 4152 loss: 3.403435206413269
Train Epoch: 99 steps: 630 / 4152 loss: 3.388596773147583
Train Epoch: 99 steps: 640 / 4152 loss: 3.4076499223709105
Train Epoch: 99 steps: 650 / 4152 loss: 3.4268972396850588
Train Epoch: 99 steps: 660 / 4152 loss: 3.538842558860779
Train Epoch: 99 steps: 670 / 4152 loss: 3.2931059837341308
Train Epoch: 99 steps: 680 / 4152 loss: 3.431481122970581
Train Epoch: 99 steps: 690 / 4152 loss: 3.4375338315963746
Train Epoch: 99 steps: 700 / 4152 loss: 3.4364503622055054
Train Epoch: 99 steps: 710 / 4152 loss: 3.4091915130615233
Train Epoch: 99 steps: 720 / 4152 loss: 3.410254716873169
Train Epoch: 99 steps: 730 / 4152 loss: 3.479153800010681
Train Epoch: 99 steps: 740 / 4152 loss: 3.372875428199768
Train Epoch: 99 steps: 750 / 4152 loss: 3.427731990814209
Train Epoch: 99 steps: 760 / 4152 loss: 3.3652438879013062
Train Epoch: 99 steps: 770 / 4152 loss: 3.332541656494141
Train Epoch: 99 steps: 780 / 4152 loss: 3.3784992933273315
Train Epoch: 99 steps: 790 / 4152 loss: 3.476790428161621
Train Epoch: 99 steps: 800 / 4152 loss: 3.3822396755218507
Train Epoch: 99 steps: 810 / 4152 loss: 3.446401333808899
Train Epoch: 99 steps: 820 / 4152 loss: 3.3883892059326173
Train Epoch: 99 steps: 830 / 4152 loss: 3.4306158065795898
Train Epoch: 99 steps: 840 / 4152 loss: 3.4380889415740965
Train Epoch: 99 steps: 850 / 4152 loss: 3.4120237588882447
Train Epoch: 99 steps: 860 / 4152 loss: 3.5048966646194457
Train Epoch: 99 steps: 870 / 4152 loss: 3.3999924182891847
Train Epoch: 99 steps: 880 / 4152 loss: 3.447792339324951
Train Epoch: 99 steps: 890 / 4152 loss: 3.33631055355072
Train Epoch: 99 steps: 900 / 4152 loss: 3.463758659362793
Train Epoch: 99 steps: 910 / 4152 loss: 3.349670720100403
Train Epoch: 99 steps: 920 / 4152 loss: 3.4274229526519777
Train Epoch: 99 steps: 930 / 4152 loss: 3.487104964256287
Train Epoch: 99 steps: 940 / 4152 loss: 3.334701323509216
Train Epoch: 99 steps: 950 / 4152 loss: 3.349786376953125
Train Epoch: 99 steps: 960 / 4152 loss: 3.4200504302978514
Train Epoch: 99 steps: 970 / 4152 loss: 3.45233416557312
Train Epoch: 99 steps: 980 / 4152 loss: 3.395032525062561
Train Epoch: 99 steps: 990 / 4152 loss: 3.3992604494094847
Train Epoch: 99 steps: 1000 / 4152 loss: 3.4392901420593263
Train Epoch: 99 steps: 1010 / 4152 loss: 3.4316641807556154
Train Epoch: 99 steps: 1020 / 4152 loss: 3.3208665370941164
Train Epoch: 99 steps: 1030 / 4152 loss: 3.3885820865631104
Train Epoch: 99 steps: 1040 / 4152 loss: 3.3762202501296996
----------------------------------------Epoch: 100----------------------------------------
----------------------------------------Epoch: 100----------------------------------------
----------------------------------------Epoch: 100----------------------------------------
----------------------------------------Epoch: 100----------------------------------------
Train Epoch: 100 steps: 0 / 4152 loss: 0.3511418342590332
Train Epoch: 100 steps: 10 / 4152 loss: 3.5039530038833617
Train Epoch: 100 steps: 20 / 4152 loss: 3.4675377130508425
Train Epoch: 100 steps: 30 / 4152 loss: 3.457584595680237
Train Epoch: 100 steps: 40 / 4152 loss: 3.4183488368988035
Train Epoch: 100 steps: 50 / 4152 loss: 3.354783320426941
Train Epoch: 100 steps: 60 / 4152 loss: 3.3454024314880373
Train Epoch: 100 steps: 70 / 4152 loss: 3.5454588413238524
Train Epoch: 100 steps: 80 / 4152 loss: 3.313110899925232
Train Epoch: 100 steps: 90 / 4152 loss: 3.488334321975708
Train Epoch: 100 steps: 100 / 4152 loss: 3.3894384145736693
Train Epoch: 100 steps: 110 / 4152 loss: 3.3836052417755127
Train Epoch: 100 steps: 120 / 4152 loss: 3.397620606422424
Train Epoch: 100 steps: 130 / 4152 loss: 3.361681342124939
Train Epoch: 100 steps: 140 / 4152 loss: 3.4129186868667603
Train Epoch: 100 steps: 150 / 4152 loss: 3.461431312561035
Train Epoch: 100 steps: 160 / 4152 loss: 3.3313905715942385
Train Epoch: 100 steps: 170 / 4152 loss: 3.3656390428543093
Train Epoch: 100 steps: 180 / 4152 loss: 3.4721030712127687
Train Epoch: 100 steps: 190 / 4152 loss: 3.4221880435943604
Train Epoch: 100 steps: 200 / 4152 loss: 3.484428572654724
Train Epoch: 100 steps: 210 / 4152 loss: 3.3891134738922117
Train Epoch: 100 steps: 220 / 4152 loss: 3.446647787094116
Train Epoch: 100 steps: 230 / 4152 loss: 3.351198649406433
Train Epoch: 100 steps: 240 / 4152 loss: 3.4019200086593626
Train Epoch: 100 steps: 250 / 4152 loss: 3.490050268173218
Train Epoch: 100 steps: 260 / 4152 loss: 3.4120648860931397
Train Epoch: 100 steps: 270 / 4152 loss: 3.393748164176941
Train Epoch: 100 steps: 280 / 4152 loss: 3.480073928833008
Train Epoch: 100 steps: 290 / 4152 loss: 3.4867748022079468
Train Epoch: 100 steps: 300 / 4152 loss: 3.417978858947754
Train Epoch: 100 steps: 310 / 4152 loss: 3.4267483949661255
Train Epoch: 100 steps: 320 / 4152 loss: 3.326027822494507
Train Epoch: 100 steps: 330 / 4152 loss: 3.4262356758117676
Train Epoch: 100 steps: 340 / 4152 loss: 3.421543550491333
Train Epoch: 100 steps: 350 / 4152 loss: 3.4666412115097045
Train Epoch: 100 steps: 360 / 4152 loss: 3.446331834793091
Train Epoch: 100 steps: 370 / 4152 loss: 3.4951515436172484
Train Epoch: 100 steps: 380 / 4152 loss: 3.364487147331238
Train Epoch: 100 steps: 390 / 4152 loss: 3.4465274810791016
Train Epoch: 100 steps: 400 / 4152 loss: 3.4140804290771483
Train Epoch: 100 steps: 410 / 4152 loss: 3.4116722106933595
Train Epoch: 100 steps: 420 / 4152 loss: 3.437265706062317
Train Epoch: 100 steps: 430 / 4152 loss: 3.4032488107681274
Train Epoch: 100 steps: 440 / 4152 loss: 3.4218399047851564
Train Epoch: 100 steps: 450 / 4152 loss: 3.3372337102890013
Train Epoch: 100 steps: 460 / 4152 loss: 3.47726833820343
Train Epoch: 100 steps: 470 / 4152 loss: 3.4158710718154905
Train Epoch: 100 steps: 480 / 4152 loss: 3.432003545761108
Train Epoch: 100 steps: 490 / 4152 loss: 3.3454795122146606
Train Epoch: 100 steps: 500 / 4152 loss: 3.4618486166000366
Train Epoch: 100 steps: 510 / 4152 loss: 3.4245273590087892
Train Epoch: 100 steps: 520 / 4152 loss: 3.386080002784729
Train Epoch: 100 steps: 530 / 4152 loss: 3.3978924989700316
Train Epoch: 100 steps: 540 / 4152 loss: 3.5350367069244384
Train Epoch: 100 steps: 550 / 4152 loss: 3.4744529485702516
Train Epoch: 100 steps: 560 / 4152 loss: 3.4794716596603394
Train Epoch: 100 steps: 570 / 4152 loss: 3.353739833831787
Train Epoch: 100 steps: 580 / 4152 loss: 3.4550617694854737
Train Epoch: 100 steps: 590 / 4152 loss: 3.4495257139205933
Train Epoch: 100 steps: 600 / 4152 loss: 3.3994486808776854
Train Epoch: 100 steps: 610 / 4152 loss: 3.3447088956832887
Train Epoch: 100 steps: 620 / 4152 loss: 3.370930552482605
Train Epoch: 100 steps: 630 / 4152 loss: 3.543540906906128
Train Epoch: 100 steps: 640 / 4152 loss: 3.4327353954315187
Train Epoch: 100 steps: 650 / 4152 loss: 3.5083505868911744
Train Epoch: 100 steps: 660 / 4152 loss: 3.4772899627685545
Train Epoch: 100 steps: 670 / 4152 loss: 3.4692030906677247
Train Epoch: 100 steps: 680 / 4152 loss: 3.4711238145828247
Train Epoch: 100 steps: 690 / 4152 loss: 3.4254796266555787
Train Epoch: 100 steps: 700 / 4152 loss: 3.4467838287353514
Train Epoch: 100 steps: 710 / 4152 loss: 3.4621713161468506
Train Epoch: 100 steps: 720 / 4152 loss: 3.4282509803771974
Train Epoch: 100 steps: 730 / 4152 loss: 3.3847734689712525
Train Epoch: 100 steps: 740 / 4152 loss: 3.4928771257400513
Train Epoch: 100 steps: 750 / 4152 loss: 3.366066741943359
Train Epoch: 100 steps: 760 / 4152 loss: 3.352695894241333
Train Epoch: 100 steps: 770 / 4152 loss: 3.296019744873047
Train Epoch: 100 steps: 780 / 4152 loss: 3.367124581336975
Train Epoch: 100 steps: 790 / 4152 loss: 3.4755303621292115
Train Epoch: 100 steps: 800 / 4152 loss: 3.390762948989868
Train Epoch: 100 steps: 810 / 4152 loss: 3.4933034658432005
Train Epoch: 100 steps: 820 / 4152 loss: 3.4975021362304686
Train Epoch: 100 steps: 830 / 4152 loss: 3.4543846368789675
Train Epoch: 100 steps: 840 / 4152 loss: 3.524300527572632
Train Epoch: 100 steps: 850 / 4152 loss: 3.486635661125183
Train Epoch: 100 steps: 860 / 4152 loss: 3.464720296859741
Train Epoch: 100 steps: 870 / 4152 loss: 3.4758594036102295
Train Epoch: 100 steps: 880 / 4152 loss: 3.3350037813186644
Train Epoch: 100 steps: 890 / 4152 loss: 3.3375620365142824
Train Epoch: 100 steps: 900 / 4152 loss: 3.434076523780823
Train Epoch: 100 steps: 910 / 4152 loss: 3.3845441818237303
Train Epoch: 100 steps: 920 / 4152 loss: 3.4453393459320067
Train Epoch: 100 steps: 930 / 4152 loss: 3.3130302667617797
Train Epoch: 100 steps: 940 / 4152 loss: 3.4437681436538696
Train Epoch: 100 steps: 950 / 4152 loss: 3.500637435913086
Train Epoch: 100 steps: 960 / 4152 loss: 3.4806610107421876
Train Epoch: 100 steps: 970 / 4152 loss: 3.2879833698272707
Train Epoch: 100 steps: 980 / 4152 loss: 3.495217299461365
Train Epoch: 100 steps: 990 / 4152 loss: 3.482818078994751
Train Epoch: 100 steps: 1000 / 4152 loss: 3.468178129196167
Train Epoch: 100 steps: 1010 / 4152 loss: 3.437992715835571
Train Epoch: 100 steps: 1020 / 4152 loss: 3.4302322626113892
Train Epoch: 100 steps: 1030 / 4152 loss: 3.486250066757202
Train Epoch: 100 steps: 1040 / 4152 loss: 3.4802646398544312
----------------------------------------Epoch: 101----------------------------------------
----------------------------------------Epoch: 101----------------------------------------
----------------------------------------Epoch: 101----------------------------------------
----------------------------------------Epoch: 101----------------------------------------
Train Epoch: 101 steps: 0 / 4152 loss: 0.36507244110107423
Train Epoch: 101 steps: 10 / 4152 loss: 3.40528781414032
Train Epoch: 101 steps: 20 / 4152 loss: 3.430447244644165
Train Epoch: 101 steps: 30 / 4152 loss: 3.4495185375213624
Train Epoch: 101 steps: 40 / 4152 loss: 3.476329207420349
Train Epoch: 101 steps: 50 / 4152 loss: 3.361703658103943
Train Epoch: 101 steps: 60 / 4152 loss: 3.3057486772537232
Train Epoch: 101 steps: 70 / 4152 loss: 3.4286887645721436
Train Epoch: 101 steps: 80 / 4152 loss: 3.328481674194336
Train Epoch: 101 steps: 90 / 4152 loss: 3.4141322135925294
Train Epoch: 101 steps: 100 / 4152 loss: 3.352451467514038
Train Epoch: 101 steps: 110 / 4152 loss: 3.52116003036499
Train Epoch: 101 steps: 120 / 4152 loss: 3.439410662651062
Train Epoch: 101 steps: 130 / 4152 loss: 3.406050181388855
Train Epoch: 101 steps: 140 / 4152 loss: 3.4381820917129517
Train Epoch: 101 steps: 150 / 4152 loss: 3.4637742757797243
Train Epoch: 101 steps: 160 / 4152 loss: 3.445481467247009
Train Epoch: 101 steps: 170 / 4152 loss: 3.413867163658142
Train Epoch: 101 steps: 180 / 4152 loss: 3.3962053775787355
Train Epoch: 101 steps: 190 / 4152 loss: 3.4103307008743284
Train Epoch: 101 steps: 200 / 4152 loss: 3.479445052146912
Train Epoch: 101 steps: 210 / 4152 loss: 3.4402002334594726
Train Epoch: 101 steps: 220 / 4152 loss: 3.4477794408798217
Train Epoch: 101 steps: 230 / 4152 loss: 3.460924506187439
Train Epoch: 101 steps: 240 / 4152 loss: 3.3164897918701173
Train Epoch: 101 steps: 250 / 4152 loss: 3.376559686660767
Train Epoch: 101 steps: 260 / 4152 loss: 3.4151429891586305
Train Epoch: 101 steps: 270 / 4152 loss: 3.505418825149536
Train Epoch: 101 steps: 280 / 4152 loss: 3.4060105800628664
Train Epoch: 101 steps: 290 / 4152 loss: 3.4706788778305055
Train Epoch: 101 steps: 300 / 4152 loss: 3.497344398498535
Train Epoch: 101 steps: 310 / 4152 loss: 3.5348103046417236
Train Epoch: 101 steps: 320 / 4152 loss: 3.4957091093063353
Train Epoch: 101 steps: 330 / 4152 loss: 3.472891402244568
Train Epoch: 101 steps: 340 / 4152 loss: 3.369207763671875
Train Epoch: 101 steps: 350 / 4152 loss: 3.4621787309646606
Train Epoch: 101 steps: 360 / 4152 loss: 3.37024347782135
Train Epoch: 101 steps: 370 / 4152 loss: 3.477899932861328
Train Epoch: 101 steps: 380 / 4152 loss: 3.4422468900680543
Train Epoch: 101 steps: 390 / 4152 loss: 3.395763564109802
Train Epoch: 101 steps: 400 / 4152 loss: 3.4556525707244874
Train Epoch: 101 steps: 410 / 4152 loss: 3.1625184297561644
Train Epoch: 101 steps: 420 / 4152 loss: 3.495387244224548
Train Epoch: 101 steps: 430 / 4152 loss: 3.4149819135665895
Train Epoch: 101 steps: 440 / 4152 loss: 3.42786328792572
Train Epoch: 101 steps: 450 / 4152 loss: 3.472822380065918
Train Epoch: 101 steps: 460 / 4152 loss: 3.388171935081482
Train Epoch: 101 steps: 470 / 4152 loss: 3.4401774644851684
Train Epoch: 101 steps: 480 / 4152 loss: 3.4349400997161865
Train Epoch: 101 steps: 490 / 4152 loss: 3.38067786693573
Train Epoch: 101 steps: 500 / 4152 loss: 3.4248873472213743
Train Epoch: 101 steps: 510 / 4152 loss: 3.5158351182937624
Train Epoch: 101 steps: 520 / 4152 loss: 3.555742788314819
Train Epoch: 101 steps: 530 / 4152 loss: 3.3695861101150513
Train Epoch: 101 steps: 540 / 4152 loss: 3.082060170173645
Train Epoch: 101 steps: 550 / 4152 loss: 3.3888567209243776
Train Epoch: 101 steps: 560 / 4152 loss: 3.4308573246002196
Train Epoch: 101 steps: 570 / 4152 loss: 3.391621160507202
Train Epoch: 101 steps: 580 / 4152 loss: 3.459467625617981
Train Epoch: 101 steps: 590 / 4152 loss: 3.3984553098678587
Train Epoch: 101 steps: 600 / 4152 loss: 3.3758817434310915
Train Epoch: 101 steps: 610 / 4152 loss: 3.3594741821289062
Train Epoch: 101 steps: 620 / 4152 loss: 3.4292126893997192
Train Epoch: 101 steps: 630 / 4152 loss: 3.385015916824341
Train Epoch: 101 steps: 640 / 4152 loss: 3.472660493850708
Train Epoch: 101 steps: 650 / 4152 loss: 3.326441192626953
Train Epoch: 101 steps: 660 / 4152 loss: 3.393741178512573
Train Epoch: 101 steps: 670 / 4152 loss: 3.4298691272735597
Train Epoch: 101 steps: 680 / 4152 loss: 3.3869410514831544
Train Epoch: 101 steps: 690 / 4152 loss: 3.4026169300079347
Train Epoch: 101 steps: 700 / 4152 loss: 3.4075260162353516
Train Epoch: 101 steps: 710 / 4152 loss: 3.435383939743042
Train Epoch: 101 steps: 720 / 4152 loss: 3.442081022262573
Train Epoch: 101 steps: 730 / 4152 loss: 3.32062668800354
Train Epoch: 101 steps: 740 / 4152 loss: 3.354233813285828
Train Epoch: 101 steps: 750 / 4152 loss: 3.4446155548095705
Train Epoch: 101 steps: 760 / 4152 loss: 3.4447604179382325
Train Epoch: 101 steps: 770 / 4152 loss: 3.475409150123596
Train Epoch: 101 steps: 780 / 4152 loss: 3.371022367477417
Train Epoch: 101 steps: 790 / 4152 loss: 3.515783762931824
Train Epoch: 101 steps: 800 / 4152 loss: 3.4611377716064453
Train Epoch: 101 steps: 810 / 4152 loss: 3.423464775085449
Train Epoch: 101 steps: 820 / 4152 loss: 3.4063028573989866
Train Epoch: 101 steps: 830 / 4152 loss: 3.4166276693344115
Train Epoch: 101 steps: 840 / 4152 loss: 3.4422105312347413
Train Epoch: 101 steps: 850 / 4152 loss: 3.397956895828247
Train Epoch: 101 steps: 860 / 4152 loss: 3.4619250535964965
Train Epoch: 101 steps: 870 / 4152 loss: 3.3822704315185548
Train Epoch: 101 steps: 880 / 4152 loss: 3.4471368312835695
Train Epoch: 101 steps: 890 / 4152 loss: 3.487800621986389
Train Epoch: 101 steps: 900 / 4152 loss: 3.3683355808258058
Train Epoch: 101 steps: 910 / 4152 loss: 3.4356302499771116
Train Epoch: 101 steps: 920 / 4152 loss: 3.4572113037109373
Train Epoch: 101 steps: 930 / 4152 loss: 3.4912396907806396
Train Epoch: 101 steps: 940 / 4152 loss: 3.343904638290405
Train Epoch: 101 steps: 950 / 4152 loss: 3.4624926328659056
Train Epoch: 101 steps: 960 / 4152 loss: 3.398944926261902
Train Epoch: 101 steps: 970 / 4152 loss: 3.35018310546875
Train Epoch: 101 steps: 980 / 4152 loss: 3.3499257564544678
Train Epoch: 101 steps: 990 / 4152 loss: 3.4086004495620728
Train Epoch: 101 steps: 1000 / 4152 loss: 3.4531137228012083
Train Epoch: 101 steps: 1010 / 4152 loss: 3.5062259674072265
Train Epoch: 101 steps: 1020 / 4152 loss: 3.42046582698822
Train Epoch: 101 steps: 1030 / 4152 loss: 3.463365149497986
Train Epoch: 101 steps: 1040 / 4152 loss: 3.4665236949920653
----------------------------------------Epoch: 102----------------------------------------
----------------------------------------Epoch: 102----------------------------------------
----------------------------------------Epoch: 102----------------------------------------
----------------------------------------Epoch: 102----------------------------------------
Traceback (most recent call last):
  File "/home/xintong/EnCodec_Trainer/training_adapter_multiproc.py", line 204, in <module>
    main(params)
  File "/home/xintong/EnCodec_Trainer/training_adapter_multiproc.py", line 76, in main
    mp.spawn(run, nprocs=n_gpus, args=(n_gpus,))
  File "/home/xintong/miniconda3/envs/gradtts/lib/python3.10/site-packages/torch/multiprocessing/spawn.py", line 240, in spawn
    return start_processes(fn, args, nprocs, join, daemon, start_method='spawn')
  File "/home/xintong/miniconda3/envs/gradtts/lib/python3.10/site-packages/torch/multiprocessing/spawn.py", line 198, in start_processes
    while not context.join():
  File "/home/xintong/miniconda3/envs/gradtts/lib/python3.10/site-packages/torch/multiprocessing/spawn.py", line 140, in join
    raise ProcessExitedException(
torch.multiprocessing.spawn.ProcessExitedException: process 0 terminated with signal SIGTERM
/home/xintong/miniconda3/envs/gradtts/lib/python3.10/multiprocessing/resource_tracker.py:224: UserWarning: resource_tracker: There appear to be 128 leaked semaphore objects to clean up at shutdown
  warnings.warn('resource_tracker: There appear to be %d '
